-- MySQL dump 10.13  Distrib 8.0.42, for Win64 (x86_64)
--
-- Host: localhost    Database: mes_parafina_db
-- ------------------------------------------------------
-- Server version	8.0.43

/*!40101 SET @OLD_CHARACTER_SET_CLIENT=@@CHARACTER_SET_CLIENT */;
/*!40101 SET @OLD_CHARACTER_SET_RESULTS=@@CHARACTER_SET_RESULTS */;
/*!40101 SET @OLD_COLLATION_CONNECTION=@@COLLATION_CONNECTION */;
/*!50503 SET NAMES utf8 */;
/*!40103 SET @OLD_TIME_ZONE=@@TIME_ZONE */;
/*!40103 SET TIME_ZONE='+00:00' */;
/*!40014 SET @OLD_UNIQUE_CHECKS=@@UNIQUE_CHECKS, UNIQUE_CHECKS=0 */;
/*!40014 SET @OLD_FOREIGN_KEY_CHECKS=@@FOREIGN_KEY_CHECKS, FOREIGN_KEY_CHECKS=0 */;
/*!40101 SET @OLD_SQL_MODE=@@SQL_MODE, SQL_MODE='NO_AUTO_VALUE_ON_ZERO' */;
/*!40111 SET @OLD_SQL_NOTES=@@SQL_NOTES, SQL_NOTES=0 */;

--
-- Table structure for table `alarmy`
--

DROP TABLE IF EXISTS `alarmy`;
/*!40101 SET @saved_cs_client     = @@character_set_client */;
/*!50503 SET character_set_client = utf8mb4 */;
CREATE TABLE `alarmy` (
  `id` int NOT NULL AUTO_INCREMENT,
  `typ_alarmu` enum('TEMPERATURA','CISNIENIE','POZIOM','SYSTEM') CHARACTER SET utf8mb4 COLLATE utf8mb4_0900_ai_ci NOT NULL,
  `nazwa_sprzetu` varchar(100) CHARACTER SET utf8mb4 COLLATE utf8mb4_0900_ai_ci NOT NULL,
  `wartosc` decimal(10,2) NOT NULL,
  `limit_przekroczenia` decimal(10,2) NOT NULL,
  `czas_wystapienia` datetime NOT NULL,
  `status_alarmu` enum('AKTYWNY','POTWIERDZONY','ZAKONCZONY') CHARACTER SET utf8mb4 COLLATE utf8mb4_0900_ai_ci DEFAULT 'AKTYWNY',
  `czas_potwierdzenia` datetime DEFAULT NULL,
  `czas_zakonczenia` datetime DEFAULT NULL,
  `komentarz` text CHARACTER SET utf8mb4 COLLATE utf8mb4_0900_ai_ci,
  PRIMARY KEY (`id`)
) ENGINE=InnoDB AUTO_INCREMENT=1000 DEFAULT CHARSET=utf8mb4 COLLATE=utf8mb4_unicode_ci;
/*!40101 SET character_set_client = @saved_cs_client */;

--
-- Dumping data for table `alarmy`
--

LOCK TABLES `alarmy` WRITE;
/*!40000 ALTER TABLE `alarmy` DISABLE KEYS */;
INSERT INTO `alarmy` VALUES (143,'TEMPERATURA','R1',117.20,60.00,'2025-07-03 08:21:23','POTWIERDZONY','2025-07-03 08:37:57',NULL,NULL),(144,'TEMPERATURA','R5',126.84,120.00,'2025-07-03 08:21:23','POTWIERDZONY','2025-07-03 08:37:56',NULL,NULL),(145,'TEMPERATURA','R1',117.70,60.00,'2025-07-03 08:21:23','POTWIERDZONY','2025-07-03 08:37:54',NULL,NULL),(146,'TEMPERATURA','R5',127.33,120.00,'2025-07-03 08:21:23','POTWIERDZONY','2025-07-03 08:37:53',NULL,NULL),(147,'TEMPERATURA','R1',67.97,60.00,'2025-07-03 08:26:23','POTWIERDZONY','2025-07-03 08:38:00',NULL,NULL),(148,'TEMPERATURA','R1',68.46,60.00,'2025-07-03 08:26:23','POTWIERDZONY','2025-07-03 08:37:58',NULL,NULL),(149,'TEMPERATURA','R1',70.47,60.00,'2025-07-03 08:31:23','POTWIERDZONY','2025-07-03 08:37:50',NULL,NULL),(150,'TEMPERATURA','R1',70.96,60.00,'2025-07-03 08:31:23','POTWIERDZONY','2025-07-03 08:37:51',NULL,NULL),(151,'TEMPERATURA','R1',73.27,60.00,'2025-07-03 08:36:23','POTWIERDZONY','2025-07-03 08:37:49',NULL,NULL),(152,'TEMPERATURA','R1',80.06,60.00,'2025-07-03 08:41:23','ZAKONCZONY',NULL,'2025-07-03 08:58:22',NULL),(153,'TEMPERATURA','R1',60.08,60.00,'2025-07-03 08:56:23','ZAKONCZONY',NULL,'2025-07-03 08:58:12',NULL),(154,'TEMPERATURA','R1',60.13,60.00,'2025-07-03 09:18:26','POTWIERDZONY','2025-07-03 09:19:27',NULL,NULL),(155,'TEMPERATURA','R1',60.63,60.00,'2025-07-03 09:19:36','ZAKONCZONY',NULL,'2025-07-03 10:14:52',NULL),(156,'TEMPERATURA','R1',61.58,60.00,'2025-07-03 09:21:23','ZAKONCZONY',NULL,'2025-07-03 10:14:42',NULL),(157,'TEMPERATURA','R1',64.08,60.00,'2025-07-03 09:26:23','ZAKONCZONY',NULL,'2025-07-03 10:14:32',NULL),(158,'TEMPERATURA','R1',66.58,60.00,'2025-07-03 09:31:23','ZAKONCZONY',NULL,'2025-07-03 10:14:22',NULL),(159,'TEMPERATURA','R1',69.08,60.00,'2025-07-03 09:36:23','ZAKONCZONY',NULL,'2025-07-03 10:14:12',NULL),(160,'TEMPERATURA','R1',71.58,60.00,'2025-07-03 09:41:23','ZAKONCZONY',NULL,'2025-07-03 10:14:02',NULL),(161,'TEMPERATURA','R1',74.08,60.00,'2025-07-03 09:46:23','ZAKONCZONY',NULL,'2025-07-03 10:13:52',NULL),(162,'TEMPERATURA','R1',76.58,60.00,'2025-07-03 09:51:23','ZAKONCZONY',NULL,'2025-07-03 10:13:42',NULL),(163,'TEMPERATURA','R1',79.08,60.00,'2025-07-03 09:56:23','ZAKONCZONY',NULL,'2025-07-03 10:13:32',NULL),(164,'TEMPERATURA','R1',81.58,60.00,'2025-07-03 10:01:23','ZAKONCZONY',NULL,'2025-07-03 10:13:22',NULL),(165,'TEMPERATURA','R1',83.65,60.00,'2025-07-03 10:06:23','ZAKONCZONY',NULL,'2025-07-03 10:13:12',NULL),(166,'TEMPERATURA','R2',120.42,120.00,'2025-07-03 10:10:25','ZAKONCZONY',NULL,'2025-07-03 10:13:22',NULL),(167,'TEMPERATURA','R3',120.38,120.00,'2025-07-03 10:10:25','ZAKONCZONY',NULL,'2025-07-03 10:13:22',NULL),(168,'TEMPERATURA','R4',120.34,120.00,'2025-07-03 10:10:25','ZAKONCZONY',NULL,'2025-07-03 10:13:22',NULL),(169,'TEMPERATURA','R5',120.31,120.00,'2025-07-03 10:10:25','ZAKONCZONY',NULL,'2025-07-03 10:13:32',NULL),(170,'TEMPERATURA','R1',86.15,60.00,'2025-07-03 10:11:23','ZAKONCZONY',NULL,'2025-07-03 10:13:02',NULL),(171,'TEMPERATURA','R2',120.44,120.00,'2025-07-03 10:11:23','ZAKONCZONY',NULL,'2025-07-03 10:13:12',NULL),(172,'TEMPERATURA','R3',120.40,120.00,'2025-07-03 10:11:23','ZAKONCZONY',NULL,'2025-07-03 10:13:12',NULL),(173,'TEMPERATURA','R4',120.36,120.00,'2025-07-03 10:11:23','ZAKONCZONY',NULL,'2025-07-03 10:13:12',NULL),(174,'TEMPERATURA','R5',120.33,120.00,'2025-07-03 10:11:23','ZAKONCZONY',NULL,'2025-07-03 10:13:22',NULL),(175,'TEMPERATURA','R1',60.11,60.00,'2025-07-03 10:23:22','ZAKONCZONY',NULL,'2025-07-03 11:28:58',NULL),(176,'TEMPERATURA','R1',61.61,60.00,'2025-07-03 10:26:23','ZAKONCZONY',NULL,'2025-07-03 11:28:58',NULL),(177,'TEMPERATURA','R1',64.11,60.00,'2025-07-03 10:31:23','ZAKONCZONY',NULL,'2025-07-03 11:28:48',NULL),(178,'TEMPERATURA','R1',66.61,60.00,'2025-07-03 10:36:23','ZAKONCZONY',NULL,'2025-07-03 11:28:48',NULL),(179,'TEMPERATURA','R1',69.11,60.00,'2025-07-03 10:41:23','ZAKONCZONY',NULL,'2025-07-03 11:28:39',NULL),(180,'TEMPERATURA','R1',71.61,60.00,'2025-07-03 10:46:23','ZAKONCZONY',NULL,'2025-07-03 11:28:38',NULL),(181,'TEMPERATURA','R1',74.11,60.00,'2025-07-03 10:51:23','ZAKONCZONY',NULL,'2025-07-03 11:28:28',NULL),(182,'TEMPERATURA','R1',76.61,60.00,'2025-07-03 10:56:23','ZAKONCZONY',NULL,'2025-07-03 11:28:28',NULL),(183,'TEMPERATURA','R1',79.11,60.00,'2025-07-03 11:01:23','ZAKONCZONY',NULL,'2025-07-03 11:28:18',NULL),(184,'TEMPERATURA','R1',81.61,60.00,'2025-07-03 11:06:23','ZAKONCZONY',NULL,'2025-07-03 11:28:18',NULL),(185,'TEMPERATURA','R1',120.56,60.00,'2025-07-03 11:47:20','ZAKONCZONY',NULL,'2025-07-03 11:49:20',NULL),(186,'TEMPERATURA','R1',120.56,60.00,'2025-07-03 11:47:58','ZAKONCZONY',NULL,'2025-07-03 11:49:10',NULL),(187,'TEMPERATURA','R1',79.19,60.00,'2025-07-03 12:47:23','ZAKONCZONY',NULL,'2025-07-03 12:47:56',NULL),(188,'TEMPERATURA','R1',120.00,60.00,'2025-07-03 12:50:20','ZAKONCZONY',NULL,'2025-07-03 12:50:56',NULL),(189,'TEMPERATURA','R1',60.22,60.00,'2025-07-03 13:11:23','ZAKONCZONY',NULL,'2025-07-03 17:01:54',NULL),(190,'TEMPERATURA','R1',61.72,60.00,'2025-07-03 13:14:55','ZAKONCZONY',NULL,'2025-07-03 17:01:53',NULL),(191,'TEMPERATURA','R1',64.22,60.00,'2025-07-03 13:19:55','ZAKONCZONY',NULL,'2025-07-03 17:01:52',NULL),(192,'TEMPERATURA','R1',66.72,60.00,'2025-07-03 13:24:55','ZAKONCZONY',NULL,'2025-07-03 17:01:51',NULL),(193,'TEMPERATURA','R1',69.22,60.00,'2025-07-03 13:29:55','ZAKONCZONY',NULL,'2025-07-03 17:01:50',NULL),(194,'TEMPERATURA','R1',71.72,60.00,'2025-07-03 13:34:55','ZAKONCZONY',NULL,'2025-07-03 17:01:49',NULL),(195,'TEMPERATURA','R1',74.22,60.00,'2025-07-03 13:39:55','ZAKONCZONY',NULL,'2025-07-03 17:01:48',NULL),(196,'TEMPERATURA','R1',76.72,60.00,'2025-07-03 13:44:55','ZAKONCZONY',NULL,'2025-07-03 17:01:47',NULL),(197,'TEMPERATURA','R2',120.04,120.00,'2025-07-03 13:48:23','ZAKONCZONY',NULL,'2025-07-03 17:01:50',NULL),(198,'TEMPERATURA','R3',120.26,120.00,'2025-07-03 13:48:55','ZAKONCZONY',NULL,'2025-07-03 17:01:58',NULL),(199,'TEMPERATURA','R4',120.23,120.00,'2025-07-03 13:48:55','ZAKONCZONY',NULL,'2025-07-03 17:02:01',NULL),(200,'TEMPERATURA','R5',120.21,120.00,'2025-07-03 13:48:55','ZAKONCZONY',NULL,'2025-07-03 17:02:04',NULL),(201,'TEMPERATURA','R1',79.22,60.00,'2025-07-03 13:49:55','ZAKONCZONY',NULL,'2025-07-03 17:01:46',NULL),(202,'TEMPERATURA','R2',120.54,120.00,'2025-07-03 13:49:55','ZAKONCZONY',NULL,'2025-07-03 17:01:49',NULL),(203,'TEMPERATURA','R3',120.49,120.00,'2025-07-03 13:49:55','ZAKONCZONY',NULL,'2025-07-03 17:01:57',NULL),(204,'TEMPERATURA','R4',120.46,120.00,'2025-07-03 13:49:55','ZAKONCZONY',NULL,'2025-07-03 17:02:00',NULL),(205,'TEMPERATURA','R5',120.44,120.00,'2025-07-03 13:49:55','ZAKONCZONY',NULL,'2025-07-03 17:02:03',NULL),(206,'TEMPERATURA','R1',81.72,60.00,'2025-07-03 13:54:55','ZAKONCZONY',NULL,'2025-07-03 17:01:45',NULL),(207,'TEMPERATURA','R2',123.04,120.00,'2025-07-03 13:54:55','ZAKONCZONY',NULL,'2025-07-03 17:01:48',NULL),(208,'TEMPERATURA','R3',122.99,120.00,'2025-07-03 13:54:55','ZAKONCZONY',NULL,'2025-07-03 17:01:56',NULL),(209,'TEMPERATURA','R4',122.96,120.00,'2025-07-03 13:54:55','ZAKONCZONY',NULL,'2025-07-03 17:01:59',NULL),(210,'TEMPERATURA','R5',122.94,120.00,'2025-07-03 13:54:55','ZAKONCZONY',NULL,'2025-07-03 17:02:02',NULL),(211,'TEMPERATURA','R1',146.72,60.00,'2025-07-03 16:04:55','ZAKONCZONY',NULL,'2025-07-03 17:01:44',NULL),(212,'TEMPERATURA','R2',188.04,120.00,'2025-07-03 16:04:55','ZAKONCZONY',NULL,'2025-07-03 17:01:47',NULL),(213,'TEMPERATURA','R3',187.99,120.00,'2025-07-03 16:04:55','ZAKONCZONY',NULL,'2025-07-03 17:01:55',NULL),(214,'TEMPERATURA','R4',187.96,120.00,'2025-07-03 16:04:55','ZAKONCZONY',NULL,'2025-07-03 17:01:58',NULL),(215,'TEMPERATURA','R5',187.94,120.00,'2025-07-03 16:04:55','ZAKONCZONY',NULL,'2025-07-03 17:02:01',NULL),(216,'TEMPERATURA','R1',149.22,60.00,'2025-07-03 16:09:55','ZAKONCZONY',NULL,'2025-07-03 17:01:43',NULL),(217,'TEMPERATURA','R2',190.54,120.00,'2025-07-03 16:09:55','ZAKONCZONY',NULL,'2025-07-03 17:01:46',NULL),(218,'TEMPERATURA','R3',190.49,120.00,'2025-07-03 16:09:55','ZAKONCZONY',NULL,'2025-07-03 17:01:54',NULL),(219,'TEMPERATURA','R4',190.46,120.00,'2025-07-03 16:09:55','ZAKONCZONY',NULL,'2025-07-03 17:01:57',NULL),(220,'TEMPERATURA','R5',190.44,120.00,'2025-07-03 16:09:55','ZAKONCZONY',NULL,'2025-07-03 17:02:00',NULL),(221,'TEMPERATURA','R1',156.72,60.00,'2025-07-03 16:24:55','ZAKONCZONY',NULL,'2025-07-03 17:01:42',NULL),(222,'TEMPERATURA','R2',198.04,120.00,'2025-07-03 16:24:55','ZAKONCZONY',NULL,'2025-07-03 17:01:45',NULL),(223,'TEMPERATURA','R3',197.99,120.00,'2025-07-03 16:24:55','ZAKONCZONY',NULL,'2025-07-03 17:01:53',NULL),(224,'TEMPERATURA','R4',197.96,120.00,'2025-07-03 16:24:55','ZAKONCZONY',NULL,'2025-07-03 17:01:56',NULL),(225,'TEMPERATURA','R5',197.94,120.00,'2025-07-03 16:24:55','ZAKONCZONY',NULL,'2025-07-03 17:01:59',NULL),(226,'TEMPERATURA','R1',159.22,60.00,'2025-07-03 16:29:55','ZAKONCZONY',NULL,'2025-07-03 17:01:41',NULL),(227,'TEMPERATURA','R2',200.54,120.00,'2025-07-03 16:29:55','ZAKONCZONY',NULL,'2025-07-03 17:01:44',NULL),(228,'TEMPERATURA','R3',200.49,120.00,'2025-07-03 16:29:55','ZAKONCZONY',NULL,'2025-07-03 17:01:52',NULL),(229,'TEMPERATURA','R4',200.46,120.00,'2025-07-03 16:29:55','ZAKONCZONY',NULL,'2025-07-03 17:01:55',NULL),(230,'TEMPERATURA','R5',200.44,120.00,'2025-07-03 16:29:55','ZAKONCZONY',NULL,'2025-07-03 17:01:58',NULL),(231,'TEMPERATURA','R1',161.72,60.00,'2025-07-03 16:34:55','ZAKONCZONY',NULL,'2025-07-03 17:01:40',NULL),(232,'TEMPERATURA','R2',203.04,120.00,'2025-07-03 16:34:55','ZAKONCZONY',NULL,'2025-07-03 17:01:43',NULL),(233,'TEMPERATURA','R3',202.99,120.00,'2025-07-03 16:34:55','ZAKONCZONY',NULL,'2025-07-03 17:01:51',NULL),(234,'TEMPERATURA','R4',202.96,120.00,'2025-07-03 16:34:55','ZAKONCZONY',NULL,'2025-07-03 17:01:54',NULL),(235,'TEMPERATURA','R5',202.94,120.00,'2025-07-03 16:34:55','ZAKONCZONY',NULL,'2025-07-03 17:01:57',NULL),(236,'TEMPERATURA','R1',164.22,60.00,'2025-07-03 16:39:55','ZAKONCZONY',NULL,'2025-07-03 17:01:39',NULL),(237,'TEMPERATURA','R2',205.54,120.00,'2025-07-03 16:39:55','ZAKONCZONY',NULL,'2025-07-03 17:01:42',NULL),(238,'TEMPERATURA','R3',205.49,120.00,'2025-07-03 16:39:55','ZAKONCZONY',NULL,'2025-07-03 17:01:50',NULL),(239,'TEMPERATURA','R4',205.46,120.00,'2025-07-03 16:39:55','ZAKONCZONY',NULL,'2025-07-03 17:01:53',NULL),(240,'TEMPERATURA','R5',205.44,120.00,'2025-07-03 16:39:55','ZAKONCZONY',NULL,'2025-07-03 17:01:56',NULL),(241,'TEMPERATURA','R1',166.72,60.00,'2025-07-03 16:44:55','ZAKONCZONY',NULL,'2025-07-03 17:01:38',NULL),(242,'TEMPERATURA','R2',208.04,120.00,'2025-07-03 16:44:55','ZAKONCZONY',NULL,'2025-07-03 17:01:41',NULL),(243,'TEMPERATURA','R3',207.99,120.00,'2025-07-03 16:44:55','ZAKONCZONY',NULL,'2025-07-03 17:01:49',NULL),(244,'TEMPERATURA','R4',207.96,120.00,'2025-07-03 16:44:55','ZAKONCZONY',NULL,'2025-07-03 17:01:52',NULL),(245,'TEMPERATURA','R5',207.94,120.00,'2025-07-03 16:44:55','ZAKONCZONY',NULL,'2025-07-03 17:01:55',NULL),(246,'TEMPERATURA','R1',169.22,60.00,'2025-07-03 16:49:55','ZAKONCZONY',NULL,'2025-07-03 17:01:37',NULL),(247,'TEMPERATURA','R2',210.54,120.00,'2025-07-03 16:49:55','ZAKONCZONY',NULL,'2025-07-03 17:01:40',NULL),(248,'TEMPERATURA','R3',210.49,120.00,'2025-07-03 16:49:55','ZAKONCZONY',NULL,'2025-07-03 17:01:48',NULL),(249,'TEMPERATURA','R4',210.46,120.00,'2025-07-03 16:49:55','ZAKONCZONY',NULL,'2025-07-03 17:01:51',NULL),(250,'TEMPERATURA','R5',210.44,120.00,'2025-07-03 16:49:55','ZAKONCZONY',NULL,'2025-07-03 17:01:54',NULL),(251,'TEMPERATURA','R1',68.65,60.00,'2025-07-03 17:58:55','POTWIERDZONY','2025-07-03 18:27:26',NULL,NULL),(252,'TEMPERATURA','R1',68.88,60.00,'2025-07-03 17:59:55','POTWIERDZONY','2025-07-03 18:27:27',NULL,NULL),(253,'TEMPERATURA','R1',71.38,60.00,'2025-07-03 18:04:55','POTWIERDZONY','2025-07-03 18:27:28',NULL,NULL),(254,'TEMPERATURA','R1',73.88,60.00,'2025-07-03 18:09:55','POTWIERDZONY','2025-07-03 18:27:29',NULL,NULL),(255,'TEMPERATURA','R1',82.78,60.00,'2025-07-03 18:27:29','ZAKONCZONY',NULL,'2025-07-03 18:28:26',NULL),(256,'TEMPERATURA','R1',60.15,60.00,'2025-07-03 18:49:11','ZAKONCZONY',NULL,'2025-07-03 19:25:38',NULL),(257,'TEMPERATURA','R4',120.16,120.00,'2025-07-03 19:42:11','ZAKONCZONY',NULL,'2025-07-03 20:21:46',NULL),(258,'TEMPERATURA','R5',120.14,120.00,'2025-07-03 19:42:11','ZAKONCZONY',NULL,'2025-07-03 20:21:46',NULL),(259,'TEMPERATURA','R5',130.00,120.00,'2025-07-03 20:24:46','ZAKONCZONY',NULL,'2025-07-03 20:25:46',NULL),(260,'TEMPERATURA','R5',130.00,120.00,'2025-07-03 20:26:46','ZAKONCZONY',NULL,'2025-07-03 20:32:16',NULL),(261,'TEMPERATURA','R5',130.00,120.00,'2025-07-03 20:32:46','ZAKONCZONY',NULL,'2025-07-03 20:43:16',NULL),(262,'TEMPERATURA','R1',60.48,60.00,'2025-07-03 20:34:17','ZAKONCZONY',NULL,'2025-07-03 20:46:16',NULL),(263,'TEMPERATURA','R1',70.00,60.00,'2025-07-03 20:47:16','ZAKONCZONY',NULL,'2025-07-03 21:31:46',NULL),(264,'TEMPERATURA','R2',120.02,120.00,'2025-07-03 20:50:17','ZAKONCZONY',NULL,'2025-07-03 21:31:46',NULL),(265,'TEMPERATURA','R4',200.00,120.00,'2025-07-03 20:53:46','ZAKONCZONY',NULL,'2025-07-03 21:32:16',NULL),(266,'TEMPERATURA','R1',130.00,60.00,'2025-07-03 21:35:46','ZAKONCZONY',NULL,'2025-07-03 21:42:33',NULL),(267,'TEMPERATURA','R1',70.00,60.00,'2025-07-03 21:46:16','ZAKONCZONY',NULL,'2025-07-03 21:54:53',NULL),(268,'TEMPERATURA','R1',70.00,60.00,'2025-07-03 21:57:53','ZAKONCZONY',NULL,'2025-07-03 22:09:53',NULL),(269,'TEMPERATURA','R5',121.72,120.00,'2025-07-03 22:06:25','ZAKONCZONY',NULL,'2025-07-03 22:11:23',NULL),(270,'TEMPERATURA','R3',200.00,120.00,'2025-07-03 22:15:53','ZAKONCZONY',NULL,'2025-07-03 22:25:02',NULL),(271,'TEMPERATURA','R1',61.94,60.00,'2025-07-03 22:33:34','ZAKONCZONY',NULL,'2025-07-03 22:38:02',NULL),(272,'TEMPERATURA','R3',122.43,120.00,'2025-07-03 22:33:34','ZAKONCZONY',NULL,'2025-07-03 22:38:02',NULL),(273,'TEMPERATURA','R3',200.00,120.00,'2025-07-03 22:39:32','ZAKONCZONY',NULL,'2025-07-03 23:00:31',NULL),(274,'TEMPERATURA','R1',60.30,60.00,'2025-07-03 22:48:34','ZAKONCZONY',NULL,'2025-07-03 23:00:31',NULL),(275,'TEMPERATURA','R1',60.19,60.00,'2025-07-03 23:10:32','ZAKONCZONY',NULL,'2025-07-03 23:26:53',NULL),(276,'TEMPERATURA','R1',60.26,60.00,'2025-07-03 23:37:24','ZAKONCZONY',NULL,'2025-07-04 22:29:45',NULL),(277,'TEMPERATURA','R5',120.12,120.00,'2025-07-04 00:31:24','ZAKONCZONY',NULL,'2025-07-04 22:30:15',NULL),(278,'TEMPERATURA','R2',120.49,120.00,'2025-07-04 00:32:24','ZAKONCZONY',NULL,'2025-07-04 22:29:45',NULL),(279,'TEMPERATURA','R4',120.29,120.00,'2025-07-04 00:32:24','ZAKONCZONY',NULL,'2025-07-04 22:30:15',NULL),(280,'TEMPERATURA','R3',120.09,120.00,'2025-07-04 01:10:24','ZAKONCZONY',NULL,'2025-07-04 22:29:46',NULL),(281,'TEMPERATURA','R1',60.23,60.00,'2025-07-04 23:30:15','POTWIERDZONY','2025-07-04 23:56:23',NULL,NULL),(282,'TEMPERATURA','R1',73.35,60.00,'2025-07-04 23:56:45','ZAKONCZONY',NULL,'2025-07-05 03:21:39',NULL),(283,'TEMPERATURA','R2',120.06,120.00,'2025-07-05 01:29:57','ZAKONCZONY',NULL,'2025-07-05 04:24:30',NULL),(284,'TEMPERATURA','R3',120.03,120.00,'2025-07-05 01:29:57','ZAKONCZONY',NULL,'2025-07-06 10:32:21',NULL),(285,'TEMPERATURA','R4',120.01,120.00,'2025-07-05 01:29:57','ZAKONCZONY',NULL,'2025-07-06 10:32:21',NULL),(286,'TEMPERATURA','R5',120.07,120.00,'2025-07-05 01:30:10','ZAKONCZONY',NULL,'2025-07-06 10:32:21',NULL),(287,'TEMPERATURA','R1',60.01,60.00,'2025-07-05 03:53:39','ZAKONCZONY',NULL,'2025-07-05 03:57:19',NULL),(288,'TEMPERATURA','R1',60.04,60.00,'2025-07-05 04:07:19','ZAKONCZONY',NULL,'2025-07-05 04:16:40',NULL),(289,'TEMPERATURA','R1',60.07,60.00,'2025-07-05 04:48:40','ZAKONCZONY',NULL,'2025-07-06 10:32:21',NULL),(290,'TEMPERATURA','R2',351.70,120.00,'2025-07-05 15:00:07','ZAKONCZONY',NULL,'2025-07-06 10:32:21',NULL),(291,'TEMPERATURA','R1',60.36,60.00,'2025-07-06 11:32:51','POTWIERDZONY','2025-07-06 20:20:46',NULL,NULL),(292,'TEMPERATURA','R2',120.07,120.00,'2025-07-06 13:32:38','POTWIERDZONY','2025-07-06 20:20:46',NULL,NULL),(293,'TEMPERATURA','R3',120.05,120.00,'2025-07-06 13:32:38','ZAKONCZONY',NULL,'2025-07-06 13:36:08',NULL),(294,'TEMPERATURA','R4',120.01,120.00,'2025-07-06 13:32:38','ZAKONCZONY',NULL,'2025-07-06 13:37:08',NULL),(295,'TEMPERATURA','R5',120.40,120.00,'2025-07-06 13:33:15','POTWIERDZONY','2025-07-06 20:20:46',NULL,NULL),(296,'TEMPERATURA','R3',120.45,120.00,'2025-07-06 15:44:12','POTWIERDZONY','2025-07-06 20:20:45',NULL,NULL),(297,'TEMPERATURA','R8',120.43,120.00,'2025-07-06 15:56:12','POTWIERDZONY','2025-07-06 20:20:45',NULL,NULL),(298,'TEMPERATURA','R4',120.25,120.00,'2025-07-06 16:09:12','POTWIERDZONY','2025-07-06 20:20:45',NULL,NULL),(299,'TEMPERATURA','R1',324.24,60.00,'2025-07-06 20:21:00','ZAKONCZONY',NULL,'2025-07-06 22:04:10',NULL),(300,'TEMPERATURA','R2',324.21,120.00,'2025-07-06 20:21:00','ZAKONCZONY',NULL,'2025-07-06 22:04:38',NULL),(301,'TEMPERATURA','R3',258.62,120.00,'2025-07-06 20:21:00','ZAKONCZONY',NULL,'2025-07-06 22:04:38',NULL),(302,'TEMPERATURA','R4',245.92,120.00,'2025-07-06 20:21:00','ZAKONCZONY',NULL,'2025-07-06 22:04:38',NULL),(303,'TEMPERATURA','R5',324.10,120.00,'2025-07-06 20:21:00','ZAKONCZONY',NULL,'2025-07-06 22:04:38',NULL),(304,'TEMPERATURA','R8',252.60,120.00,'2025-07-06 20:21:00','ZAKONCZONY',NULL,'2025-07-07 16:07:23',NULL),(305,'TEMPERATURA','R1',61.27,60.00,'2025-07-06 23:07:07','ZAKONCZONY',NULL,'2025-07-07 16:06:53',NULL),(306,'TEMPERATURA','R2',120.08,120.00,'2025-07-07 01:04:24','ZAKONCZONY',NULL,'2025-07-07 16:06:53',NULL),(307,'TEMPERATURA','R3',120.03,120.00,'2025-07-07 01:04:24','ZAKONCZONY',NULL,'2025-07-07 16:06:53',NULL),(308,'TEMPERATURA','R4',120.01,120.00,'2025-07-07 01:04:24','ZAKONCZONY',NULL,'2025-07-07 16:06:53',NULL),(309,'TEMPERATURA','R5',120.48,120.00,'2025-07-07 01:05:24','ZAKONCZONY',NULL,'2025-07-07 16:06:53',NULL),(310,'TEMPERATURA','R6',120.45,120.00,'2025-07-07 01:05:24','ZAKONCZONY',NULL,'2025-07-07 16:09:23',NULL),(311,'TEMPERATURA','R1',60.13,60.00,'2025-07-07 17:06:54','ZAKONCZONY',NULL,'2025-07-07 17:11:58',NULL),(312,'TEMPERATURA','R1',75.00,60.00,'2025-07-07 17:19:28','POTWIERDZONY','2025-07-07 20:08:58',NULL,NULL),(313,'TEMPERATURA','R1',98.68,60.00,'2025-07-07 20:09:10','POTWIERDZONY','2025-07-08 03:55:31',NULL,NULL),(314,'TEMPERATURA','R2',131.60,120.00,'2025-07-08 03:52:06','POTWIERDZONY','2025-07-08 03:55:29',NULL,NULL),(315,'TEMPERATURA','R3',131.57,120.00,'2025-07-08 03:52:06','POTWIERDZONY','2025-07-08 03:55:30',NULL,NULL),(316,'TEMPERATURA','R4',131.57,120.00,'2025-07-08 03:52:06','POTWIERDZONY','2025-07-08 03:55:30',NULL,NULL),(317,'TEMPERATURA','R5',131.56,120.00,'2025-07-08 03:52:06','POTWIERDZONY','2025-07-08 03:55:30',NULL,NULL),(318,'TEMPERATURA','R6',131.55,120.00,'2025-07-08 03:52:06','POTWIERDZONY','2025-07-08 03:55:30',NULL,NULL),(319,'TEMPERATURA','R7',131.54,120.00,'2025-07-08 03:52:06','POTWIERDZONY','2025-07-08 03:55:31',NULL,NULL),(320,'TEMPERATURA','R8',131.54,120.00,'2025-07-08 03:52:06','POTWIERDZONY','2025-07-08 03:55:31',NULL,NULL),(321,'TEMPERATURA','R9',131.53,120.00,'2025-07-08 03:52:06','POTWIERDZONY','2025-07-08 03:55:31',NULL,NULL),(322,'TEMPERATURA','R1',164.05,60.00,'2025-07-08 03:55:33','POTWIERDZONY','2025-07-08 03:59:55',NULL,NULL),(323,'TEMPERATURA','R2',132.03,120.00,'2025-07-08 03:55:33','POTWIERDZONY','2025-07-08 03:59:56',NULL,NULL),(324,'TEMPERATURA','R3',132.00,120.00,'2025-07-08 03:55:33','ZAKONCZONY',NULL,'2025-07-08 03:59:06',NULL),(325,'TEMPERATURA','R4',131.99,120.00,'2025-07-08 03:55:33','POTWIERDZONY','2025-07-08 03:59:56',NULL,NULL),(326,'TEMPERATURA','R5',131.99,120.00,'2025-07-08 03:55:33','POTWIERDZONY','2025-07-08 03:59:56',NULL,NULL),(327,'TEMPERATURA','R6',131.98,120.00,'2025-07-08 03:55:33','POTWIERDZONY','2025-07-08 03:59:57',NULL,NULL),(328,'TEMPERATURA','R7',131.97,120.00,'2025-07-08 03:55:33','POTWIERDZONY','2025-07-08 03:59:57',NULL,NULL),(329,'TEMPERATURA','R8',131.96,120.00,'2025-07-08 03:55:33','POTWIERDZONY','2025-07-08 03:59:57',NULL,NULL),(330,'TEMPERATURA','R9',131.95,120.00,'2025-07-08 03:55:33','POTWIERDZONY','2025-07-08 03:59:58',NULL,NULL),(331,'TEMPERATURA','R1',164.61,60.00,'2025-07-08 04:00:03','ZAKONCZONY',NULL,'2025-07-15 18:40:33',NULL),(332,'TEMPERATURA','R2',132.59,120.00,'2025-07-08 04:00:03','ZAKONCZONY',NULL,'2025-07-15 18:40:33',NULL),(333,'TEMPERATURA','R4',132.55,120.00,'2025-07-08 04:00:03','ZAKONCZONY',NULL,'2025-07-15 18:41:03',NULL),(334,'TEMPERATURA','R5',132.55,120.00,'2025-07-08 04:00:03','ZAKONCZONY',NULL,'2025-07-15 18:41:03',NULL),(335,'TEMPERATURA','R6',132.54,120.00,'2025-07-08 04:00:03','ZAKONCZONY',NULL,'2025-07-15 18:41:03',NULL),(336,'TEMPERATURA','R7',132.53,120.00,'2025-07-08 04:00:03','ZAKONCZONY',NULL,'2025-07-15 18:41:03',NULL),(337,'TEMPERATURA','R8',132.52,120.00,'2025-07-08 04:00:03','ZAKONCZONY',NULL,'2025-07-15 18:41:03',NULL),(338,'TEMPERATURA','R9',132.51,120.00,'2025-07-08 04:00:03','ZAKONCZONY',NULL,'2025-07-15 18:41:03',NULL),(339,'TEMPERATURA','R3',153.09,120.00,'2025-07-08 13:16:06','ZAKONCZONY',NULL,'2025-07-15 18:40:36',NULL),(340,'TEMPERATURA','R1',60.08,60.00,'2025-07-15 18:41:33','POTWIERDZONY','2025-07-20 18:57:31',NULL,NULL),(341,'TEMPERATURA','R2',121.21,120.00,'2025-07-16 01:57:55','POTWIERDZONY','2025-07-20 18:57:27',NULL,NULL),(342,'TEMPERATURA','R3',121.20,120.00,'2025-07-16 01:57:55','POTWIERDZONY','2025-07-20 18:57:29',NULL,NULL),(343,'TEMPERATURA','R4',121.19,120.00,'2025-07-16 01:57:55','POTWIERDZONY','2025-07-20 18:57:30',NULL,NULL),(344,'TEMPERATURA','R5',121.18,120.00,'2025-07-16 01:57:55','POTWIERDZONY','2025-07-20 18:57:30',NULL,NULL),(345,'TEMPERATURA','R6',121.18,120.00,'2025-07-16 01:57:55','POTWIERDZONY','2025-07-20 18:57:30',NULL,NULL),(346,'TEMPERATURA','R7',121.17,120.00,'2025-07-16 01:57:55','POTWIERDZONY','2025-07-20 18:57:30',NULL,NULL),(347,'TEMPERATURA','R8',121.16,120.00,'2025-07-16 01:57:55','POTWIERDZONY','2025-07-20 18:57:31',NULL,NULL),(348,'TEMPERATURA','R9',120.62,120.00,'2025-07-16 01:57:55','POTWIERDZONY','2025-07-20 18:57:31',NULL,NULL),(349,'TEMPERATURA','R1',999.11,60.00,'2025-07-20 18:57:41','POTWIERDZONY','2025-07-27 20:43:11',NULL,NULL),(350,'TEMPERATURA','R2',999.10,120.00,'2025-07-20 18:57:41','ZAKONCZONY',NULL,'2025-08-07 15:45:58',NULL),(351,'TEMPERATURA','R3',999.10,120.00,'2025-07-20 18:57:41','ZAKONCZONY',NULL,'2025-08-07 15:45:58',NULL),(352,'TEMPERATURA','R4',999.09,120.00,'2025-07-20 18:57:41','ZAKONCZONY',NULL,'2025-08-07 15:45:58',NULL),(353,'TEMPERATURA','R5',999.08,120.00,'2025-07-20 18:57:41','ZAKONCZONY',NULL,'2025-08-07 15:45:58',NULL),(354,'TEMPERATURA','R6',999.07,120.00,'2025-07-20 18:57:41','ZAKONCZONY',NULL,'2025-08-07 15:45:58',NULL),(355,'TEMPERATURA','R7',999.07,120.00,'2025-07-20 18:57:41','ZAKONCZONY',NULL,'2025-08-07 15:45:58',NULL),(356,'TEMPERATURA','R8',999.06,120.00,'2025-07-20 18:57:41','ZAKONCZONY',NULL,'2025-08-07 15:45:58',NULL),(357,'TEMPERATURA','R9',998.51,120.00,'2025-07-20 18:57:41','ZAKONCZONY',NULL,'2025-08-07 15:45:58',NULL),(358,'TEMPERATURA','R1',999.11,60.00,'2025-07-27 20:43:24','POTWIERDZONY','2025-07-27 20:44:49',NULL,NULL),(359,'TEMPERATURA','R1',999.11,60.00,'2025-07-27 20:44:54','POTWIERDZONY','2025-07-27 20:53:31',NULL,NULL),(360,'TEMPERATURA','R1',999.11,60.00,'2025-07-27 20:53:39','POTWIERDZONY','2025-07-27 21:03:38',NULL,NULL),(361,'TEMPERATURA','R1',999.11,60.00,'2025-07-27 21:03:39','POTWIERDZONY','2025-07-27 21:03:46',NULL,NULL),(362,'TEMPERATURA','R1',999.11,60.00,'2025-07-27 21:03:54','ZAKONCZONY',NULL,'2025-08-07 15:45:58',NULL),(363,'TEMPERATURA','R1',119.32,60.00,'2025-08-14 19:16:50','ZAKONCZONY',NULL,'2025-08-14 19:32:05',NULL),(364,'TEMPERATURA','R2',120.02,120.00,'2025-08-14 19:21:50','ZAKONCZONY',NULL,'2025-08-14 19:32:05',NULL),(365,'TEMPERATURA','R3',120.02,120.00,'2025-08-14 19:21:50','ZAKONCZONY',NULL,'2025-08-14 19:32:05',NULL),(366,'TEMPERATURA','R4',120.02,120.00,'2025-08-14 19:21:50','ZAKONCZONY',NULL,'2025-08-14 19:32:05',NULL),(367,'TEMPERATURA','R5',120.02,120.00,'2025-08-14 19:21:50','ZAKONCZONY',NULL,'2025-08-14 19:32:05',NULL),(368,'TEMPERATURA','B01b',120.02,120.00,'2025-08-14 19:21:50','ZAKONCZONY',NULL,'2025-08-14 19:32:05',NULL),(369,'TEMPERATURA','B01c',120.02,120.00,'2025-08-14 19:21:50','ZAKONCZONY',NULL,'2025-08-14 19:32:05',NULL),(370,'TEMPERATURA','R6',120.02,120.00,'2025-08-14 19:21:50','ZAKONCZONY',NULL,'2025-08-14 19:32:05',NULL),(371,'TEMPERATURA','R7',120.02,120.00,'2025-08-14 19:21:50','ZAKONCZONY',NULL,'2025-08-14 19:32:05',NULL),(372,'TEMPERATURA','R8',120.02,120.00,'2025-08-14 19:21:50','ZAKONCZONY',NULL,'2025-08-14 19:32:05',NULL),(373,'TEMPERATURA','R9',120.02,120.00,'2025-08-14 19:21:50','ZAKONCZONY',NULL,'2025-08-14 19:32:05',NULL),(374,'TEMPERATURA','B02b',120.02,120.00,'2025-08-14 19:21:50','ZAKONCZONY',NULL,'2025-08-14 19:32:05',NULL),(375,'TEMPERATURA','B03b',120.02,120.00,'2025-08-14 19:21:50','ZAKONCZONY',NULL,'2025-08-14 19:32:05',NULL),(376,'TEMPERATURA','B04b',120.02,120.00,'2025-08-14 19:21:50','ZAKONCZONY',NULL,'2025-08-14 19:32:05',NULL),(377,'TEMPERATURA','B05b',120.02,120.00,'2025-08-14 19:21:50','ZAKONCZONY',NULL,'2025-08-14 19:32:05',NULL),(378,'TEMPERATURA','B06b',120.02,120.00,'2025-08-14 19:21:50','ZAKONCZONY',NULL,'2025-08-14 19:32:05',NULL),(379,'TEMPERATURA','B07b',120.02,120.00,'2025-08-14 19:21:50','ZAKONCZONY',NULL,'2025-08-14 19:32:05',NULL),(380,'TEMPERATURA','B08b',120.02,120.00,'2025-08-14 19:21:50','ZAKONCZONY',NULL,'2025-08-14 19:32:05',NULL),(381,'TEMPERATURA','B09b',120.02,120.00,'2025-08-14 19:21:50','ZAKONCZONY',NULL,'2025-08-14 19:32:05',NULL),(382,'TEMPERATURA','B10b',120.02,120.00,'2025-08-14 19:21:50','ZAKONCZONY',NULL,'2025-08-14 19:32:05',NULL),(383,'TEMPERATURA','B02c',120.02,120.00,'2025-08-14 19:21:50','ZAKONCZONY',NULL,'2025-08-14 19:32:05',NULL),(384,'TEMPERATURA','B03c',120.02,120.00,'2025-08-14 19:21:50','ZAKONCZONY',NULL,'2025-08-14 19:32:05',NULL),(385,'TEMPERATURA','B04c',120.02,120.00,'2025-08-14 19:21:50','ZAKONCZONY',NULL,'2025-08-14 19:32:05',NULL),(386,'TEMPERATURA','B05c',120.02,120.00,'2025-08-14 19:21:50','ZAKONCZONY',NULL,'2025-08-14 19:32:05',NULL),(387,'TEMPERATURA','B06c',120.02,120.00,'2025-08-14 19:21:50','ZAKONCZONY',NULL,'2025-08-14 19:32:05',NULL),(388,'TEMPERATURA','B07c',120.02,120.00,'2025-08-14 19:21:50','ZAKONCZONY',NULL,'2025-08-14 19:32:05',NULL),(389,'TEMPERATURA','B08c',120.02,120.00,'2025-08-14 19:21:50','ZAKONCZONY',NULL,'2025-08-14 19:32:05',NULL),(390,'TEMPERATURA','B09c',120.02,120.00,'2025-08-14 19:21:50','ZAKONCZONY',NULL,'2025-08-14 19:32:05',NULL),(391,'TEMPERATURA','B10c',120.02,120.00,'2025-08-14 19:21:50','ZAKONCZONY',NULL,'2025-08-14 19:32:05',NULL),(392,'TEMPERATURA','B11c',120.02,120.00,'2025-08-14 19:21:50','ZAKONCZONY',NULL,'2025-08-14 19:32:05',NULL),(393,'TEMPERATURA','B12c',120.02,120.00,'2025-08-14 19:21:50','ZAKONCZONY',NULL,'2025-08-14 19:32:05',NULL),(394,'TEMPERATURA','AP1',120.02,120.00,'2025-08-14 19:21:50','ZAKONCZONY',NULL,'2025-08-14 19:32:05',NULL),(395,'TEMPERATURA','AP2',120.02,120.00,'2025-08-14 19:21:50','ZAKONCZONY',NULL,'2025-08-14 19:32:05',NULL),(396,'TEMPERATURA','NIEBIESKA',120.02,120.00,'2025-08-14 19:21:50','ZAKONCZONY',NULL,'2025-08-14 19:32:05',NULL),(397,'TEMPERATURA','BIALA',120.02,120.00,'2025-08-14 19:21:50','ZAKONCZONY',NULL,'2025-08-14 19:32:05',NULL),(398,'TEMPERATURA','R1',60.51,60.00,'2025-08-14 22:48:22','ZAKONCZONY',NULL,'2025-08-14 22:50:49',NULL),(399,'TEMPERATURA','R1',61.91,60.00,'2025-08-14 22:58:22','ZAKONCZONY',NULL,'2025-08-14 23:00:49',NULL),(400,'TEMPERATURA','R1',63.31,60.00,'2025-08-14 23:08:22','ZAKONCZONY',NULL,'2025-08-14 23:10:49',NULL),(401,'TEMPERATURA','R1',64.71,60.00,'2025-08-14 23:18:22','ZAKONCZONY',NULL,'2025-08-14 23:20:49',NULL),(402,'TEMPERATURA','R1',66.11,60.00,'2025-08-14 23:28:22','ZAKONCZONY',NULL,'2025-08-14 23:30:49',NULL),(403,'TEMPERATURA','R1',67.51,60.00,'2025-08-14 23:38:22','ZAKONCZONY',NULL,'2025-08-14 23:40:49',NULL),(404,'TEMPERATURA','R1',68.91,60.00,'2025-08-14 23:48:22','ZAKONCZONY',NULL,'2025-08-14 23:50:49',NULL),(405,'TEMPERATURA','R1',70.31,60.00,'2025-08-14 23:58:22','ZAKONCZONY',NULL,'2025-08-15 00:00:49',NULL),(406,'TEMPERATURA','R1',71.71,60.00,'2025-08-15 00:08:22','ZAKONCZONY',NULL,'2025-08-15 00:10:49',NULL),(407,'TEMPERATURA','R1',73.11,60.00,'2025-08-15 00:18:22','ZAKONCZONY',NULL,'2025-08-15 00:20:49',NULL),(408,'TEMPERATURA','R1',74.51,60.00,'2025-08-15 00:28:22','ZAKONCZONY',NULL,'2025-08-15 00:30:49',NULL),(409,'TEMPERATURA','R1',75.91,60.00,'2025-08-15 00:38:22','ZAKONCZONY',NULL,'2025-08-15 00:40:49',NULL),(410,'TEMPERATURA','R1',77.31,60.00,'2025-08-15 00:48:22','ZAKONCZONY',NULL,'2025-08-15 09:34:43',NULL),(411,'TEMPERATURA','R2',120.71,120.00,'2025-08-15 05:58:22','ZAKONCZONY',NULL,'2025-08-15 06:00:49',NULL),(412,'TEMPERATURA','R3',120.71,120.00,'2025-08-15 05:58:22','ZAKONCZONY',NULL,'2025-08-15 06:00:49',NULL),(413,'TEMPERATURA','R4',120.71,120.00,'2025-08-15 05:58:22','ZAKONCZONY',NULL,'2025-08-15 06:00:49',NULL),(414,'TEMPERATURA','R5',120.71,120.00,'2025-08-15 05:58:22','ZAKONCZONY',NULL,'2025-08-15 06:00:49',NULL),(415,'TEMPERATURA','B01b',120.71,120.00,'2025-08-15 05:58:22','ZAKONCZONY',NULL,'2025-08-15 06:00:49',NULL),(416,'TEMPERATURA','B01c',120.71,120.00,'2025-08-15 05:58:22','ZAKONCZONY',NULL,'2025-08-15 06:00:49',NULL),(417,'TEMPERATURA','R6',120.71,120.00,'2025-08-15 05:58:22','ZAKONCZONY',NULL,'2025-08-15 06:00:49',NULL),(418,'TEMPERATURA','R7',120.71,120.00,'2025-08-15 05:58:22','ZAKONCZONY',NULL,'2025-08-15 06:00:49',NULL),(419,'TEMPERATURA','R8',120.71,120.00,'2025-08-15 05:58:22','ZAKONCZONY',NULL,'2025-08-15 06:00:49',NULL),(420,'TEMPERATURA','R9',120.71,120.00,'2025-08-15 05:58:22','ZAKONCZONY',NULL,'2025-08-15 06:00:49',NULL),(421,'TEMPERATURA','B02b',120.71,120.00,'2025-08-15 05:58:22','ZAKONCZONY',NULL,'2025-08-15 06:00:49',NULL),(422,'TEMPERATURA','B03b',120.71,120.00,'2025-08-15 05:58:22','ZAKONCZONY',NULL,'2025-08-15 06:00:49',NULL),(423,'TEMPERATURA','B04b',120.71,120.00,'2025-08-15 05:58:22','ZAKONCZONY',NULL,'2025-08-15 06:00:49',NULL),(424,'TEMPERATURA','B05b',120.71,120.00,'2025-08-15 05:58:22','ZAKONCZONY',NULL,'2025-08-15 06:00:49',NULL),(425,'TEMPERATURA','B06b',120.71,120.00,'2025-08-15 05:58:22','ZAKONCZONY',NULL,'2025-08-15 06:00:49',NULL),(426,'TEMPERATURA','B07b',120.71,120.00,'2025-08-15 05:58:22','ZAKONCZONY',NULL,'2025-08-15 06:00:49',NULL),(427,'TEMPERATURA','B08b',120.71,120.00,'2025-08-15 05:58:22','ZAKONCZONY',NULL,'2025-08-15 06:00:49',NULL),(428,'TEMPERATURA','B09b',120.71,120.00,'2025-08-15 05:58:22','ZAKONCZONY',NULL,'2025-08-15 06:00:49',NULL),(429,'TEMPERATURA','B10b',120.71,120.00,'2025-08-15 05:58:22','ZAKONCZONY',NULL,'2025-08-15 06:00:49',NULL),(430,'TEMPERATURA','B02c',120.71,120.00,'2025-08-15 05:58:22','ZAKONCZONY',NULL,'2025-08-15 06:00:49',NULL),(431,'TEMPERATURA','B03c',120.71,120.00,'2025-08-15 05:58:22','ZAKONCZONY',NULL,'2025-08-15 06:00:49',NULL),(432,'TEMPERATURA','B04c',120.71,120.00,'2025-08-15 05:58:22','ZAKONCZONY',NULL,'2025-08-15 06:00:49',NULL),(433,'TEMPERATURA','B05c',120.71,120.00,'2025-08-15 05:58:22','ZAKONCZONY',NULL,'2025-08-15 06:00:49',NULL),(434,'TEMPERATURA','B06c',120.71,120.00,'2025-08-15 05:58:22','ZAKONCZONY',NULL,'2025-08-15 06:00:49',NULL),(435,'TEMPERATURA','B07c',120.71,120.00,'2025-08-15 05:58:22','ZAKONCZONY',NULL,'2025-08-15 06:00:49',NULL),(436,'TEMPERATURA','B08c',120.71,120.00,'2025-08-15 05:58:22','ZAKONCZONY',NULL,'2025-08-15 06:00:49',NULL),(437,'TEMPERATURA','B09c',120.71,120.00,'2025-08-15 05:58:22','ZAKONCZONY',NULL,'2025-08-15 06:00:49',NULL),(438,'TEMPERATURA','B10c',120.71,120.00,'2025-08-15 05:58:22','ZAKONCZONY',NULL,'2025-08-15 06:00:49',NULL),(439,'TEMPERATURA','B11c',120.71,120.00,'2025-08-15 05:58:22','ZAKONCZONY',NULL,'2025-08-15 06:00:49',NULL),(440,'TEMPERATURA','B12c',120.71,120.00,'2025-08-15 05:58:22','ZAKONCZONY',NULL,'2025-08-15 06:00:49',NULL),(441,'TEMPERATURA','AP1',120.71,120.00,'2025-08-15 05:58:22','ZAKONCZONY',NULL,'2025-08-15 06:00:49',NULL),(442,'TEMPERATURA','AP2',120.71,120.00,'2025-08-15 05:58:22','ZAKONCZONY',NULL,'2025-08-15 06:00:49',NULL),(443,'TEMPERATURA','NIEBIESKA',120.71,120.00,'2025-08-15 05:58:22','ZAKONCZONY',NULL,'2025-08-15 06:00:49',NULL),(444,'TEMPERATURA','BIALA',120.71,120.00,'2025-08-15 05:58:22','ZAKONCZONY',NULL,'2025-08-15 06:00:49',NULL),(445,'TEMPERATURA','R2',121.95,120.00,'2025-08-15 04:07:14','ZAKONCZONY',NULL,'2025-08-15 06:10:49',NULL),(446,'TEMPERATURA','R3',121.95,120.00,'2025-08-15 04:07:14','ZAKONCZONY',NULL,'2025-08-15 06:10:49',NULL),(447,'TEMPERATURA','R4',121.95,120.00,'2025-08-15 04:07:14','ZAKONCZONY',NULL,'2025-08-15 06:10:49',NULL),(448,'TEMPERATURA','R5',121.95,120.00,'2025-08-15 04:07:14','ZAKONCZONY',NULL,'2025-08-15 06:10:49',NULL),(449,'TEMPERATURA','B01b',121.95,120.00,'2025-08-15 04:07:14','ZAKONCZONY',NULL,'2025-08-15 06:10:49',NULL),(450,'TEMPERATURA','B01c',121.95,120.00,'2025-08-15 04:07:14','ZAKONCZONY',NULL,'2025-08-15 06:10:49',NULL),(451,'TEMPERATURA','R6',121.95,120.00,'2025-08-15 04:07:14','ZAKONCZONY',NULL,'2025-08-15 06:10:49',NULL),(452,'TEMPERATURA','R7',121.95,120.00,'2025-08-15 04:07:14','ZAKONCZONY',NULL,'2025-08-15 06:10:49',NULL),(453,'TEMPERATURA','R8',121.95,120.00,'2025-08-15 04:07:14','ZAKONCZONY',NULL,'2025-08-15 06:10:49',NULL),(454,'TEMPERATURA','R9',121.95,120.00,'2025-08-15 04:07:14','ZAKONCZONY',NULL,'2025-08-15 06:10:49',NULL),(455,'TEMPERATURA','B02b',121.95,120.00,'2025-08-15 04:07:14','ZAKONCZONY',NULL,'2025-08-15 06:10:49',NULL),(456,'TEMPERATURA','B03b',121.95,120.00,'2025-08-15 04:07:14','ZAKONCZONY',NULL,'2025-08-15 06:10:49',NULL),(457,'TEMPERATURA','B04b',121.95,120.00,'2025-08-15 04:07:14','ZAKONCZONY',NULL,'2025-08-15 06:10:49',NULL),(458,'TEMPERATURA','B05b',121.95,120.00,'2025-08-15 04:07:14','ZAKONCZONY',NULL,'2025-08-15 06:10:49',NULL),(459,'TEMPERATURA','B06b',121.95,120.00,'2025-08-15 04:07:14','ZAKONCZONY',NULL,'2025-08-15 06:10:49',NULL),(460,'TEMPERATURA','B07b',121.95,120.00,'2025-08-15 04:07:14','ZAKONCZONY',NULL,'2025-08-15 06:10:49',NULL),(461,'TEMPERATURA','B08b',121.95,120.00,'2025-08-15 04:07:14','ZAKONCZONY',NULL,'2025-08-15 06:10:49',NULL),(462,'TEMPERATURA','B09b',121.95,120.00,'2025-08-15 04:07:14','ZAKONCZONY',NULL,'2025-08-15 06:10:49',NULL),(463,'TEMPERATURA','B10b',121.95,120.00,'2025-08-15 04:07:14','ZAKONCZONY',NULL,'2025-08-15 06:10:49',NULL),(464,'TEMPERATURA','B02c',121.95,120.00,'2025-08-15 04:07:14','ZAKONCZONY',NULL,'2025-08-15 06:10:49',NULL),(465,'TEMPERATURA','B03c',121.95,120.00,'2025-08-15 04:07:14','ZAKONCZONY',NULL,'2025-08-15 06:10:49',NULL),(466,'TEMPERATURA','B04c',121.95,120.00,'2025-08-15 04:07:14','ZAKONCZONY',NULL,'2025-08-15 06:10:49',NULL),(467,'TEMPERATURA','B05c',121.95,120.00,'2025-08-15 04:07:14','ZAKONCZONY',NULL,'2025-08-15 06:10:49',NULL),(468,'TEMPERATURA','B06c',121.95,120.00,'2025-08-15 04:07:14','ZAKONCZONY',NULL,'2025-08-15 06:10:49',NULL),(469,'TEMPERATURA','B07c',121.95,120.00,'2025-08-15 04:07:14','ZAKONCZONY',NULL,'2025-08-15 06:10:49',NULL),(470,'TEMPERATURA','B08c',121.95,120.00,'2025-08-15 04:07:14','ZAKONCZONY',NULL,'2025-08-15 06:10:49',NULL),(471,'TEMPERATURA','B09c',121.95,120.00,'2025-08-15 04:07:14','ZAKONCZONY',NULL,'2025-08-15 06:10:49',NULL),(472,'TEMPERATURA','B10c',121.95,120.00,'2025-08-15 04:07:14','ZAKONCZONY',NULL,'2025-08-15 06:10:49',NULL),(473,'TEMPERATURA','B11c',121.95,120.00,'2025-08-15 04:07:14','ZAKONCZONY',NULL,'2025-08-15 06:10:49',NULL),(474,'TEMPERATURA','B12c',121.95,120.00,'2025-08-15 04:07:14','ZAKONCZONY',NULL,'2025-08-15 06:10:49',NULL),(475,'TEMPERATURA','AP1',121.95,120.00,'2025-08-15 04:07:14','ZAKONCZONY',NULL,'2025-08-15 06:10:49',NULL),(476,'TEMPERATURA','AP2',121.95,120.00,'2025-08-15 04:07:14','ZAKONCZONY',NULL,'2025-08-15 06:10:49',NULL),(477,'TEMPERATURA','NIEBIESKA',121.95,120.00,'2025-08-15 04:07:14','ZAKONCZONY',NULL,'2025-08-15 06:10:49',NULL),(478,'TEMPERATURA','BIALA',121.95,120.00,'2025-08-15 04:07:14','ZAKONCZONY',NULL,'2025-08-15 06:10:49',NULL),(479,'TEMPERATURA','R2',122.71,120.00,'2025-08-15 04:12:44','ZAKONCZONY',NULL,'2025-08-15 06:20:49',NULL),(480,'TEMPERATURA','R3',122.71,120.00,'2025-08-15 04:12:44','ZAKONCZONY',NULL,'2025-08-15 06:20:49',NULL),(481,'TEMPERATURA','R4',122.71,120.00,'2025-08-15 04:12:44','ZAKONCZONY',NULL,'2025-08-15 06:20:49',NULL),(482,'TEMPERATURA','R5',122.71,120.00,'2025-08-15 04:12:44','ZAKONCZONY',NULL,'2025-08-15 06:20:49',NULL),(483,'TEMPERATURA','B01b',122.71,120.00,'2025-08-15 04:12:44','ZAKONCZONY',NULL,'2025-08-15 06:20:49',NULL),(484,'TEMPERATURA','B01c',122.71,120.00,'2025-08-15 04:12:44','ZAKONCZONY',NULL,'2025-08-15 06:20:49',NULL),(485,'TEMPERATURA','R6',122.71,120.00,'2025-08-15 04:12:44','ZAKONCZONY',NULL,'2025-08-15 06:20:49',NULL),(486,'TEMPERATURA','R7',122.71,120.00,'2025-08-15 04:12:44','ZAKONCZONY',NULL,'2025-08-15 06:20:49',NULL),(487,'TEMPERATURA','R8',122.71,120.00,'2025-08-15 04:12:44','ZAKONCZONY',NULL,'2025-08-15 06:20:49',NULL),(488,'TEMPERATURA','R9',122.71,120.00,'2025-08-15 04:12:44','ZAKONCZONY',NULL,'2025-08-15 06:20:49',NULL),(489,'TEMPERATURA','B02b',122.71,120.00,'2025-08-15 04:12:44','ZAKONCZONY',NULL,'2025-08-15 06:20:49',NULL),(490,'TEMPERATURA','B03b',122.71,120.00,'2025-08-15 04:12:44','ZAKONCZONY',NULL,'2025-08-15 06:20:49',NULL),(491,'TEMPERATURA','B04b',122.71,120.00,'2025-08-15 04:12:44','ZAKONCZONY',NULL,'2025-08-15 06:20:49',NULL),(492,'TEMPERATURA','B05b',122.71,120.00,'2025-08-15 04:12:44','ZAKONCZONY',NULL,'2025-08-15 06:20:49',NULL),(493,'TEMPERATURA','B06b',122.71,120.00,'2025-08-15 04:12:44','ZAKONCZONY',NULL,'2025-08-15 06:20:49',NULL),(494,'TEMPERATURA','B07b',122.71,120.00,'2025-08-15 04:12:44','ZAKONCZONY',NULL,'2025-08-15 06:20:49',NULL),(495,'TEMPERATURA','B08b',122.71,120.00,'2025-08-15 04:12:44','ZAKONCZONY',NULL,'2025-08-15 06:20:49',NULL),(496,'TEMPERATURA','B09b',122.71,120.00,'2025-08-15 04:12:44','ZAKONCZONY',NULL,'2025-08-15 06:20:49',NULL),(497,'TEMPERATURA','B10b',122.71,120.00,'2025-08-15 04:12:44','ZAKONCZONY',NULL,'2025-08-15 06:20:49',NULL),(498,'TEMPERATURA','B02c',122.71,120.00,'2025-08-15 04:12:44','ZAKONCZONY',NULL,'2025-08-15 06:20:49',NULL),(499,'TEMPERATURA','B03c',122.71,120.00,'2025-08-15 04:12:44','ZAKONCZONY',NULL,'2025-08-15 06:20:49',NULL),(500,'TEMPERATURA','B04c',122.71,120.00,'2025-08-15 04:12:44','ZAKONCZONY',NULL,'2025-08-15 06:20:49',NULL),(501,'TEMPERATURA','B05c',122.71,120.00,'2025-08-15 04:12:44','ZAKONCZONY',NULL,'2025-08-15 06:20:49',NULL),(502,'TEMPERATURA','B06c',122.71,120.00,'2025-08-15 04:12:44','ZAKONCZONY',NULL,'2025-08-15 06:20:49',NULL),(503,'TEMPERATURA','B07c',122.71,120.00,'2025-08-15 04:12:44','ZAKONCZONY',NULL,'2025-08-15 06:20:49',NULL),(504,'TEMPERATURA','B08c',122.71,120.00,'2025-08-15 04:12:44','ZAKONCZONY',NULL,'2025-08-15 06:20:49',NULL),(505,'TEMPERATURA','B09c',122.71,120.00,'2025-08-15 04:12:44','ZAKONCZONY',NULL,'2025-08-15 06:20:49',NULL),(506,'TEMPERATURA','B10c',122.71,120.00,'2025-08-15 04:12:44','ZAKONCZONY',NULL,'2025-08-15 06:20:49',NULL),(507,'TEMPERATURA','B11c',122.71,120.00,'2025-08-15 04:12:44','ZAKONCZONY',NULL,'2025-08-15 06:20:49',NULL),(508,'TEMPERATURA','B12c',122.71,120.00,'2025-08-15 04:12:44','ZAKONCZONY',NULL,'2025-08-15 06:20:49',NULL),(509,'TEMPERATURA','AP1',122.71,120.00,'2025-08-15 04:12:44','ZAKONCZONY',NULL,'2025-08-15 06:20:49',NULL),(510,'TEMPERATURA','AP2',122.71,120.00,'2025-08-15 04:12:44','ZAKONCZONY',NULL,'2025-08-15 06:20:49',NULL),(511,'TEMPERATURA','NIEBIESKA',122.71,120.00,'2025-08-15 04:12:44','ZAKONCZONY',NULL,'2025-08-15 06:20:49',NULL),(512,'TEMPERATURA','BIALA',122.71,120.00,'2025-08-15 04:12:44','ZAKONCZONY',NULL,'2025-08-15 06:20:49',NULL),(513,'TEMPERATURA','R2',124.91,120.00,'2025-08-15 06:28:32','ZAKONCZONY',NULL,'2025-08-15 06:30:19',NULL),(514,'TEMPERATURA','R3',124.91,120.00,'2025-08-15 06:28:32','ZAKONCZONY',NULL,'2025-08-15 06:30:19',NULL),(515,'TEMPERATURA','R4',124.91,120.00,'2025-08-15 06:28:32','ZAKONCZONY',NULL,'2025-08-15 06:30:19',NULL),(516,'TEMPERATURA','R5',124.91,120.00,'2025-08-15 06:28:32','ZAKONCZONY',NULL,'2025-08-15 06:30:19',NULL),(517,'TEMPERATURA','B01b',124.91,120.00,'2025-08-15 06:28:32','ZAKONCZONY',NULL,'2025-08-15 06:30:19',NULL),(518,'TEMPERATURA','B01c',124.91,120.00,'2025-08-15 06:28:32','ZAKONCZONY',NULL,'2025-08-15 06:30:19',NULL),(519,'TEMPERATURA','R6',124.91,120.00,'2025-08-15 06:28:32','ZAKONCZONY',NULL,'2025-08-15 06:30:19',NULL),(520,'TEMPERATURA','R7',124.91,120.00,'2025-08-15 06:28:32','ZAKONCZONY',NULL,'2025-08-15 06:30:19',NULL),(521,'TEMPERATURA','R8',124.91,120.00,'2025-08-15 06:28:32','ZAKONCZONY',NULL,'2025-08-15 06:30:19',NULL),(522,'TEMPERATURA','R9',124.91,120.00,'2025-08-15 06:28:32','ZAKONCZONY',NULL,'2025-08-15 06:30:19',NULL),(523,'TEMPERATURA','B02b',124.91,120.00,'2025-08-15 06:28:32','ZAKONCZONY',NULL,'2025-08-15 06:30:19',NULL),(524,'TEMPERATURA','B03b',124.91,120.00,'2025-08-15 06:28:32','ZAKONCZONY',NULL,'2025-08-15 06:30:19',NULL),(525,'TEMPERATURA','B04b',124.91,120.00,'2025-08-15 06:28:32','ZAKONCZONY',NULL,'2025-08-15 06:30:19',NULL),(526,'TEMPERATURA','B05b',124.91,120.00,'2025-08-15 06:28:32','ZAKONCZONY',NULL,'2025-08-15 06:30:19',NULL),(527,'TEMPERATURA','B06b',124.91,120.00,'2025-08-15 06:28:32','ZAKONCZONY',NULL,'2025-08-15 06:30:19',NULL),(528,'TEMPERATURA','B07b',124.91,120.00,'2025-08-15 06:28:32','ZAKONCZONY',NULL,'2025-08-15 06:30:19',NULL),(529,'TEMPERATURA','B08b',124.91,120.00,'2025-08-15 06:28:32','ZAKONCZONY',NULL,'2025-08-15 06:30:19',NULL),(530,'TEMPERATURA','B09b',124.91,120.00,'2025-08-15 06:28:32','ZAKONCZONY',NULL,'2025-08-15 06:30:19',NULL),(531,'TEMPERATURA','B10b',124.91,120.00,'2025-08-15 06:28:32','ZAKONCZONY',NULL,'2025-08-15 06:30:19',NULL),(532,'TEMPERATURA','B02c',124.91,120.00,'2025-08-15 06:28:32','ZAKONCZONY',NULL,'2025-08-15 06:30:19',NULL),(533,'TEMPERATURA','B03c',124.91,120.00,'2025-08-15 06:28:32','ZAKONCZONY',NULL,'2025-08-15 06:30:19',NULL),(534,'TEMPERATURA','B04c',124.91,120.00,'2025-08-15 06:28:32','ZAKONCZONY',NULL,'2025-08-15 06:30:19',NULL),(535,'TEMPERATURA','B05c',124.91,120.00,'2025-08-15 06:28:32','ZAKONCZONY',NULL,'2025-08-15 06:30:19',NULL),(536,'TEMPERATURA','B06c',124.91,120.00,'2025-08-15 06:28:32','ZAKONCZONY',NULL,'2025-08-15 06:30:19',NULL),(537,'TEMPERATURA','B07c',124.91,120.00,'2025-08-15 06:28:32','ZAKONCZONY',NULL,'2025-08-15 06:30:19',NULL),(538,'TEMPERATURA','B08c',124.91,120.00,'2025-08-15 06:28:32','ZAKONCZONY',NULL,'2025-08-15 06:30:19',NULL),(539,'TEMPERATURA','B09c',124.91,120.00,'2025-08-15 06:28:32','ZAKONCZONY',NULL,'2025-08-15 06:30:19',NULL),(540,'TEMPERATURA','B10c',124.91,120.00,'2025-08-15 06:28:32','ZAKONCZONY',NULL,'2025-08-15 06:30:19',NULL),(541,'TEMPERATURA','B11c',124.91,120.00,'2025-08-15 06:28:32','ZAKONCZONY',NULL,'2025-08-15 06:30:19',NULL),(542,'TEMPERATURA','B12c',124.91,120.00,'2025-08-15 06:28:32','ZAKONCZONY',NULL,'2025-08-15 06:30:19',NULL),(543,'TEMPERATURA','AP1',124.91,120.00,'2025-08-15 06:28:32','ZAKONCZONY',NULL,'2025-08-15 06:30:19',NULL),(544,'TEMPERATURA','AP2',124.91,120.00,'2025-08-15 06:28:32','ZAKONCZONY',NULL,'2025-08-15 06:30:19',NULL),(545,'TEMPERATURA','NIEBIESKA',124.91,120.00,'2025-08-15 06:28:32','ZAKONCZONY',NULL,'2025-08-15 06:30:19',NULL),(546,'TEMPERATURA','BIALA',124.91,120.00,'2025-08-15 06:28:32','ZAKONCZONY',NULL,'2025-08-15 06:30:19',NULL),(547,'TEMPERATURA','R2',125.22,120.00,'2025-08-15 04:30:37','ZAKONCZONY',NULL,'2025-08-15 06:40:31',NULL),(548,'TEMPERATURA','R3',125.22,120.00,'2025-08-15 04:30:37','ZAKONCZONY',NULL,'2025-08-15 06:40:31',NULL),(549,'TEMPERATURA','R4',125.22,120.00,'2025-08-15 04:30:37','ZAKONCZONY',NULL,'2025-08-15 06:40:31',NULL),(550,'TEMPERATURA','R5',125.22,120.00,'2025-08-15 04:30:37','ZAKONCZONY',NULL,'2025-08-15 06:40:31',NULL),(551,'TEMPERATURA','B01b',125.22,120.00,'2025-08-15 04:30:37','ZAKONCZONY',NULL,'2025-08-15 06:40:31',NULL),(552,'TEMPERATURA','B01c',125.22,120.00,'2025-08-15 04:30:37','ZAKONCZONY',NULL,'2025-08-15 06:40:31',NULL),(553,'TEMPERATURA','R6',125.22,120.00,'2025-08-15 04:30:37','ZAKONCZONY',NULL,'2025-08-15 06:40:31',NULL),(554,'TEMPERATURA','R7',125.22,120.00,'2025-08-15 04:30:37','ZAKONCZONY',NULL,'2025-08-15 06:40:31',NULL),(555,'TEMPERATURA','R8',125.22,120.00,'2025-08-15 04:30:37','ZAKONCZONY',NULL,'2025-08-15 06:40:31',NULL),(556,'TEMPERATURA','R9',125.22,120.00,'2025-08-15 04:30:37','ZAKONCZONY',NULL,'2025-08-15 06:40:31',NULL),(557,'TEMPERATURA','B02b',125.22,120.00,'2025-08-15 04:30:37','ZAKONCZONY',NULL,'2025-08-15 06:40:31',NULL),(558,'TEMPERATURA','B03b',125.22,120.00,'2025-08-15 04:30:37','ZAKONCZONY',NULL,'2025-08-15 06:40:31',NULL),(559,'TEMPERATURA','B04b',125.22,120.00,'2025-08-15 04:30:37','ZAKONCZONY',NULL,'2025-08-15 06:40:31',NULL),(560,'TEMPERATURA','B05b',125.22,120.00,'2025-08-15 04:30:37','ZAKONCZONY',NULL,'2025-08-15 06:40:31',NULL),(561,'TEMPERATURA','B06b',125.22,120.00,'2025-08-15 04:30:37','ZAKONCZONY',NULL,'2025-08-15 06:40:31',NULL),(562,'TEMPERATURA','B07b',125.22,120.00,'2025-08-15 04:30:37','ZAKONCZONY',NULL,'2025-08-15 06:40:31',NULL),(563,'TEMPERATURA','B08b',125.22,120.00,'2025-08-15 04:30:37','ZAKONCZONY',NULL,'2025-08-15 06:40:31',NULL),(564,'TEMPERATURA','B09b',125.22,120.00,'2025-08-15 04:30:37','ZAKONCZONY',NULL,'2025-08-15 06:40:31',NULL),(565,'TEMPERATURA','B10b',125.22,120.00,'2025-08-15 04:30:37','ZAKONCZONY',NULL,'2025-08-15 06:40:31',NULL),(566,'TEMPERATURA','B02c',125.22,120.00,'2025-08-15 04:30:37','ZAKONCZONY',NULL,'2025-08-15 06:40:31',NULL),(567,'TEMPERATURA','B03c',125.22,120.00,'2025-08-15 04:30:37','ZAKONCZONY',NULL,'2025-08-15 06:40:31',NULL),(568,'TEMPERATURA','B04c',125.22,120.00,'2025-08-15 04:30:37','ZAKONCZONY',NULL,'2025-08-15 06:40:31',NULL),(569,'TEMPERATURA','B05c',125.22,120.00,'2025-08-15 04:30:37','ZAKONCZONY',NULL,'2025-08-15 06:40:31',NULL),(570,'TEMPERATURA','B06c',125.22,120.00,'2025-08-15 04:30:37','ZAKONCZONY',NULL,'2025-08-15 06:40:31',NULL),(571,'TEMPERATURA','B07c',125.22,120.00,'2025-08-15 04:30:37','ZAKONCZONY',NULL,'2025-08-15 06:40:31',NULL),(572,'TEMPERATURA','B08c',125.22,120.00,'2025-08-15 04:30:37','ZAKONCZONY',NULL,'2025-08-15 06:40:31',NULL),(573,'TEMPERATURA','B09c',125.22,120.00,'2025-08-15 04:30:37','ZAKONCZONY',NULL,'2025-08-15 06:40:31',NULL),(574,'TEMPERATURA','B10c',125.22,120.00,'2025-08-15 04:30:37','ZAKONCZONY',NULL,'2025-08-15 06:40:31',NULL),(575,'TEMPERATURA','B11c',125.22,120.00,'2025-08-15 04:30:37','ZAKONCZONY',NULL,'2025-08-15 06:40:31',NULL),(576,'TEMPERATURA','B12c',125.22,120.00,'2025-08-15 04:30:37','ZAKONCZONY',NULL,'2025-08-15 06:40:31',NULL),(577,'TEMPERATURA','AP1',125.22,120.00,'2025-08-15 04:30:37','ZAKONCZONY',NULL,'2025-08-15 06:40:31',NULL),(578,'TEMPERATURA','AP2',125.22,120.00,'2025-08-15 04:30:37','ZAKONCZONY',NULL,'2025-08-15 06:40:31',NULL),(579,'TEMPERATURA','NIEBIESKA',125.22,120.00,'2025-08-15 04:30:37','ZAKONCZONY',NULL,'2025-08-15 06:40:31',NULL),(580,'TEMPERATURA','BIALA',125.22,120.00,'2025-08-15 04:30:37','ZAKONCZONY',NULL,'2025-08-15 06:40:31',NULL),(581,'TEMPERATURA','R2',126.83,120.00,'2025-08-15 06:42:05','ZAKONCZONY',NULL,'2025-08-15 06:43:38',NULL),(582,'TEMPERATURA','R3',126.83,120.00,'2025-08-15 06:42:05','ZAKONCZONY',NULL,'2025-08-15 06:43:38',NULL),(583,'TEMPERATURA','R4',126.83,120.00,'2025-08-15 06:42:05','ZAKONCZONY',NULL,'2025-08-15 06:43:38',NULL),(584,'TEMPERATURA','R5',126.83,120.00,'2025-08-15 06:42:05','ZAKONCZONY',NULL,'2025-08-15 06:43:38',NULL),(585,'TEMPERATURA','B01b',126.83,120.00,'2025-08-15 06:42:05','ZAKONCZONY',NULL,'2025-08-15 06:43:38',NULL),(586,'TEMPERATURA','B01c',126.83,120.00,'2025-08-15 06:42:05','ZAKONCZONY',NULL,'2025-08-15 06:43:38',NULL),(587,'TEMPERATURA','R6',126.83,120.00,'2025-08-15 06:42:05','ZAKONCZONY',NULL,'2025-08-15 06:43:38',NULL),(588,'TEMPERATURA','R7',126.83,120.00,'2025-08-15 06:42:05','ZAKONCZONY',NULL,'2025-08-15 06:43:38',NULL),(589,'TEMPERATURA','R8',126.83,120.00,'2025-08-15 06:42:05','ZAKONCZONY',NULL,'2025-08-15 06:43:38',NULL),(590,'TEMPERATURA','R9',126.83,120.00,'2025-08-15 06:42:05','ZAKONCZONY',NULL,'2025-08-15 06:43:38',NULL),(591,'TEMPERATURA','B02b',126.83,120.00,'2025-08-15 06:42:05','ZAKONCZONY',NULL,'2025-08-15 06:43:38',NULL),(592,'TEMPERATURA','B03b',126.83,120.00,'2025-08-15 06:42:05','ZAKONCZONY',NULL,'2025-08-15 06:43:38',NULL),(593,'TEMPERATURA','B04b',126.83,120.00,'2025-08-15 06:42:05','ZAKONCZONY',NULL,'2025-08-15 06:43:38',NULL),(594,'TEMPERATURA','B05b',126.83,120.00,'2025-08-15 06:42:05','ZAKONCZONY',NULL,'2025-08-15 06:43:38',NULL),(595,'TEMPERATURA','B06b',126.83,120.00,'2025-08-15 06:42:05','ZAKONCZONY',NULL,'2025-08-15 06:43:38',NULL),(596,'TEMPERATURA','B07b',126.83,120.00,'2025-08-15 06:42:05','ZAKONCZONY',NULL,'2025-08-15 06:43:38',NULL),(597,'TEMPERATURA','B08b',126.83,120.00,'2025-08-15 06:42:05','ZAKONCZONY',NULL,'2025-08-15 06:43:38',NULL),(598,'TEMPERATURA','B09b',126.83,120.00,'2025-08-15 06:42:05','ZAKONCZONY',NULL,'2025-08-15 06:43:38',NULL),(599,'TEMPERATURA','B10b',126.83,120.00,'2025-08-15 06:42:05','ZAKONCZONY',NULL,'2025-08-15 06:43:38',NULL),(600,'TEMPERATURA','B02c',126.83,120.00,'2025-08-15 06:42:05','ZAKONCZONY',NULL,'2025-08-15 06:43:38',NULL),(601,'TEMPERATURA','B03c',126.83,120.00,'2025-08-15 06:42:05','ZAKONCZONY',NULL,'2025-08-15 06:43:38',NULL),(602,'TEMPERATURA','B04c',126.83,120.00,'2025-08-15 06:42:05','ZAKONCZONY',NULL,'2025-08-15 06:43:38',NULL),(603,'TEMPERATURA','B05c',126.83,120.00,'2025-08-15 06:42:05','ZAKONCZONY',NULL,'2025-08-15 06:43:38',NULL),(604,'TEMPERATURA','B06c',126.83,120.00,'2025-08-15 06:42:05','ZAKONCZONY',NULL,'2025-08-15 06:43:38',NULL),(605,'TEMPERATURA','B07c',126.83,120.00,'2025-08-15 06:42:05','ZAKONCZONY',NULL,'2025-08-15 06:43:38',NULL),(606,'TEMPERATURA','B08c',126.83,120.00,'2025-08-15 06:42:05','ZAKONCZONY',NULL,'2025-08-15 06:43:38',NULL),(607,'TEMPERATURA','B09c',126.83,120.00,'2025-08-15 06:42:05','ZAKONCZONY',NULL,'2025-08-15 06:43:38',NULL),(608,'TEMPERATURA','B10c',126.83,120.00,'2025-08-15 06:42:05','ZAKONCZONY',NULL,'2025-08-15 06:43:38',NULL),(609,'TEMPERATURA','B11c',126.83,120.00,'2025-08-15 06:42:05','ZAKONCZONY',NULL,'2025-08-15 06:43:38',NULL),(610,'TEMPERATURA','B12c',126.83,120.00,'2025-08-15 06:42:05','ZAKONCZONY',NULL,'2025-08-15 06:43:38',NULL),(611,'TEMPERATURA','AP1',126.83,120.00,'2025-08-15 06:42:05','ZAKONCZONY',NULL,'2025-08-15 06:43:38',NULL),(612,'TEMPERATURA','AP2',126.83,120.00,'2025-08-15 06:42:05','ZAKONCZONY',NULL,'2025-08-15 06:43:38',NULL),(613,'TEMPERATURA','NIEBIESKA',126.83,120.00,'2025-08-15 06:42:05','ZAKONCZONY',NULL,'2025-08-15 06:43:38',NULL),(614,'TEMPERATURA','BIALA',126.83,120.00,'2025-08-15 06:42:05','ZAKONCZONY',NULL,'2025-08-15 06:43:38',NULL),(615,'TEMPERATURA','R2',128.38,120.00,'2025-08-15 06:53:12','ZAKONCZONY',NULL,'2025-08-15 06:53:38',NULL),(616,'TEMPERATURA','R3',128.38,120.00,'2025-08-15 06:53:12','ZAKONCZONY',NULL,'2025-08-15 06:53:38',NULL),(617,'TEMPERATURA','R4',128.38,120.00,'2025-08-15 06:53:12','ZAKONCZONY',NULL,'2025-08-15 06:53:38',NULL),(618,'TEMPERATURA','R5',128.38,120.00,'2025-08-15 06:53:12','ZAKONCZONY',NULL,'2025-08-15 06:53:38',NULL),(619,'TEMPERATURA','B01b',128.38,120.00,'2025-08-15 06:53:12','ZAKONCZONY',NULL,'2025-08-15 06:53:38',NULL),(620,'TEMPERATURA','B01c',128.38,120.00,'2025-08-15 06:53:12','ZAKONCZONY',NULL,'2025-08-15 06:53:38',NULL),(621,'TEMPERATURA','R6',128.38,120.00,'2025-08-15 06:53:12','ZAKONCZONY',NULL,'2025-08-15 06:53:38',NULL),(622,'TEMPERATURA','R7',128.38,120.00,'2025-08-15 06:53:12','ZAKONCZONY',NULL,'2025-08-15 06:53:38',NULL),(623,'TEMPERATURA','R8',128.38,120.00,'2025-08-15 06:53:12','ZAKONCZONY',NULL,'2025-08-15 06:53:38',NULL),(624,'TEMPERATURA','R9',128.38,120.00,'2025-08-15 06:53:12','ZAKONCZONY',NULL,'2025-08-15 06:53:38',NULL),(625,'TEMPERATURA','B02b',128.38,120.00,'2025-08-15 06:53:12','ZAKONCZONY',NULL,'2025-08-15 06:53:38',NULL),(626,'TEMPERATURA','B03b',128.38,120.00,'2025-08-15 06:53:12','ZAKONCZONY',NULL,'2025-08-15 06:53:38',NULL),(627,'TEMPERATURA','B04b',128.38,120.00,'2025-08-15 06:53:12','ZAKONCZONY',NULL,'2025-08-15 06:53:38',NULL),(628,'TEMPERATURA','B05b',128.38,120.00,'2025-08-15 06:53:12','ZAKONCZONY',NULL,'2025-08-15 06:53:38',NULL),(629,'TEMPERATURA','B06b',128.38,120.00,'2025-08-15 06:53:12','ZAKONCZONY',NULL,'2025-08-15 06:53:38',NULL),(630,'TEMPERATURA','B07b',128.38,120.00,'2025-08-15 06:53:12','ZAKONCZONY',NULL,'2025-08-15 06:53:38',NULL),(631,'TEMPERATURA','B08b',128.38,120.00,'2025-08-15 06:53:12','ZAKONCZONY',NULL,'2025-08-15 06:53:38',NULL),(632,'TEMPERATURA','B09b',128.38,120.00,'2025-08-15 06:53:12','ZAKONCZONY',NULL,'2025-08-15 06:53:38',NULL),(633,'TEMPERATURA','B10b',128.38,120.00,'2025-08-15 06:53:12','ZAKONCZONY',NULL,'2025-08-15 06:53:38',NULL),(634,'TEMPERATURA','B02c',128.38,120.00,'2025-08-15 06:53:12','ZAKONCZONY',NULL,'2025-08-15 06:53:38',NULL),(635,'TEMPERATURA','B03c',128.38,120.00,'2025-08-15 06:53:12','ZAKONCZONY',NULL,'2025-08-15 06:53:38',NULL),(636,'TEMPERATURA','B04c',128.38,120.00,'2025-08-15 06:53:12','ZAKONCZONY',NULL,'2025-08-15 06:53:38',NULL),(637,'TEMPERATURA','B05c',128.38,120.00,'2025-08-15 06:53:12','ZAKONCZONY',NULL,'2025-08-15 06:53:38',NULL),(638,'TEMPERATURA','B06c',128.38,120.00,'2025-08-15 06:53:12','ZAKONCZONY',NULL,'2025-08-15 06:53:38',NULL),(639,'TEMPERATURA','B07c',128.38,120.00,'2025-08-15 06:53:12','ZAKONCZONY',NULL,'2025-08-15 06:53:38',NULL),(640,'TEMPERATURA','B08c',128.38,120.00,'2025-08-15 06:53:12','ZAKONCZONY',NULL,'2025-08-15 06:53:38',NULL),(641,'TEMPERATURA','B09c',128.38,120.00,'2025-08-15 06:53:12','ZAKONCZONY',NULL,'2025-08-15 06:53:38',NULL),(642,'TEMPERATURA','B10c',128.38,120.00,'2025-08-15 06:53:12','ZAKONCZONY',NULL,'2025-08-15 06:53:38',NULL),(643,'TEMPERATURA','B11c',128.38,120.00,'2025-08-15 06:53:12','ZAKONCZONY',NULL,'2025-08-15 06:53:38',NULL),(644,'TEMPERATURA','B12c',128.38,120.00,'2025-08-15 06:53:12','ZAKONCZONY',NULL,'2025-08-15 06:53:38',NULL),(645,'TEMPERATURA','AP1',128.38,120.00,'2025-08-15 06:53:12','ZAKONCZONY',NULL,'2025-08-15 06:53:38',NULL),(646,'TEMPERATURA','AP2',128.38,120.00,'2025-08-15 06:53:12','ZAKONCZONY',NULL,'2025-08-15 06:53:38',NULL),(647,'TEMPERATURA','NIEBIESKA',128.38,120.00,'2025-08-15 06:53:12','ZAKONCZONY',NULL,'2025-08-15 06:53:38',NULL),(648,'TEMPERATURA','BIALA',128.38,120.00,'2025-08-15 06:53:12','ZAKONCZONY',NULL,'2025-08-15 06:53:38',NULL),(649,'TEMPERATURA','R2',131.18,120.00,'2025-08-15 07:13:12','ZAKONCZONY',NULL,'2025-08-15 05:16:19',NULL),(650,'TEMPERATURA','R3',131.18,120.00,'2025-08-15 07:13:12','ZAKONCZONY',NULL,'2025-08-15 05:16:19',NULL),(651,'TEMPERATURA','R4',131.18,120.00,'2025-08-15 07:13:12','ZAKONCZONY',NULL,'2025-08-15 05:16:19',NULL),(652,'TEMPERATURA','R5',131.18,120.00,'2025-08-15 07:13:12','ZAKONCZONY',NULL,'2025-08-15 05:16:19',NULL),(653,'TEMPERATURA','B01b',131.18,120.00,'2025-08-15 07:13:12','ZAKONCZONY',NULL,'2025-08-15 05:16:19',NULL),(654,'TEMPERATURA','B01c',131.18,120.00,'2025-08-15 07:13:12','ZAKONCZONY',NULL,'2025-08-15 05:16:19',NULL),(655,'TEMPERATURA','R6',131.18,120.00,'2025-08-15 07:13:12','ZAKONCZONY',NULL,'2025-08-15 05:16:19',NULL),(656,'TEMPERATURA','R7',131.18,120.00,'2025-08-15 07:13:12','ZAKONCZONY',NULL,'2025-08-15 05:16:19',NULL),(657,'TEMPERATURA','R8',131.18,120.00,'2025-08-15 07:13:12','ZAKONCZONY',NULL,'2025-08-15 05:16:19',NULL),(658,'TEMPERATURA','R9',131.18,120.00,'2025-08-15 07:13:12','ZAKONCZONY',NULL,'2025-08-15 05:16:19',NULL),(659,'TEMPERATURA','B02b',131.18,120.00,'2025-08-15 07:13:12','ZAKONCZONY',NULL,'2025-08-15 05:16:19',NULL),(660,'TEMPERATURA','B03b',131.18,120.00,'2025-08-15 07:13:12','ZAKONCZONY',NULL,'2025-08-15 05:16:19',NULL),(661,'TEMPERATURA','B04b',131.18,120.00,'2025-08-15 07:13:12','ZAKONCZONY',NULL,'2025-08-15 05:16:19',NULL),(662,'TEMPERATURA','B05b',131.18,120.00,'2025-08-15 07:13:12','ZAKONCZONY',NULL,'2025-08-15 05:16:19',NULL),(663,'TEMPERATURA','B06b',131.18,120.00,'2025-08-15 07:13:12','ZAKONCZONY',NULL,'2025-08-15 05:16:19',NULL),(664,'TEMPERATURA','B07b',131.18,120.00,'2025-08-15 07:13:12','ZAKONCZONY',NULL,'2025-08-15 05:16:19',NULL),(665,'TEMPERATURA','B08b',131.18,120.00,'2025-08-15 07:13:12','ZAKONCZONY',NULL,'2025-08-15 05:16:19',NULL),(666,'TEMPERATURA','B09b',131.18,120.00,'2025-08-15 07:13:12','ZAKONCZONY',NULL,'2025-08-15 05:16:19',NULL),(667,'TEMPERATURA','B10b',131.18,120.00,'2025-08-15 07:13:12','ZAKONCZONY',NULL,'2025-08-15 05:16:19',NULL),(668,'TEMPERATURA','B02c',131.18,120.00,'2025-08-15 07:13:12','ZAKONCZONY',NULL,'2025-08-15 05:16:19',NULL),(669,'TEMPERATURA','B03c',131.18,120.00,'2025-08-15 07:13:12','ZAKONCZONY',NULL,'2025-08-15 05:16:19',NULL),(670,'TEMPERATURA','B04c',131.18,120.00,'2025-08-15 07:13:12','ZAKONCZONY',NULL,'2025-08-15 05:16:19',NULL),(671,'TEMPERATURA','B05c',131.18,120.00,'2025-08-15 07:13:12','ZAKONCZONY',NULL,'2025-08-15 05:16:19',NULL),(672,'TEMPERATURA','B06c',131.18,120.00,'2025-08-15 07:13:12','ZAKONCZONY',NULL,'2025-08-15 05:16:19',NULL),(673,'TEMPERATURA','B07c',131.18,120.00,'2025-08-15 07:13:12','ZAKONCZONY',NULL,'2025-08-15 05:16:19',NULL),(674,'TEMPERATURA','B08c',131.18,120.00,'2025-08-15 07:13:12','ZAKONCZONY',NULL,'2025-08-15 05:16:19',NULL),(675,'TEMPERATURA','B09c',131.18,120.00,'2025-08-15 07:13:12','ZAKONCZONY',NULL,'2025-08-15 05:16:19',NULL),(676,'TEMPERATURA','B10c',131.18,120.00,'2025-08-15 07:13:12','ZAKONCZONY',NULL,'2025-08-15 05:16:19',NULL),(677,'TEMPERATURA','B11c',131.18,120.00,'2025-08-15 07:13:12','ZAKONCZONY',NULL,'2025-08-15 05:16:19',NULL),(678,'TEMPERATURA','B12c',131.18,120.00,'2025-08-15 07:13:12','ZAKONCZONY',NULL,'2025-08-15 05:16:19',NULL),(679,'TEMPERATURA','AP1',131.18,120.00,'2025-08-15 07:13:12','ZAKONCZONY',NULL,'2025-08-15 05:16:19',NULL),(680,'TEMPERATURA','AP2',131.18,120.00,'2025-08-15 07:13:12','ZAKONCZONY',NULL,'2025-08-15 05:16:19',NULL),(681,'TEMPERATURA','NIEBIESKA',131.18,120.00,'2025-08-15 07:13:12','ZAKONCZONY',NULL,'2025-08-15 05:16:19',NULL),(682,'TEMPERATURA','BIALA',131.18,120.00,'2025-08-15 07:13:12','ZAKONCZONY',NULL,'2025-08-15 05:16:19',NULL),(683,'TEMPERATURA','R2',999.00,120.00,'2025-08-15 07:22:42','ZAKONCZONY',NULL,'2025-08-15 07:44:29',NULL),(684,'TEMPERATURA','R3',999.00,120.00,'2025-08-15 07:22:42','ZAKONCZONY',NULL,'2025-08-15 07:44:29',NULL),(685,'TEMPERATURA','R4',999.00,120.00,'2025-08-15 07:22:42','ZAKONCZONY',NULL,'2025-08-15 07:44:29',NULL),(686,'TEMPERATURA','R5',999.00,120.00,'2025-08-15 07:22:42','ZAKONCZONY',NULL,'2025-08-15 07:44:29',NULL),(687,'TEMPERATURA','B01b',999.00,120.00,'2025-08-15 07:22:42','ZAKONCZONY',NULL,'2025-08-15 07:44:59',NULL),(688,'TEMPERATURA','B01c',999.00,120.00,'2025-08-15 07:22:42','ZAKONCZONY',NULL,'2025-08-15 07:44:59',NULL),(689,'TEMPERATURA','R6',999.00,120.00,'2025-08-15 07:22:42','ZAKONCZONY',NULL,'2025-08-15 07:44:29',NULL),(690,'TEMPERATURA','R7',999.00,120.00,'2025-08-15 07:22:42','ZAKONCZONY',NULL,'2025-08-15 07:44:29',NULL),(691,'TEMPERATURA','R8',999.00,120.00,'2025-08-15 07:22:42','ZAKONCZONY',NULL,'2025-08-15 07:44:29',NULL),(692,'TEMPERATURA','R9',999.00,120.00,'2025-08-15 07:22:42','ZAKONCZONY',NULL,'2025-08-15 07:44:29',NULL),(693,'TEMPERATURA','B02b',999.00,120.00,'2025-08-15 07:22:42','ZAKONCZONY',NULL,'2025-08-15 07:44:59',NULL),(694,'TEMPERATURA','B03b',999.00,120.00,'2025-08-15 07:22:42','ZAKONCZONY',NULL,'2025-08-15 07:44:59',NULL),(695,'TEMPERATURA','B04b',999.00,120.00,'2025-08-15 07:22:42','ZAKONCZONY',NULL,'2025-08-15 07:44:59',NULL),(696,'TEMPERATURA','B05b',999.00,120.00,'2025-08-15 07:22:42','ZAKONCZONY',NULL,'2025-08-15 07:44:59',NULL),(697,'TEMPERATURA','B06b',999.00,120.00,'2025-08-15 07:22:42','ZAKONCZONY',NULL,'2025-08-15 07:44:59',NULL),(698,'TEMPERATURA','B07b',999.00,120.00,'2025-08-15 07:22:42','ZAKONCZONY',NULL,'2025-08-15 07:44:59',NULL),(699,'TEMPERATURA','B08b',999.00,120.00,'2025-08-15 07:22:42','ZAKONCZONY',NULL,'2025-08-15 07:44:59',NULL),(700,'TEMPERATURA','B09b',999.00,120.00,'2025-08-15 07:22:42','ZAKONCZONY',NULL,'2025-08-15 07:44:59',NULL),(701,'TEMPERATURA','B10b',999.00,120.00,'2025-08-15 07:22:42','ZAKONCZONY',NULL,'2025-08-15 07:44:59',NULL),(702,'TEMPERATURA','B02c',999.00,120.00,'2025-08-15 07:22:42','ZAKONCZONY',NULL,'2025-08-15 07:44:59',NULL),(703,'TEMPERATURA','B03c',999.00,120.00,'2025-08-15 07:22:42','ZAKONCZONY',NULL,'2025-08-15 07:44:59',NULL),(704,'TEMPERATURA','B04c',999.00,120.00,'2025-08-15 07:22:42','ZAKONCZONY',NULL,'2025-08-15 07:44:59',NULL),(705,'TEMPERATURA','B05c',999.00,120.00,'2025-08-15 07:22:42','ZAKONCZONY',NULL,'2025-08-15 07:44:59',NULL),(706,'TEMPERATURA','B06c',999.00,120.00,'2025-08-15 07:22:42','ZAKONCZONY',NULL,'2025-08-15 07:44:59',NULL),(707,'TEMPERATURA','B07c',999.00,120.00,'2025-08-15 07:22:42','ZAKONCZONY',NULL,'2025-08-15 07:44:59',NULL),(708,'TEMPERATURA','B08c',999.00,120.00,'2025-08-15 07:22:42','ZAKONCZONY',NULL,'2025-08-15 07:44:59',NULL),(709,'TEMPERATURA','B09c',999.00,120.00,'2025-08-15 07:22:42','ZAKONCZONY',NULL,'2025-08-15 07:44:59',NULL),(710,'TEMPERATURA','B10c',999.00,120.00,'2025-08-15 07:22:42','ZAKONCZONY',NULL,'2025-08-15 07:44:59',NULL),(711,'TEMPERATURA','B11c',999.00,120.00,'2025-08-15 07:22:42','ZAKONCZONY',NULL,'2025-08-15 07:44:59',NULL),(712,'TEMPERATURA','B12c',999.00,120.00,'2025-08-15 07:22:42','ZAKONCZONY',NULL,'2025-08-15 07:44:59',NULL),(713,'TEMPERATURA','AP1',999.00,120.00,'2025-08-15 07:22:42','ZAKONCZONY',NULL,'2025-08-15 07:44:59',NULL),(714,'TEMPERATURA','AP2',999.00,120.00,'2025-08-15 07:22:42','ZAKONCZONY',NULL,'2025-08-15 07:44:59',NULL),(715,'TEMPERATURA','NIEBIESKA',999.00,120.00,'2025-08-15 07:22:42','ZAKONCZONY',NULL,'2025-08-15 07:44:59',NULL),(716,'TEMPERATURA','BIALA',999.00,120.00,'2025-08-15 07:22:42','ZAKONCZONY',NULL,'2025-08-15 07:44:59',NULL),(717,'TEMPERATURA','R1',999.56,60.00,'2025-08-15 09:41:52','ZAKONCZONY',NULL,'2025-08-15 07:44:29',NULL),(718,'TEMPERATURA','R1',60.33,60.00,'2025-08-15 16:05:53','ZAKONCZONY',NULL,'2025-08-16 04:57:14',NULL),(719,'TEMPERATURA','R2',120.53,120.00,'2025-08-15 23:15:53','ZAKONCZONY',NULL,'2025-08-16 04:57:14',NULL),(720,'TEMPERATURA','R3',120.53,120.00,'2025-08-15 23:15:53','ZAKONCZONY',NULL,'2025-08-16 04:57:14',NULL),(721,'TEMPERATURA','R4',120.53,120.00,'2025-08-15 23:15:53','ZAKONCZONY',NULL,'2025-08-16 04:57:14',NULL),(722,'TEMPERATURA','R5',120.53,120.00,'2025-08-15 23:15:53','ZAKONCZONY',NULL,'2025-08-16 04:57:14',NULL),(723,'TEMPERATURA','B01b',120.53,120.00,'2025-08-15 23:15:53','ZAKONCZONY',NULL,'2025-08-16 04:57:14',NULL),(724,'TEMPERATURA','B01c',120.53,120.00,'2025-08-15 23:15:53','ZAKONCZONY',NULL,'2025-08-16 04:57:14',NULL),(725,'TEMPERATURA','R6',120.53,120.00,'2025-08-15 23:15:53','ZAKONCZONY',NULL,'2025-08-16 04:57:14',NULL),(726,'TEMPERATURA','R7',120.53,120.00,'2025-08-15 23:15:53','ZAKONCZONY',NULL,'2025-08-16 04:57:14',NULL),(727,'TEMPERATURA','R8',120.53,120.00,'2025-08-15 23:15:53','ZAKONCZONY',NULL,'2025-08-16 04:57:14',NULL),(728,'TEMPERATURA','R9',120.53,120.00,'2025-08-15 23:15:53','ZAKONCZONY',NULL,'2025-08-16 04:57:14',NULL),(729,'TEMPERATURA','B02b',120.53,120.00,'2025-08-15 23:15:53','ZAKONCZONY',NULL,'2025-08-16 04:57:14',NULL),(730,'TEMPERATURA','B03b',120.53,120.00,'2025-08-15 23:15:53','ZAKONCZONY',NULL,'2025-08-16 04:57:14',NULL),(731,'TEMPERATURA','B04b',120.53,120.00,'2025-08-15 23:15:53','ZAKONCZONY',NULL,'2025-08-16 04:57:14',NULL),(732,'TEMPERATURA','B05b',120.53,120.00,'2025-08-15 23:15:53','ZAKONCZONY',NULL,'2025-08-16 04:57:14',NULL),(733,'TEMPERATURA','B06b',120.53,120.00,'2025-08-15 23:15:53','ZAKONCZONY',NULL,'2025-08-16 04:57:14',NULL),(734,'TEMPERATURA','B07b',120.53,120.00,'2025-08-15 23:15:53','ZAKONCZONY',NULL,'2025-08-16 04:57:14',NULL),(735,'TEMPERATURA','B08b',120.53,120.00,'2025-08-15 23:15:53','ZAKONCZONY',NULL,'2025-08-16 04:57:14',NULL),(736,'TEMPERATURA','B09b',120.53,120.00,'2025-08-15 23:15:53','ZAKONCZONY',NULL,'2025-08-16 04:57:14',NULL),(737,'TEMPERATURA','B10b',120.53,120.00,'2025-08-15 23:15:53','ZAKONCZONY',NULL,'2025-08-16 04:57:14',NULL),(738,'TEMPERATURA','B02c',120.53,120.00,'2025-08-15 23:15:53','ZAKONCZONY',NULL,'2025-08-16 04:57:14',NULL),(739,'TEMPERATURA','B03c',120.53,120.00,'2025-08-15 23:15:53','ZAKONCZONY',NULL,'2025-08-16 04:57:14',NULL),(740,'TEMPERATURA','B04c',120.53,120.00,'2025-08-15 23:15:53','ZAKONCZONY',NULL,'2025-08-16 04:57:14',NULL),(741,'TEMPERATURA','B05c',120.53,120.00,'2025-08-15 23:15:53','ZAKONCZONY',NULL,'2025-08-16 04:57:14',NULL),(742,'TEMPERATURA','B06c',120.53,120.00,'2025-08-15 23:15:53','ZAKONCZONY',NULL,'2025-08-16 04:57:14',NULL),(743,'TEMPERATURA','B07c',120.53,120.00,'2025-08-15 23:15:53','ZAKONCZONY',NULL,'2025-08-16 04:57:14',NULL),(744,'TEMPERATURA','B08c',120.53,120.00,'2025-08-15 23:15:53','ZAKONCZONY',NULL,'2025-08-16 04:57:14',NULL),(745,'TEMPERATURA','B09c',120.53,120.00,'2025-08-15 23:15:53','ZAKONCZONY',NULL,'2025-08-16 04:57:14',NULL),(746,'TEMPERATURA','B10c',120.53,120.00,'2025-08-15 23:15:53','ZAKONCZONY',NULL,'2025-08-16 04:57:14',NULL),(747,'TEMPERATURA','B11c',120.53,120.00,'2025-08-15 23:15:53','ZAKONCZONY',NULL,'2025-08-16 04:57:14',NULL),(748,'TEMPERATURA','B12c',120.53,120.00,'2025-08-15 23:15:53','ZAKONCZONY',NULL,'2025-08-16 04:57:14',NULL),(749,'TEMPERATURA','AP1',120.53,120.00,'2025-08-15 23:15:53','ZAKONCZONY',NULL,'2025-08-16 04:57:14',NULL),(750,'TEMPERATURA','AP2',120.53,120.00,'2025-08-15 23:15:53','ZAKONCZONY',NULL,'2025-08-16 04:57:14',NULL),(751,'TEMPERATURA','NIEBIESKA',120.53,120.00,'2025-08-15 23:15:53','ZAKONCZONY',NULL,'2025-08-16 04:57:14',NULL),(752,'TEMPERATURA','BIALA',120.53,120.00,'2025-08-15 23:15:53','ZAKONCZONY',NULL,'2025-08-16 04:57:14',NULL),(753,'TEMPERATURA','R1',60.12,60.00,'2025-08-16 10:28:44','ZAKONCZONY',NULL,'2025-08-16 19:29:43',NULL),(754,'TEMPERATURA','R2',120.11,120.00,'2025-08-16 17:37:43','ZAKONCZONY',NULL,'2025-08-16 19:29:43',NULL),(755,'TEMPERATURA','R3',120.11,120.00,'2025-08-16 17:37:43','ZAKONCZONY',NULL,'2025-08-16 19:29:43',NULL),(756,'TEMPERATURA','R4',120.11,120.00,'2025-08-16 17:37:43','ZAKONCZONY',NULL,'2025-08-16 19:29:43',NULL),(757,'TEMPERATURA','R5',120.11,120.00,'2025-08-16 17:37:43','ZAKONCZONY',NULL,'2025-08-16 19:29:43',NULL),(758,'TEMPERATURA','B01b',120.11,120.00,'2025-08-16 17:37:43','ZAKONCZONY',NULL,'2025-08-16 19:29:43',NULL),(759,'TEMPERATURA','B01c',120.11,120.00,'2025-08-16 17:37:43','ZAKONCZONY',NULL,'2025-08-16 19:29:43',NULL),(760,'TEMPERATURA','R6',120.11,120.00,'2025-08-16 17:37:43','ZAKONCZONY',NULL,'2025-08-16 19:29:43',NULL),(761,'TEMPERATURA','R7',120.11,120.00,'2025-08-16 17:37:43','ZAKONCZONY',NULL,'2025-08-16 19:29:43',NULL),(762,'TEMPERATURA','R8',120.11,120.00,'2025-08-16 17:37:43','ZAKONCZONY',NULL,'2025-08-16 19:29:43',NULL),(763,'TEMPERATURA','R9',120.11,120.00,'2025-08-16 17:37:43','ZAKONCZONY',NULL,'2025-08-16 19:29:43',NULL),(764,'TEMPERATURA','B02b',120.11,120.00,'2025-08-16 17:37:43','ZAKONCZONY',NULL,'2025-08-16 19:29:43',NULL),(765,'TEMPERATURA','B03b',120.11,120.00,'2025-08-16 17:37:43','ZAKONCZONY',NULL,'2025-08-16 19:29:43',NULL),(766,'TEMPERATURA','B04b',120.11,120.00,'2025-08-16 17:37:43','ZAKONCZONY',NULL,'2025-08-16 19:29:43',NULL),(767,'TEMPERATURA','B05b',120.11,120.00,'2025-08-16 17:37:43','ZAKONCZONY',NULL,'2025-08-16 19:29:43',NULL),(768,'TEMPERATURA','B06b',120.11,120.00,'2025-08-16 17:37:43','ZAKONCZONY',NULL,'2025-08-16 19:29:43',NULL),(769,'TEMPERATURA','B07b',120.11,120.00,'2025-08-16 17:37:43','ZAKONCZONY',NULL,'2025-08-16 19:29:43',NULL),(770,'TEMPERATURA','B08b',120.11,120.00,'2025-08-16 17:37:43','ZAKONCZONY',NULL,'2025-08-16 19:29:43',NULL),(771,'TEMPERATURA','B09b',120.12,120.00,'2025-08-16 17:37:43','ZAKONCZONY',NULL,'2025-08-16 19:29:43',NULL),(772,'TEMPERATURA','B10b',120.12,120.00,'2025-08-16 17:37:43','ZAKONCZONY',NULL,'2025-08-16 19:29:43',NULL),(773,'TEMPERATURA','B02c',120.12,120.00,'2025-08-16 17:37:43','ZAKONCZONY',NULL,'2025-08-16 19:29:43',NULL),(774,'TEMPERATURA','B03c',120.12,120.00,'2025-08-16 17:37:43','ZAKONCZONY',NULL,'2025-08-16 19:29:43',NULL),(775,'TEMPERATURA','B04c',120.12,120.00,'2025-08-16 17:37:43','ZAKONCZONY',NULL,'2025-08-16 19:29:43',NULL),(776,'TEMPERATURA','B05c',120.12,120.00,'2025-08-16 17:37:43','ZAKONCZONY',NULL,'2025-08-16 19:29:43',NULL),(777,'TEMPERATURA','B06c',120.12,120.00,'2025-08-16 17:37:43','ZAKONCZONY',NULL,'2025-08-16 19:29:43',NULL),(778,'TEMPERATURA','B07c',120.12,120.00,'2025-08-16 17:37:43','ZAKONCZONY',NULL,'2025-08-16 19:29:43',NULL),(779,'TEMPERATURA','B08c',120.12,120.00,'2025-08-16 17:37:43','ZAKONCZONY',NULL,'2025-08-16 19:29:43',NULL),(780,'TEMPERATURA','B09c',120.12,120.00,'2025-08-16 17:37:43','ZAKONCZONY',NULL,'2025-08-16 19:29:43',NULL),(781,'TEMPERATURA','B10c',120.12,120.00,'2025-08-16 17:37:43','ZAKONCZONY',NULL,'2025-08-16 19:29:43',NULL),(782,'TEMPERATURA','B11c',120.12,120.00,'2025-08-16 17:37:43','ZAKONCZONY',NULL,'2025-08-16 19:29:43',NULL),(783,'TEMPERATURA','B12c',120.12,120.00,'2025-08-16 17:37:43','ZAKONCZONY',NULL,'2025-08-16 19:29:43',NULL),(784,'TEMPERATURA','AP1',120.12,120.00,'2025-08-16 17:37:43','ZAKONCZONY',NULL,'2025-08-16 19:29:43',NULL),(785,'TEMPERATURA','AP2',120.12,120.00,'2025-08-16 17:37:43','ZAKONCZONY',NULL,'2025-08-16 19:29:43',NULL),(786,'TEMPERATURA','NIEBIESKA',120.12,120.00,'2025-08-16 17:37:43','ZAKONCZONY',NULL,'2025-08-16 19:29:43',NULL),(787,'TEMPERATURA','BIALA',120.12,120.00,'2025-08-16 17:37:43','ZAKONCZONY',NULL,'2025-08-16 19:29:43',NULL),(788,'TEMPERATURA','R1',60.42,60.00,'2025-08-17 01:01:01','ZAKONCZONY',NULL,'2025-08-17 13:38:18',NULL),(789,'TEMPERATURA','R2',120.62,120.00,'2025-08-17 08:11:01','ZAKONCZONY',NULL,'2025-08-17 13:38:18',NULL),(790,'TEMPERATURA','R3',120.62,120.00,'2025-08-17 08:11:01','ZAKONCZONY',NULL,'2025-08-17 13:38:18',NULL),(791,'TEMPERATURA','R4',120.62,120.00,'2025-08-17 08:11:01','ZAKONCZONY',NULL,'2025-08-17 13:38:18',NULL),(792,'TEMPERATURA','R5',120.62,120.00,'2025-08-17 08:11:01','ZAKONCZONY',NULL,'2025-08-17 13:38:18',NULL),(793,'TEMPERATURA','B01b',120.62,120.00,'2025-08-17 08:11:01','ZAKONCZONY',NULL,'2025-08-17 13:38:18',NULL),(794,'TEMPERATURA','B01c',120.62,120.00,'2025-08-17 08:11:01','ZAKONCZONY',NULL,'2025-08-17 13:38:18',NULL),(795,'TEMPERATURA','R6',120.62,120.00,'2025-08-17 08:11:01','ZAKONCZONY',NULL,'2025-08-17 13:38:18',NULL),(796,'TEMPERATURA','R7',120.62,120.00,'2025-08-17 08:11:01','ZAKONCZONY',NULL,'2025-08-17 13:38:18',NULL),(797,'TEMPERATURA','R8',120.62,120.00,'2025-08-17 08:11:01','ZAKONCZONY',NULL,'2025-08-17 13:38:18',NULL),(798,'TEMPERATURA','R9',120.62,120.00,'2025-08-17 08:11:01','ZAKONCZONY',NULL,'2025-08-17 13:38:18',NULL),(799,'TEMPERATURA','B02b',120.62,120.00,'2025-08-17 08:11:01','ZAKONCZONY',NULL,'2025-08-17 13:38:18',NULL),(800,'TEMPERATURA','B03b',120.62,120.00,'2025-08-17 08:11:01','ZAKONCZONY',NULL,'2025-08-17 13:38:18',NULL),(801,'TEMPERATURA','B04b',120.62,120.00,'2025-08-17 08:11:01','ZAKONCZONY',NULL,'2025-08-17 13:38:18',NULL),(802,'TEMPERATURA','B05b',120.62,120.00,'2025-08-17 08:11:01','ZAKONCZONY',NULL,'2025-08-17 13:38:18',NULL),(803,'TEMPERATURA','B06b',120.62,120.00,'2025-08-17 08:11:01','ZAKONCZONY',NULL,'2025-08-17 13:38:18',NULL),(804,'TEMPERATURA','B07b',120.62,120.00,'2025-08-17 08:11:01','ZAKONCZONY',NULL,'2025-08-17 13:38:18',NULL),(805,'TEMPERATURA','B08b',120.62,120.00,'2025-08-17 08:11:01','ZAKONCZONY',NULL,'2025-08-17 13:38:18',NULL),(806,'TEMPERATURA','B09b',120.62,120.00,'2025-08-17 08:11:01','ZAKONCZONY',NULL,'2025-08-17 13:38:18',NULL),(807,'TEMPERATURA','B10b',120.62,120.00,'2025-08-17 08:11:01','ZAKONCZONY',NULL,'2025-08-17 13:38:18',NULL),(808,'TEMPERATURA','B02c',120.62,120.00,'2025-08-17 08:11:01','ZAKONCZONY',NULL,'2025-08-17 13:38:18',NULL),(809,'TEMPERATURA','B03c',120.62,120.00,'2025-08-17 08:11:01','ZAKONCZONY',NULL,'2025-08-17 13:38:18',NULL),(810,'TEMPERATURA','B04c',120.62,120.00,'2025-08-17 08:11:01','ZAKONCZONY',NULL,'2025-08-17 13:38:18',NULL),(811,'TEMPERATURA','B05c',120.62,120.00,'2025-08-17 08:11:01','ZAKONCZONY',NULL,'2025-08-17 13:38:18',NULL),(812,'TEMPERATURA','B06c',120.62,120.00,'2025-08-17 08:11:01','ZAKONCZONY',NULL,'2025-08-17 13:38:18',NULL),(813,'TEMPERATURA','B07c',120.62,120.00,'2025-08-17 08:11:01','ZAKONCZONY',NULL,'2025-08-17 13:38:18',NULL),(814,'TEMPERATURA','B08c',120.62,120.00,'2025-08-17 08:11:01','ZAKONCZONY',NULL,'2025-08-17 13:38:18',NULL),(815,'TEMPERATURA','B09c',120.62,120.00,'2025-08-17 08:11:01','ZAKONCZONY',NULL,'2025-08-17 13:38:18',NULL),(816,'TEMPERATURA','B10c',120.62,120.00,'2025-08-17 08:11:01','ZAKONCZONY',NULL,'2025-08-17 13:38:18',NULL),(817,'TEMPERATURA','B11c',120.62,120.00,'2025-08-17 08:11:01','ZAKONCZONY',NULL,'2025-08-17 13:38:18',NULL),(818,'TEMPERATURA','B12c',120.62,120.00,'2025-08-17 08:11:01','ZAKONCZONY',NULL,'2025-08-17 13:38:18',NULL),(819,'TEMPERATURA','AP1',120.62,120.00,'2025-08-17 08:11:01','ZAKONCZONY',NULL,'2025-08-17 13:38:18',NULL),(820,'TEMPERATURA','AP2',120.62,120.00,'2025-08-17 08:11:01','ZAKONCZONY',NULL,'2025-08-17 13:38:18',NULL),(821,'TEMPERATURA','NIEBIESKA',120.62,120.00,'2025-08-17 08:11:01','ZAKONCZONY',NULL,'2025-08-17 13:38:18',NULL),(822,'TEMPERATURA','BIALA',120.62,120.00,'2025-08-17 08:11:01','ZAKONCZONY',NULL,'2025-08-17 13:38:18',NULL),(823,'TEMPERATURA','R1',60.40,60.00,'2025-08-17 19:31:18','ZAKONCZONY',NULL,'2025-08-20 20:41:57',NULL),(824,'TEMPERATURA','R2',152.80,120.00,'2025-08-18 06:31:27','ZAKONCZONY',NULL,'2025-08-20 20:41:57',NULL),(825,'TEMPERATURA','R3',152.80,120.00,'2025-08-18 06:31:27','ZAKONCZONY',NULL,'2025-08-20 20:41:57',NULL),(826,'TEMPERATURA','R4',152.80,120.00,'2025-08-18 06:31:27','ZAKONCZONY',NULL,'2025-08-20 20:41:57',NULL),(827,'TEMPERATURA','R5',152.80,120.00,'2025-08-18 06:31:27','ZAKONCZONY',NULL,'2025-08-20 20:41:57',NULL),(828,'TEMPERATURA','B01b',152.80,120.00,'2025-08-18 06:31:27','ZAKONCZONY',NULL,'2025-08-20 20:41:57',NULL),(829,'TEMPERATURA','B01c',152.80,120.00,'2025-08-18 06:31:27','ZAKONCZONY',NULL,'2025-08-20 20:41:57',NULL),(830,'TEMPERATURA','R6',152.80,120.00,'2025-08-18 06:31:27','ZAKONCZONY',NULL,'2025-08-20 20:41:57',NULL),(831,'TEMPERATURA','R7',152.80,120.00,'2025-08-18 06:31:27','ZAKONCZONY',NULL,'2025-08-20 20:41:57',NULL),(832,'TEMPERATURA','R8',152.80,120.00,'2025-08-18 06:31:27','ZAKONCZONY',NULL,'2025-08-20 20:41:57',NULL),(833,'TEMPERATURA','R9',152.80,120.00,'2025-08-18 06:31:27','ZAKONCZONY',NULL,'2025-08-20 20:41:57',NULL),(834,'TEMPERATURA','B02b',152.80,120.00,'2025-08-18 06:31:27','ZAKONCZONY',NULL,'2025-08-20 20:41:57',NULL),(835,'TEMPERATURA','B03b',152.80,120.00,'2025-08-18 06:31:27','ZAKONCZONY',NULL,'2025-08-20 20:41:57',NULL),(836,'TEMPERATURA','B04b',152.80,120.00,'2025-08-18 06:31:27','ZAKONCZONY',NULL,'2025-08-20 20:41:57',NULL),(837,'TEMPERATURA','B05b',152.80,120.00,'2025-08-18 06:31:27','ZAKONCZONY',NULL,'2025-08-20 20:41:57',NULL),(838,'TEMPERATURA','B06b',152.80,120.00,'2025-08-18 06:31:27','ZAKONCZONY',NULL,'2025-08-20 20:41:57',NULL),(839,'TEMPERATURA','B07b',152.80,120.00,'2025-08-18 06:31:27','ZAKONCZONY',NULL,'2025-08-20 20:41:57',NULL),(840,'TEMPERATURA','B08b',152.80,120.00,'2025-08-18 06:31:27','ZAKONCZONY',NULL,'2025-08-20 20:41:57',NULL),(841,'TEMPERATURA','B09b',152.80,120.00,'2025-08-18 06:31:27','ZAKONCZONY',NULL,'2025-08-20 20:41:57',NULL),(842,'TEMPERATURA','B10b',152.80,120.00,'2025-08-18 06:31:27','ZAKONCZONY',NULL,'2025-08-20 20:41:57',NULL),(843,'TEMPERATURA','B02c',152.80,120.00,'2025-08-18 06:31:27','ZAKONCZONY',NULL,'2025-08-20 20:41:57',NULL),(844,'TEMPERATURA','B03c',152.80,120.00,'2025-08-18 06:31:27','ZAKONCZONY',NULL,'2025-08-20 20:41:57',NULL),(845,'TEMPERATURA','B04c',152.80,120.00,'2025-08-18 06:31:27','ZAKONCZONY',NULL,'2025-08-20 20:41:57',NULL),(846,'TEMPERATURA','B05c',152.80,120.00,'2025-08-18 06:31:27','ZAKONCZONY',NULL,'2025-08-20 20:41:57',NULL),(847,'TEMPERATURA','B06c',152.80,120.00,'2025-08-18 06:31:27','ZAKONCZONY',NULL,'2025-08-20 20:41:57',NULL),(848,'TEMPERATURA','B07c',152.80,120.00,'2025-08-18 06:31:27','ZAKONCZONY',NULL,'2025-08-20 20:41:57',NULL),(849,'TEMPERATURA','B08c',152.80,120.00,'2025-08-18 06:31:27','ZAKONCZONY',NULL,'2025-08-20 20:41:57',NULL),(850,'TEMPERATURA','B09c',152.80,120.00,'2025-08-18 06:31:27','ZAKONCZONY',NULL,'2025-08-20 20:41:57',NULL),(851,'TEMPERATURA','B10c',152.80,120.00,'2025-08-18 06:31:27','ZAKONCZONY',NULL,'2025-08-20 20:41:57',NULL),(852,'TEMPERATURA','B11c',152.80,120.00,'2025-08-18 06:31:27','ZAKONCZONY',NULL,'2025-08-20 20:41:57',NULL),(853,'TEMPERATURA','B12c',152.80,120.00,'2025-08-18 06:31:27','ZAKONCZONY',NULL,'2025-08-20 20:41:57',NULL),(854,'TEMPERATURA','AP1',152.80,120.00,'2025-08-18 06:31:27','ZAKONCZONY',NULL,'2025-08-20 20:41:57',NULL),(855,'TEMPERATURA','AP2',152.80,120.00,'2025-08-18 06:31:27','ZAKONCZONY',NULL,'2025-08-20 20:41:57',NULL),(856,'TEMPERATURA','NIEBIESKA',152.80,120.00,'2025-08-18 06:31:27','ZAKONCZONY',NULL,'2025-08-20 20:41:57',NULL),(857,'TEMPERATURA','BIALA',152.80,120.00,'2025-08-18 06:31:27','ZAKONCZONY',NULL,'2025-08-20 20:41:57',NULL),(858,'TEMPERATURA','R1',97.67,60.00,'2025-08-21 07:01:18','ZAKONCZONY',NULL,'2025-08-25 14:09:57',NULL),(859,'TEMPERATURA','R2',120.07,120.00,'2025-08-21 09:41:18','ZAKONCZONY',NULL,'2025-08-25 14:09:57',NULL),(860,'TEMPERATURA','R3',120.07,120.00,'2025-08-21 09:41:18','ZAKONCZONY',NULL,'2025-08-25 14:09:57',NULL),(861,'TEMPERATURA','R4',120.07,120.00,'2025-08-21 09:41:18','ZAKONCZONY',NULL,'2025-08-25 14:09:57',NULL),(862,'TEMPERATURA','R5',120.07,120.00,'2025-08-21 09:41:18','ZAKONCZONY',NULL,'2025-08-25 14:09:57',NULL),(863,'TEMPERATURA','B01b',120.07,120.00,'2025-08-21 09:41:18','ZAKONCZONY',NULL,'2025-08-25 14:09:57',NULL),(864,'TEMPERATURA','B01c',120.07,120.00,'2025-08-21 09:41:18','ZAKONCZONY',NULL,'2025-08-25 14:09:57',NULL),(865,'TEMPERATURA','R6',120.07,120.00,'2025-08-21 09:41:18','ZAKONCZONY',NULL,'2025-08-25 14:09:57',NULL),(866,'TEMPERATURA','R7',120.07,120.00,'2025-08-21 09:41:18','ZAKONCZONY',NULL,'2025-08-25 14:09:57',NULL),(867,'TEMPERATURA','R8',120.07,120.00,'2025-08-21 09:41:18','ZAKONCZONY',NULL,'2025-08-25 14:09:57',NULL),(868,'TEMPERATURA','R9',120.07,120.00,'2025-08-21 09:41:18','ZAKONCZONY',NULL,'2025-08-25 14:09:57',NULL),(869,'TEMPERATURA','B02b',120.07,120.00,'2025-08-21 09:41:18','ZAKONCZONY',NULL,'2025-08-25 14:09:57',NULL),(870,'TEMPERATURA','B03b',120.07,120.00,'2025-08-21 09:41:18','ZAKONCZONY',NULL,'2025-08-25 14:09:57',NULL),(871,'TEMPERATURA','B04b',120.07,120.00,'2025-08-21 09:41:18','ZAKONCZONY',NULL,'2025-08-25 14:09:57',NULL),(872,'TEMPERATURA','B05b',120.07,120.00,'2025-08-21 09:41:18','ZAKONCZONY',NULL,'2025-08-25 14:09:57',NULL),(873,'TEMPERATURA','B06b',120.07,120.00,'2025-08-21 09:41:18','ZAKONCZONY',NULL,'2025-08-25 14:09:57',NULL),(874,'TEMPERATURA','B07b',120.07,120.00,'2025-08-21 09:41:18','ZAKONCZONY',NULL,'2025-08-25 14:09:57',NULL),(875,'TEMPERATURA','B08b',120.07,120.00,'2025-08-21 09:41:18','ZAKONCZONY',NULL,'2025-08-25 14:09:57',NULL),(876,'TEMPERATURA','B09b',120.07,120.00,'2025-08-21 09:41:18','ZAKONCZONY',NULL,'2025-08-25 14:09:57',NULL),(877,'TEMPERATURA','B10b',120.07,120.00,'2025-08-21 09:41:18','ZAKONCZONY',NULL,'2025-08-25 14:09:57',NULL),(878,'TEMPERATURA','B02c',120.07,120.00,'2025-08-21 09:41:18','ZAKONCZONY',NULL,'2025-08-25 14:09:57',NULL),(879,'TEMPERATURA','B03c',120.07,120.00,'2025-08-21 09:41:18','ZAKONCZONY',NULL,'2025-08-25 14:09:57',NULL),(880,'TEMPERATURA','B04c',120.07,120.00,'2025-08-21 09:41:18','ZAKONCZONY',NULL,'2025-08-25 14:09:57',NULL),(881,'TEMPERATURA','B05c',120.07,120.00,'2025-08-21 09:41:18','ZAKONCZONY',NULL,'2025-08-25 14:09:57',NULL),(882,'TEMPERATURA','B06c',120.07,120.00,'2025-08-21 09:41:18','ZAKONCZONY',NULL,'2025-08-25 14:09:57',NULL),(883,'TEMPERATURA','B07c',120.07,120.00,'2025-08-21 09:41:18','ZAKONCZONY',NULL,'2025-08-25 14:09:57',NULL),(884,'TEMPERATURA','B08c',120.07,120.00,'2025-08-21 09:41:18','ZAKONCZONY',NULL,'2025-08-25 14:09:57',NULL),(885,'TEMPERATURA','B09c',120.07,120.00,'2025-08-21 09:41:18','ZAKONCZONY',NULL,'2025-08-25 14:09:57',NULL),(886,'TEMPERATURA','B10c',120.07,120.00,'2025-08-21 09:41:18','ZAKONCZONY',NULL,'2025-08-25 14:09:57',NULL),(887,'TEMPERATURA','B11c',120.07,120.00,'2025-08-21 09:41:18','ZAKONCZONY',NULL,'2025-08-25 14:09:57',NULL),(888,'TEMPERATURA','B12c',120.07,120.00,'2025-08-21 09:41:18','ZAKONCZONY',NULL,'2025-08-25 14:09:57',NULL),(889,'TEMPERATURA','AP1',120.07,120.00,'2025-08-21 09:41:18','ZAKONCZONY',NULL,'2025-08-25 14:09:57',NULL),(890,'TEMPERATURA','AP2',120.07,120.00,'2025-08-21 09:41:18','ZAKONCZONY',NULL,'2025-08-25 14:09:57',NULL),(891,'TEMPERATURA','NIEBIESKA',120.07,120.00,'2025-08-21 09:41:18','ZAKONCZONY',NULL,'2025-08-25 14:09:57',NULL),(892,'TEMPERATURA','BIALA',120.07,120.00,'2025-08-21 09:41:18','ZAKONCZONY',NULL,'2025-08-25 14:09:57',NULL),(893,'TEMPERATURA','R1',60.15,60.00,'2025-08-25 20:01:04','ZAKONCZONY',NULL,'2025-08-26 05:53:51',NULL),(894,'TEMPERATURA','R2',130.15,120.00,'2025-08-26 04:21:04','ZAKONCZONY',NULL,'2025-08-26 05:53:51',NULL),(895,'TEMPERATURA','R3',130.15,120.00,'2025-08-26 04:21:04','ZAKONCZONY',NULL,'2025-08-26 05:53:51',NULL),(896,'TEMPERATURA','R4',130.15,120.00,'2025-08-26 04:21:04','ZAKONCZONY',NULL,'2025-08-26 05:53:51',NULL),(897,'TEMPERATURA','R5',130.15,120.00,'2025-08-26 04:21:04','ZAKONCZONY',NULL,'2025-08-26 05:53:51',NULL),(898,'TEMPERATURA','B01b',130.15,120.00,'2025-08-26 04:21:04','ZAKONCZONY',NULL,'2025-08-26 05:53:51',NULL),(899,'TEMPERATURA','B01c',130.15,120.00,'2025-08-26 04:21:04','ZAKONCZONY',NULL,'2025-08-26 05:53:51',NULL),(900,'TEMPERATURA','R6',130.15,120.00,'2025-08-26 04:21:04','ZAKONCZONY',NULL,'2025-08-26 05:53:51',NULL),(901,'TEMPERATURA','R7',130.15,120.00,'2025-08-26 04:21:04','ZAKONCZONY',NULL,'2025-08-26 05:53:51',NULL),(902,'TEMPERATURA','R8',130.15,120.00,'2025-08-26 04:21:04','ZAKONCZONY',NULL,'2025-08-26 05:53:51',NULL),(903,'TEMPERATURA','R9',130.15,120.00,'2025-08-26 04:21:04','ZAKONCZONY',NULL,'2025-08-26 05:53:51',NULL),(904,'TEMPERATURA','B02b',130.15,120.00,'2025-08-26 04:21:04','ZAKONCZONY',NULL,'2025-08-26 05:53:51',NULL),(905,'TEMPERATURA','B03b',130.15,120.00,'2025-08-26 04:21:04','ZAKONCZONY',NULL,'2025-08-26 05:53:51',NULL),(906,'TEMPERATURA','B04b',130.15,120.00,'2025-08-26 04:21:04','ZAKONCZONY',NULL,'2025-08-26 05:53:51',NULL),(907,'TEMPERATURA','B05b',130.15,120.00,'2025-08-26 04:21:04','ZAKONCZONY',NULL,'2025-08-26 05:53:51',NULL),(908,'TEMPERATURA','B06b',130.15,120.00,'2025-08-26 04:21:04','ZAKONCZONY',NULL,'2025-08-26 05:53:51',NULL),(909,'TEMPERATURA','B07b',130.15,120.00,'2025-08-26 04:21:04','ZAKONCZONY',NULL,'2025-08-26 05:53:51',NULL),(910,'TEMPERATURA','B08b',130.15,120.00,'2025-08-26 04:21:04','ZAKONCZONY',NULL,'2025-08-26 05:53:51',NULL),(911,'TEMPERATURA','B09b',130.15,120.00,'2025-08-26 04:21:04','ZAKONCZONY',NULL,'2025-08-26 05:53:51',NULL),(912,'TEMPERATURA','B10b',130.15,120.00,'2025-08-26 04:21:04','ZAKONCZONY',NULL,'2025-08-26 05:53:51',NULL),(913,'TEMPERATURA','B02c',130.15,120.00,'2025-08-26 04:21:04','ZAKONCZONY',NULL,'2025-08-26 05:53:51',NULL),(914,'TEMPERATURA','B03c',130.15,120.00,'2025-08-26 04:21:04','ZAKONCZONY',NULL,'2025-08-26 05:53:51',NULL),(915,'TEMPERATURA','B04c',130.15,120.00,'2025-08-26 04:21:04','ZAKONCZONY',NULL,'2025-08-26 05:53:51',NULL),(916,'TEMPERATURA','B05c',130.15,120.00,'2025-08-26 04:21:04','ZAKONCZONY',NULL,'2025-08-26 05:53:51',NULL),(917,'TEMPERATURA','B06c',130.15,120.00,'2025-08-26 04:21:04','ZAKONCZONY',NULL,'2025-08-26 05:53:51',NULL),(918,'TEMPERATURA','B07c',130.15,120.00,'2025-08-26 04:21:04','ZAKONCZONY',NULL,'2025-08-26 05:53:51',NULL),(919,'TEMPERATURA','B08c',130.15,120.00,'2025-08-26 04:21:04','ZAKONCZONY',NULL,'2025-08-26 05:53:51',NULL),(920,'TEMPERATURA','B09c',130.15,120.00,'2025-08-26 04:21:04','ZAKONCZONY',NULL,'2025-08-26 05:53:51',NULL),(921,'TEMPERATURA','B10c',130.15,120.00,'2025-08-26 04:21:04','ZAKONCZONY',NULL,'2025-08-26 05:53:51',NULL),(922,'TEMPERATURA','B11c',130.15,120.00,'2025-08-26 04:21:04','ZAKONCZONY',NULL,'2025-08-26 05:53:51',NULL),(923,'TEMPERATURA','B12c',130.15,120.00,'2025-08-26 04:21:04','ZAKONCZONY',NULL,'2025-08-26 05:53:51',NULL),(924,'TEMPERATURA','AP1',130.15,120.00,'2025-08-26 04:21:04','ZAKONCZONY',NULL,'2025-08-26 05:53:51',NULL),(925,'TEMPERATURA','AP2',130.15,120.00,'2025-08-26 04:21:04','ZAKONCZONY',NULL,'2025-08-26 05:53:51',NULL),(926,'TEMPERATURA','NIEBIESKA',130.15,120.00,'2025-08-26 04:21:04','ZAKONCZONY',NULL,'2025-08-26 05:53:51',NULL),(927,'TEMPERATURA','BIALA',130.15,120.00,'2025-08-26 04:21:04','ZAKONCZONY',NULL,'2025-08-26 05:53:51',NULL),(928,'TEMPERATURA','R1',72.07,60.00,'2025-08-26 10:33:49','ZAKONCZONY',NULL,'2025-08-26 10:57:48',NULL),(929,'TEMPERATURA','R1',60.08,60.00,'2025-08-26 15:44:47','ZAKONCZONY',NULL,'2025-08-26 16:31:21',NULL),(930,'TEMPERATURA','R1',120.02,120.00,'2025-08-26 19:15:59','ZAKONCZONY',NULL,'2025-08-27 16:50:24',NULL),(931,'TEMPERATURA','R2',120.01,120.00,'2025-08-27 05:30:00','ZAKONCZONY',NULL,'2025-08-27 16:50:24',NULL),(932,'TEMPERATURA','R3',120.01,120.00,'2025-08-27 05:30:00','ZAKONCZONY',NULL,'2025-08-27 16:50:24',NULL),(933,'TEMPERATURA','R4',120.01,120.00,'2025-08-27 05:30:00','ZAKONCZONY',NULL,'2025-08-27 16:50:24',NULL),(934,'TEMPERATURA','R5',120.01,120.00,'2025-08-27 05:30:00','ZAKONCZONY',NULL,'2025-08-27 16:50:24',NULL),(935,'TEMPERATURA','B01b',120.01,120.00,'2025-08-27 05:30:00','ZAKONCZONY',NULL,'2025-08-27 16:50:24',NULL),(936,'TEMPERATURA','B01c',120.01,120.00,'2025-08-27 05:30:00','ZAKONCZONY',NULL,'2025-08-27 16:50:24',NULL),(937,'TEMPERATURA','R6',120.01,120.00,'2025-08-27 05:30:00','ZAKONCZONY',NULL,'2025-08-27 16:50:24',NULL),(938,'TEMPERATURA','R7',120.01,120.00,'2025-08-27 05:30:00','ZAKONCZONY',NULL,'2025-08-27 16:50:24',NULL),(939,'TEMPERATURA','R8',120.01,120.00,'2025-08-27 05:30:00','ZAKONCZONY',NULL,'2025-08-27 16:50:24',NULL),(940,'TEMPERATURA','R9',120.01,120.00,'2025-08-27 05:30:00','ZAKONCZONY',NULL,'2025-08-27 16:50:24',NULL),(941,'TEMPERATURA','B02b',120.01,120.00,'2025-08-27 05:30:00','ZAKONCZONY',NULL,'2025-08-27 16:50:24',NULL),(942,'TEMPERATURA','B03b',120.01,120.00,'2025-08-27 05:30:00','ZAKONCZONY',NULL,'2025-08-27 16:50:24',NULL),(943,'TEMPERATURA','B04b',120.01,120.00,'2025-08-27 05:30:00','ZAKONCZONY',NULL,'2025-08-27 16:50:24',NULL),(944,'TEMPERATURA','B05b',120.01,120.00,'2025-08-27 05:30:00','ZAKONCZONY',NULL,'2025-08-27 16:50:24',NULL),(945,'TEMPERATURA','B06b',120.01,120.00,'2025-08-27 05:30:00','ZAKONCZONY',NULL,'2025-08-27 16:50:24',NULL),(946,'TEMPERATURA','B07b',120.01,120.00,'2025-08-27 05:30:00','ZAKONCZONY',NULL,'2025-08-27 16:50:24',NULL),(947,'TEMPERATURA','B08b',120.01,120.00,'2025-08-27 05:30:00','ZAKONCZONY',NULL,'2025-08-27 16:50:24',NULL),(948,'TEMPERATURA','B09b',120.01,120.00,'2025-08-27 05:30:00','ZAKONCZONY',NULL,'2025-08-27 16:50:24',NULL),(949,'TEMPERATURA','B10b',120.01,120.00,'2025-08-27 05:30:00','ZAKONCZONY',NULL,'2025-08-27 16:50:24',NULL),(950,'TEMPERATURA','B02c',120.01,120.00,'2025-08-27 05:30:00','ZAKONCZONY',NULL,'2025-08-27 16:50:24',NULL),(951,'TEMPERATURA','B03c',120.01,120.00,'2025-08-27 05:30:00','ZAKONCZONY',NULL,'2025-08-27 16:50:24',NULL),(952,'TEMPERATURA','B04c',120.01,120.00,'2025-08-27 05:30:00','ZAKONCZONY',NULL,'2025-08-27 16:50:24',NULL),(953,'TEMPERATURA','B05c',120.01,120.00,'2025-08-27 05:30:00','ZAKONCZONY',NULL,'2025-08-27 16:50:24',NULL),(954,'TEMPERATURA','B06c',120.01,120.00,'2025-08-27 05:30:00','ZAKONCZONY',NULL,'2025-08-27 16:50:24',NULL),(955,'TEMPERATURA','B07c',120.01,120.00,'2025-08-27 05:30:00','ZAKONCZONY',NULL,'2025-08-27 16:50:24',NULL),(956,'TEMPERATURA','B08c',120.01,120.00,'2025-08-27 05:30:00','ZAKONCZONY',NULL,'2025-08-27 16:50:24',NULL),(957,'TEMPERATURA','B09c',120.01,120.00,'2025-08-27 05:30:00','ZAKONCZONY',NULL,'2025-08-27 16:50:24',NULL),(958,'TEMPERATURA','B10c',120.01,120.00,'2025-08-27 05:30:00','ZAKONCZONY',NULL,'2025-08-27 16:50:24',NULL),(959,'TEMPERATURA','B11c',120.01,120.00,'2025-08-27 05:30:00','ZAKONCZONY',NULL,'2025-08-27 16:50:24',NULL),(960,'TEMPERATURA','B12c',120.01,120.00,'2025-08-27 05:30:00','ZAKONCZONY',NULL,'2025-08-27 16:50:24',NULL),(961,'TEMPERATURA','AP1',120.01,120.00,'2025-08-27 05:30:00','ZAKONCZONY',NULL,'2025-08-27 16:50:24',NULL),(962,'TEMPERATURA','AP2',120.01,120.00,'2025-08-27 05:30:00','ZAKONCZONY',NULL,'2025-08-27 16:50:24',NULL),(963,'TEMPERATURA','NIEBIESKA',120.01,120.00,'2025-08-27 05:30:00','ZAKONCZONY',NULL,'2025-08-27 16:50:24',NULL),(964,'TEMPERATURA','BIALA',120.01,120.00,'2025-08-27 05:30:00','ZAKONCZONY',NULL,'2025-08-27 16:50:24',NULL),(965,'TEMPERATURA','R1',174.07,120.00,'2025-08-28 04:38:00','ZAKONCZONY',NULL,'2025-08-28 14:54:19',NULL),(966,'TEMPERATURA','R2',174.07,120.00,'2025-08-28 04:38:00','ZAKONCZONY',NULL,'2025-08-28 14:54:19',NULL),(967,'TEMPERATURA','R3',174.07,120.00,'2025-08-28 04:38:00','ZAKONCZONY',NULL,'2025-08-28 14:54:19',NULL),(968,'TEMPERATURA','R4',174.07,120.00,'2025-08-28 04:38:00','ZAKONCZONY',NULL,'2025-08-28 14:54:19',NULL),(969,'TEMPERATURA','R5',174.07,120.00,'2025-08-28 04:38:00','ZAKONCZONY',NULL,'2025-08-28 14:54:19',NULL),(970,'TEMPERATURA','B01b',174.07,120.00,'2025-08-28 04:38:00','ZAKONCZONY',NULL,'2025-08-28 14:54:19',NULL),(971,'TEMPERATURA','B01c',174.07,120.00,'2025-08-28 04:38:00','ZAKONCZONY',NULL,'2025-08-28 14:54:19',NULL),(972,'TEMPERATURA','R6',174.07,120.00,'2025-08-28 04:38:00','ZAKONCZONY',NULL,'2025-08-28 14:54:19',NULL),(973,'TEMPERATURA','R7',174.07,120.00,'2025-08-28 04:38:00','ZAKONCZONY',NULL,'2025-08-28 14:54:19',NULL),(974,'TEMPERATURA','R8',174.07,120.00,'2025-08-28 04:38:00','ZAKONCZONY',NULL,'2025-08-28 14:54:19',NULL),(975,'TEMPERATURA','R9',174.07,120.00,'2025-08-28 04:38:00','ZAKONCZONY',NULL,'2025-08-28 14:54:19',NULL),(976,'TEMPERATURA','B02b',174.07,120.00,'2025-08-28 04:38:00','ZAKONCZONY',NULL,'2025-08-28 14:54:19',NULL),(977,'TEMPERATURA','B03b',174.07,120.00,'2025-08-28 04:38:00','ZAKONCZONY',NULL,'2025-08-28 14:54:19',NULL),(978,'TEMPERATURA','B04b',174.07,120.00,'2025-08-28 04:38:00','ZAKONCZONY',NULL,'2025-08-28 14:54:19',NULL),(979,'TEMPERATURA','B05b',174.07,120.00,'2025-08-28 04:38:00','ZAKONCZONY',NULL,'2025-08-28 14:54:19',NULL),(980,'TEMPERATURA','B06b',174.07,120.00,'2025-08-28 04:38:00','ZAKONCZONY',NULL,'2025-08-28 14:54:19',NULL),(981,'TEMPERATURA','B07b',174.07,120.00,'2025-08-28 04:38:00','ZAKONCZONY',NULL,'2025-08-28 14:54:19',NULL),(982,'TEMPERATURA','B08b',174.07,120.00,'2025-08-28 04:38:00','ZAKONCZONY',NULL,'2025-08-28 14:54:19',NULL),(983,'TEMPERATURA','B09b',174.07,120.00,'2025-08-28 04:38:00','ZAKONCZONY',NULL,'2025-08-28 14:54:19',NULL),(984,'TEMPERATURA','B10b',174.07,120.00,'2025-08-28 04:38:00','ZAKONCZONY',NULL,'2025-08-28 14:54:19',NULL),(985,'TEMPERATURA','B02c',174.07,120.00,'2025-08-28 04:38:00','ZAKONCZONY',NULL,'2025-08-28 14:54:19',NULL),(986,'TEMPERATURA','B03c',174.07,120.00,'2025-08-28 04:38:00','ZAKONCZONY',NULL,'2025-08-28 14:54:19',NULL),(987,'TEMPERATURA','B04c',174.07,120.00,'2025-08-28 04:38:00','ZAKONCZONY',NULL,'2025-08-28 14:54:19',NULL),(988,'TEMPERATURA','B05c',174.07,120.00,'2025-08-28 04:38:00','ZAKONCZONY',NULL,'2025-08-28 14:54:19',NULL),(989,'TEMPERATURA','B06c',174.07,120.00,'2025-08-28 04:38:00','ZAKONCZONY',NULL,'2025-08-28 14:54:19',NULL),(990,'TEMPERATURA','B07c',174.07,120.00,'2025-08-28 04:38:00','ZAKONCZONY',NULL,'2025-08-28 14:54:19',NULL),(991,'TEMPERATURA','B08c',174.07,120.00,'2025-08-28 04:38:00','ZAKONCZONY',NULL,'2025-08-28 14:54:19',NULL),(992,'TEMPERATURA','B09c',174.07,120.00,'2025-08-28 04:38:00','ZAKONCZONY',NULL,'2025-08-28 14:54:19',NULL),(993,'TEMPERATURA','B10c',174.07,120.00,'2025-08-28 04:38:00','ZAKONCZONY',NULL,'2025-08-28 14:54:19',NULL),(994,'TEMPERATURA','B11c',174.07,120.00,'2025-08-28 04:38:00','ZAKONCZONY',NULL,'2025-08-28 14:54:19',NULL),(995,'TEMPERATURA','B12c',174.07,120.00,'2025-08-28 04:38:00','ZAKONCZONY',NULL,'2025-08-28 14:54:19',NULL),(996,'TEMPERATURA','AP1',174.07,120.00,'2025-08-28 04:38:00','ZAKONCZONY',NULL,'2025-08-28 14:54:19',NULL),(997,'TEMPERATURA','AP2',174.07,120.00,'2025-08-28 04:38:00','ZAKONCZONY',NULL,'2025-08-28 14:54:19',NULL),(998,'TEMPERATURA','NIEBIESKA',174.07,120.00,'2025-08-28 04:38:00','ZAKONCZONY',NULL,'2025-08-28 14:54:19',NULL),(999,'TEMPERATURA','BIALA',174.07,120.00,'2025-08-28 04:38:00','ZAKONCZONY',NULL,'2025-08-28 14:54:19',NULL);
/*!40000 ALTER TABLE `alarmy` ENABLE KEYS */;
UNLOCK TABLES;

--
-- Table structure for table `alembic_version`
--

DROP TABLE IF EXISTS `alembic_version`;
/*!40101 SET @saved_cs_client     = @@character_set_client */;
/*!50503 SET character_set_client = utf8mb4 */;
CREATE TABLE `alembic_version` (
  `version_num` varchar(32) NOT NULL,
  PRIMARY KEY (`version_num`)
) ENGINE=InnoDB DEFAULT CHARSET=utf8mb4 COLLATE=utf8mb4_0900_ai_ci;
/*!40101 SET character_set_client = @saved_cs_client */;

--
-- Dumping data for table `alembic_version`
--

LOCK TABLES `alembic_version` WRITE;
/*!40000 ALTER TABLE `alembic_version` DISABLE KEYS */;
INSERT INTO `alembic_version` VALUES ('c6adf1074259');
/*!40000 ALTER TABLE `alembic_version` ENABLE KEYS */;
UNLOCK TABLES;

--
-- Table structure for table `apollo_sesje`
--

DROP TABLE IF EXISTS `apollo_sesje`;
/*!40101 SET @saved_cs_client     = @@character_set_client */;
/*!50503 SET character_set_client = utf8mb4 */;
CREATE TABLE `apollo_sesje` (
  `id` int NOT NULL AUTO_INCREMENT,
  `id_sprzetu` int NOT NULL,
  `typ_surowca` varchar(255) COLLATE utf8mb4_unicode_ci NOT NULL,
  `status_sesji` enum('aktywna','zakonczona') COLLATE utf8mb4_unicode_ci NOT NULL DEFAULT 'aktywna',
  `czas_rozpoczecia` datetime NOT NULL,
  `czas_zakonczenia` datetime DEFAULT NULL,
  `rozpoczeta_przez` varchar(255) COLLATE utf8mb4_unicode_ci DEFAULT NULL,
  `uwagi` text COLLATE utf8mb4_unicode_ci,
  PRIMARY KEY (`id`),
  KEY `id_sprzetu` (`id_sprzetu`),
  CONSTRAINT `apollo_sesje_ibfk_1` FOREIGN KEY (`id_sprzetu`) REFERENCES `sprzet` (`id`)
) ENGINE=InnoDB AUTO_INCREMENT=42 DEFAULT CHARSET=utf8mb4 COLLATE=utf8mb4_unicode_ci;
/*!40101 SET character_set_client = @saved_cs_client */;

--
-- Dumping data for table `apollo_sesje`
--

LOCK TABLES `apollo_sesje` WRITE;
/*!40000 ALTER TABLE `apollo_sesje` DISABLE KEYS */;
INSERT INTO `apollo_sesje` VALUES (2,108,'Parafina Testowa','zakonczona','2025-07-20 03:08:27','2025-07-20 11:31:07',NULL,NULL),(3,108,'T10','zakonczona','2025-07-20 11:31:46','2025-07-20 11:43:26',NULL,NULL),(4,108,'T10','zakonczona','2025-07-20 11:43:41','2025-07-20 11:50:12',NULL,NULL),(5,108,'T10','zakonczona','2025-07-20 11:50:26','2025-07-20 11:52:53',NULL,NULL),(6,108,'T10','zakonczona','2025-07-20 11:53:05','2025-07-20 12:28:08',NULL,NULL),(7,108,'T10','zakonczona','2025-07-20 12:28:20','2025-07-20 12:53:18',NULL,NULL),(8,107,'T10','zakonczona','2025-07-20 12:30:02','2025-07-20 12:53:20',NULL,NULL),(9,108,'T10','zakonczona','2025-07-20 12:53:28','2025-07-20 13:07:44',NULL,NULL),(10,108,'T10','zakonczona','2025-07-20 13:08:00','2025-07-20 20:40:47',NULL,NULL),(11,107,'19','zakonczona','2025-07-20 19:01:24','2025-07-20 20:40:43',NULL,NULL),(12,107,'T10','zakonczona','2025-07-20 20:40:59','2025-07-20 22:16:19',NULL,NULL),(13,108,'19','zakonczona','2025-07-20 20:41:15','2025-07-20 22:16:22',NULL,NULL),(14,107,'T10','zakonczona','2025-07-20 22:16:30','2025-07-20 22:54:04',NULL,NULL),(15,108,'19','zakonczona','2025-07-20 22:16:42','2025-07-20 22:54:01',NULL,NULL),(17,107,'T10','zakonczona','2025-07-20 22:55:52','2025-07-20 23:08:52',NULL,NULL),(18,108,'19','zakonczona','2025-07-20 22:56:20','2025-07-20 23:08:55',NULL,NULL),(20,107,'T10','zakonczona','2025-07-20 23:11:32','2025-07-20 23:55:21',NULL,NULL),(21,107,'19','zakonczona','2025-07-20 23:55:42','2025-08-04 17:10:43',NULL,NULL),(22,108,'T10','zakonczona','2025-07-27 16:33:24','2025-08-04 17:10:36',NULL,NULL),(23,107,'T10','zakonczona','2025-08-04 19:11:02','2025-08-04 19:51:17',NULL,NULL),(24,107,'T10','zakonczona','2025-08-04 19:53:45','2025-08-07 19:18:30',NULL,NULL),(25,107,'38-2/L','zakonczona','2025-08-07 19:18:56','2025-08-08 17:20:58',NULL,NULL),(26,107,'38-2/L','zakonczona','2025-08-08 17:21:12','2025-08-08 17:55:09',NULL,NULL),(27,107,'T10','zakonczona','2025-08-08 17:56:22','2025-08-08 19:10:01',NULL,NULL),(28,107,'T10','zakonczona','2025-08-08 19:10:52','2025-08-10 15:38:52',NULL,NULL),(29,107,'38-2/L','zakonczona','2025-08-10 15:39:06','2025-08-13 22:12:21',NULL,NULL),(30,107,'T10','zakonczona','2025-08-13 22:12:34','2025-08-13 22:33:36',NULL,NULL),(31,107,'T10','zakonczona','2025-08-13 22:33:44','2025-08-16 06:39:32',NULL,NULL),(32,108,'19','zakonczona','2025-08-14 00:28:46','2025-08-16 06:39:35',NULL,NULL),(33,107,'T10','zakonczona','2025-08-16 06:39:46','2025-08-16 19:51:52',NULL,NULL),(34,108,'19','zakonczona','2025-08-16 06:39:58','2025-08-16 20:58:24',NULL,NULL),(35,107,'T10','zakonczona','2025-08-16 19:55:14','2025-08-16 20:57:58',NULL,NULL),(36,107,'T10','zakonczona','2025-08-16 20:58:06','2025-08-16 21:16:47',NULL,NULL),(37,108,'T10','zakonczona','2025-08-16 20:58:32','2025-08-16 21:16:50',NULL,NULL),(38,107,'T10','zakonczona','2025-08-16 21:17:02','2025-08-31 18:38:05',NULL,NULL),(39,108,'38-1/L','aktywna','2025-08-31 18:38:54',NULL,NULL,NULL),(40,107,'T10','aktywna','2025-08-31 23:51:40',NULL,NULL,NULL),(41,117,'T10','aktywna','2025-09-06 16:35:08',NULL,NULL,NULL);
/*!40000 ALTER TABLE `apollo_sesje` ENABLE KEYS */;
UNLOCK TABLES;

--
-- Table structure for table `apollo_tracking`
--

DROP TABLE IF EXISTS `apollo_tracking`;
/*!40101 SET @saved_cs_client     = @@character_set_client */;
/*!50503 SET character_set_client = utf8mb4 */;
CREATE TABLE `apollo_tracking` (
  `id` int NOT NULL AUTO_INCREMENT,
  `id_sesji` int NOT NULL,
  `typ_zdarzenia` enum('DODANIE_SUROWCA','TRANSFER_WYJSCIOWY','KOREKTA_RECZNA') COLLATE utf8mb4_unicode_ci NOT NULL,
  `waga_kg` decimal(10,2) NOT NULL,
  `czas_zdarzenia` datetime NOT NULL,
  `id_operacji_log` int DEFAULT NULL,
  `operator` varchar(255) COLLATE utf8mb4_unicode_ci DEFAULT NULL,
  `uwagi` text COLLATE utf8mb4_unicode_ci,
  PRIMARY KEY (`id`),
  KEY `id_sesji` (`id_sesji`),
  KEY `id_operacji_log` (`id_operacji_log`),
  CONSTRAINT `apollo_tracking_ibfk_1` FOREIGN KEY (`id_sesji`) REFERENCES `apollo_sesje` (`id`),
  CONSTRAINT `apollo_tracking_ibfk_2` FOREIGN KEY (`id_operacji_log`) REFERENCES `operacje_log` (`id`)
) ENGINE=InnoDB AUTO_INCREMENT=114 DEFAULT CHARSET=utf8mb4 COLLATE=utf8mb4_unicode_ci;
/*!40101 SET character_set_client = @saved_cs_client */;

--
-- Dumping data for table `apollo_tracking`
--

LOCK TABLES `apollo_tracking` WRITE;
/*!40000 ALTER TABLE `apollo_tracking` DISABLE KEYS */;
INSERT INTO `apollo_tracking` VALUES (3,2,'DODANIE_SUROWCA',5000.00,'2025-07-20 03:08:27',NULL,NULL,NULL),(5,2,'TRANSFER_WYJSCIOWY',300.00,'2025-07-20 03:32:51',85,'SYSTEM',NULL),(6,2,'TRANSFER_WYJSCIOWY',200.00,'2025-07-20 03:39:46',86,'SYSTEM',NULL),(7,2,'TRANSFER_WYJSCIOWY',3000.00,'2025-07-20 03:42:23',87,'SYSTEM',NULL),(8,2,'TRANSFER_WYJSCIOWY',300.00,'2025-07-20 04:34:50',88,'SYSTEM',NULL),(9,2,'TRANSFER_WYJSCIOWY',400.00,'2025-07-20 04:38:43',89,'SYSTEM',NULL),(10,2,'DODANIE_SUROWCA',2000.00,'2025-07-20 05:24:31',NULL,NULL,NULL),(11,3,'DODANIE_SUROWCA',2000.00,'2025-07-20 11:31:46',NULL,NULL,NULL),(12,3,'DODANIE_SUROWCA',1000.00,'2025-07-20 11:32:27',NULL,NULL,NULL),(13,3,'TRANSFER_WYJSCIOWY',2000.00,'2025-07-20 11:34:19',90,'SYSTEM',NULL),(14,4,'DODANIE_SUROWCA',2000.00,'2025-07-20 11:43:41',NULL,NULL,NULL),(15,4,'TRANSFER_WYJSCIOWY',1000.00,'2025-07-20 11:45:42',91,'SYSTEM',NULL),(16,5,'DODANIE_SUROWCA',3000.00,'2025-07-20 11:50:26',NULL,NULL,NULL),(17,5,'TRANSFER_WYJSCIOWY',50.00,'2025-07-20 11:52:11',92,'SYSTEM',NULL),(18,6,'DODANIE_SUROWCA',1000.00,'2025-07-20 11:53:05',NULL,NULL,NULL),(19,6,'TRANSFER_WYJSCIOWY',2.00,'2025-07-20 11:53:28',93,'SYSTEM',NULL),(20,6,'TRANSFER_WYJSCIOWY',14.00,'2025-07-20 11:53:59',94,'SYSTEM',NULL),(21,6,'TRANSFER_WYJSCIOWY',700.00,'2025-07-20 12:27:25',95,'SYSTEM',NULL),(22,7,'DODANIE_SUROWCA',3000.00,'2025-07-20 12:28:20',NULL,NULL,NULL),(23,8,'DODANIE_SUROWCA',2000.00,'2025-07-20 12:30:02',NULL,NULL,NULL),(24,9,'DODANIE_SUROWCA',2000.00,'2025-07-20 12:53:28',NULL,NULL,NULL),(25,9,'TRANSFER_WYJSCIOWY',10.00,'2025-07-20 12:54:05',96,'SYSTEM',NULL),(26,9,'DODANIE_SUROWCA',1000.00,'2025-07-20 13:01:22',NULL,NULL,NULL),(27,9,'TRANSFER_WYJSCIOWY',1500.00,'2025-07-20 13:02:00',97,'SYSTEM',NULL),(28,9,'TRANSFER_WYJSCIOWY',1500.00,'2025-07-20 13:02:49',98,'SYSTEM',NULL),(29,10,'DODANIE_SUROWCA',4000.00,'2025-07-20 13:08:00',NULL,NULL,NULL),(30,10,'DODANIE_SUROWCA',10.00,'2025-07-20 13:44:31',NULL,NULL,NULL),(31,10,'DODANIE_SUROWCA',20.00,'2025-07-20 13:44:40',NULL,NULL,NULL),(32,10,'DODANIE_SUROWCA',40.00,'2025-07-20 13:44:55',NULL,NULL,NULL),(33,10,'DODANIE_SUROWCA',1000.00,'2025-07-20 15:24:08',NULL,NULL,NULL),(34,10,'DODANIE_SUROWCA',1000.00,'2025-07-20 16:03:31',NULL,NULL,NULL),(35,10,'DODANIE_SUROWCA',9000.00,'2025-07-20 18:08:11',NULL,NULL,NULL),(36,10,'DODANIE_SUROWCA',8000.00,'2025-07-20 18:58:24',NULL,NULL,NULL),(37,11,'DODANIE_SUROWCA',9000.00,'2025-07-20 19:01:24',NULL,NULL,NULL),(38,12,'DODANIE_SUROWCA',9000.00,'2025-07-20 20:40:59',NULL,NULL,NULL),(39,13,'DODANIE_SUROWCA',9000.00,'2025-07-20 20:41:15',NULL,NULL,NULL),(40,14,'DODANIE_SUROWCA',9000.00,'2025-07-20 22:16:30',NULL,NULL,NULL),(41,15,'DODANIE_SUROWCA',9000.00,'2025-07-20 22:16:42',NULL,NULL,NULL),(43,17,'DODANIE_SUROWCA',9000.00,'2025-07-20 22:55:52',NULL,NULL,NULL),(44,18,'DODANIE_SUROWCA',9000.00,'2025-07-20 22:56:20',NULL,NULL,NULL),(45,17,'DODANIE_SUROWCA',1000.00,'2025-07-20 22:57:02',NULL,NULL,NULL),(46,17,'DODANIE_SUROWCA',1000.00,'2025-07-20 22:57:12',NULL,NULL,NULL),(47,17,'DODANIE_SUROWCA',1000.00,'2025-07-20 23:00:11',NULL,NULL,NULL),(48,18,'DODANIE_SUROWCA',1000.00,'2025-07-20 23:01:00',NULL,NULL,NULL),(49,17,'DODANIE_SUROWCA',1000.00,'2025-07-20 23:04:02',NULL,NULL,NULL),(50,18,'TRANSFER_WYJSCIOWY',7500.00,'2025-07-20 23:04:43',NULL,'SYSTEM',NULL),(52,20,'DODANIE_SUROWCA',4000.00,'2025-07-20 23:11:32',NULL,NULL,NULL),(53,20,'DODANIE_SUROWCA',1000.00,'2025-07-20 23:15:24',NULL,NULL,NULL),(54,21,'DODANIE_SUROWCA',5555.00,'2025-07-20 23:55:42',NULL,NULL,NULL),(55,21,'DODANIE_SUROWCA',3000.00,'2025-07-21 00:06:06',NULL,NULL,NULL),(56,21,'DODANIE_SUROWCA',7000.00,'2025-07-21 01:27:19',NULL,NULL,NULL),(57,22,'DODANIE_SUROWCA',5000.00,'2025-07-27 16:33:24',NULL,NULL,NULL),(58,23,'DODANIE_SUROWCA',50000.00,'2025-08-04 19:11:02',NULL,NULL,NULL),(59,24,'DODANIE_SUROWCA',50000.00,'2025-08-04 19:53:45',NULL,NULL,NULL),(60,25,'DODANIE_SUROWCA',30000.00,'2025-08-07 19:18:56',NULL,NULL,NULL),(61,26,'DODANIE_SUROWCA',1000.00,'2025-08-08 17:21:12',NULL,NULL,NULL),(65,27,'DODANIE_SUROWCA',1500.00,'2025-08-08 17:56:22',NULL,NULL,NULL),(69,28,'DODANIE_SUROWCA',1500.00,'2025-08-08 19:10:52',NULL,NULL,NULL),(70,28,'DODANIE_SUROWCA',1500.00,'2025-08-08 19:11:00',NULL,NULL,NULL),(71,28,'DODANIE_SUROWCA',3000.00,'2025-08-10 15:38:21',NULL,NULL,NULL),(72,29,'DODANIE_SUROWCA',6000.00,'2025-08-10 15:39:06',NULL,NULL,NULL),(73,29,'DODANIE_SUROWCA',4000.00,'2025-08-10 15:39:39',NULL,NULL,NULL),(74,30,'DODANIE_SUROWCA',7000.00,'2025-08-13 22:12:34',NULL,NULL,NULL),(75,31,'DODANIE_SUROWCA',4000.00,'2025-08-13 22:33:44',NULL,NULL,NULL),(76,31,'TRANSFER_WYJSCIOWY',1000.00,'2025-08-13 23:52:03',177,'SYSTEM',NULL),(77,31,'TRANSFER_WYJSCIOWY',300.00,'2025-08-13 23:52:39',178,'SYSTEM',NULL),(78,31,'TRANSFER_WYJSCIOWY',50.00,'2025-08-13 23:53:04',179,'SYSTEM',NULL),(79,31,'TRANSFER_WYJSCIOWY',400.00,'2025-08-14 00:23:18',180,'SYSTEM',NULL),(81,31,'TRANSFER_WYJSCIOWY',100.00,'2025-08-14 00:28:18',181,'SYSTEM',NULL),(82,32,'DODANIE_SUROWCA',5000.00,'2025-08-14 00:28:46',NULL,NULL,NULL),(83,32,'TRANSFER_WYJSCIOWY',100.00,'2025-08-14 00:29:01',182,'SYSTEM',NULL),(84,31,'TRANSFER_WYJSCIOWY',150.00,'2025-08-15 08:56:46',183,'SYSTEM',NULL),(85,33,'DODANIE_SUROWCA',5000.00,'2025-08-16 06:39:46',NULL,NULL,NULL),(86,34,'DODANIE_SUROWCA',10000.00,'2025-08-16 06:39:58',NULL,NULL,NULL),(87,33,'TRANSFER_WYJSCIOWY',9.00,'2025-08-16 06:40:24',184,'SYSTEM',NULL),(88,34,'DODANIE_SUROWCA',5000.00,'2025-08-16 19:54:58',NULL,NULL,NULL),(89,35,'DODANIE_SUROWCA',15000.00,'2025-08-16 19:55:14',NULL,NULL,NULL),(90,35,'DODANIE_SUROWCA',1000.00,'2025-08-16 20:16:19',NULL,NULL,NULL),(91,35,'TRANSFER_WYJSCIOWY',100.00,'2025-08-16 20:17:18',185,'SYSTEM',NULL),(92,36,'DODANIE_SUROWCA',14000.00,'2025-08-16 20:58:06',NULL,NULL,NULL),(93,37,'DODANIE_SUROWCA',44444.00,'2025-08-16 20:58:32',NULL,NULL,NULL),(94,36,'DODANIE_SUROWCA',1000.00,'2025-08-16 21:15:54',NULL,NULL,NULL),(95,38,'DODANIE_SUROWCA',100.00,'2025-08-16 21:17:02',NULL,NULL,NULL),(96,38,'DODANIE_SUROWCA',1.00,'2025-08-16 21:17:33',NULL,NULL,NULL),(97,38,'DODANIE_SUROWCA',1.00,'2025-08-16 21:19:56',NULL,NULL,NULL),(98,38,'DODANIE_SUROWCA',1000.00,'2025-08-16 21:20:55',NULL,NULL,NULL),(99,38,'DODANIE_SUROWCA',1000.00,'2025-08-16 21:27:34',NULL,NULL,NULL),(100,38,'DODANIE_SUROWCA',1000.00,'2025-08-16 21:36:41',NULL,NULL,NULL),(101,38,'TRANSFER_WYJSCIOWY',500.00,'2025-08-16 21:41:09',186,'SYSTEM',NULL),(102,38,'TRANSFER_WYJSCIOWY',10.00,'2025-08-16 21:42:10',187,'SYSTEM',NULL),(103,38,'TRANSFER_WYJSCIOWY',15.00,'2025-08-16 21:42:45',188,'SYSTEM',NULL),(104,38,'TRANSFER_WYJSCIOWY',5.00,'2025-08-16 21:44:16',189,'SYSTEM',NULL),(105,38,'TRANSFER_WYJSCIOWY',3333.00,'2025-08-16 22:01:45',190,'SYSTEM',NULL),(106,38,'DODANIE_SUROWCA',10000.00,'2025-08-16 22:12:23',NULL,NULL,NULL),(107,38,'TRANSFER_WYJSCIOWY',1111.00,'2025-08-16 22:12:45',191,'SYSTEM',NULL),(108,38,'TRANSFER_WYJSCIOWY',7000.00,'2025-08-26 18:24:32',192,'SYSTEM',NULL),(109,39,'DODANIE_SUROWCA',1500.00,'2025-08-31 18:38:54',NULL,NULL,NULL),(110,40,'DODANIE_SUROWCA',1000.00,'2025-08-31 23:51:40',NULL,NULL,NULL),(111,40,'DODANIE_SUROWCA',1000.00,'2025-08-31 23:52:16',NULL,NULL,NULL),(112,40,'TRANSFER_WYJSCIOWY',7666.00,'2025-09-04 07:21:55',193,'SYSTEM',NULL),(113,41,'DODANIE_SUROWCA',1000.00,'2025-09-06 16:35:08',NULL,NULL,NULL);
/*!40000 ALTER TABLE `apollo_tracking` ENABLE KEYS */;
UNLOCK TABLES;

--
-- Table structure for table `audit_trail`
--

DROP TABLE IF EXISTS `audit_trail`;
/*!40101 SET @saved_cs_client     = @@character_set_client */;
/*!50503 SET character_set_client = utf8mb4 */;
CREATE TABLE `audit_trail` (
  `id` int NOT NULL AUTO_INCREMENT,
  `timestamp` datetime NOT NULL DEFAULT CURRENT_TIMESTAMP,
  `user_id` varchar(100) NOT NULL,
  `entity_type` varchar(50) NOT NULL COMMENT 'Np. Batches, TankMixes',
  `entity_id` int NOT NULL,
  `field_name` varchar(50) DEFAULT NULL,
  `old_value` text,
  `new_value` text,
  `operation_type` varchar(50) NOT NULL COMMENT 'Np. CREATE, UPDATE, DELETE, CORRECTION',
  `reason` text,
  PRIMARY KEY (`id`)
) ENGINE=InnoDB AUTO_INCREMENT=4 DEFAULT CHARSET=utf8mb4 COLLATE=utf8mb4_0900_ai_ci;
/*!40101 SET character_set_client = @saved_cs_client */;

--
-- Dumping data for table `audit_trail`
--

LOCK TABLES `audit_trail` WRITE;
/*!40000 ALTER TABLE `audit_trail` DISABLE KEYS */;
INSERT INTO `audit_trail` VALUES (1,'2025-08-12 01:25:39','API_USER','TankMixes',2,'total_weight','2345.00','2346.00','BALANCE_CORRECTION','Automatyczna korekta bilansu podczas transferu z R2'),(2,'2025-08-12 01:27:33','API_USER','TankMixes',1,'total_weight','14196.98','14200.00','BALANCE_CORRECTION','Automatyczna korekta bilansu podczas transferu z R1'),(3,'2025-08-12 20:49:19','API_USER','TankMixes',7,'total_weight','50000.01','50001.00','BALANCE_CORRECTION','Automatyczna korekta bilansu podczas transferu z R2');
/*!40000 ALTER TABLE `audit_trail` ENABLE KEYS */;
UNLOCK TABLES;

--
-- Table structure for table `batches`
--

DROP TABLE IF EXISTS `batches`;
/*!40101 SET @saved_cs_client     = @@character_set_client */;
/*!50503 SET character_set_client = utf8mb4 */;
CREATE TABLE `batches` (
  `id` int NOT NULL AUTO_INCREMENT,
  `unique_code` varchar(50) NOT NULL,
  `material_type` varchar(50) NOT NULL,
  `source_type` enum('CYS','APOLLO') NOT NULL,
  `source_name` varchar(50) NOT NULL,
  `initial_quantity` decimal(10,2) NOT NULL,
  `current_quantity` decimal(10,2) NOT NULL,
  `creation_date` datetime NOT NULL DEFAULT CURRENT_TIMESTAMP,
  `status` enum('ACTIVE','DEPLETED','ARCHIVED') NOT NULL,
  PRIMARY KEY (`id`),
  UNIQUE KEY `unique_code` (`unique_code`)
) ENGINE=InnoDB AUTO_INCREMENT=37 DEFAULT CHARSET=utf8mb4 COLLATE=utf8mb4_0900_ai_ci;
/*!40101 SET character_set_client = @saved_cs_client */;

--
-- Dumping data for table `batches`
--

LOCK TABLES `batches` WRITE;
/*!40000 ALTER TABLE `batches` DISABLE KEYS */;
INSERT INTO `batches` VALUES (9,'S-CYS-01-T10-250812-01','T10','CYS','CYS-01',10000.00,0.00,'2025-08-12 20:28:58','ACTIVE'),(10,'S-CYS-01-T10-250812-02','T10','CYS','CYS-01',10000.00,0.00,'2025-08-12 20:28:57','ACTIVE'),(11,'S-CYS-01-T10-250812-03','T10','CYS','CYS-01',10000.00,0.00,'2025-08-12 20:28:58','ACTIVE'),(12,'S-CYS-01-T10-250812-04','T10','CYS','CYS-01',10000.00,0.00,'2025-08-12 20:28:59','ACTIVE'),(13,'S-CYS-01-T10-250812-05','T10','CYS','CYS-01',10000.00,0.00,'2025-08-12 20:29:00','ACTIVE'),(14,'S-CYS-01-T10-250812-06','T10','CYS','CYS-01',10000.00,0.00,'2025-08-12 20:33:35','ACTIVE'),(15,'S-AP1-T10-250814-01','T10','APOLLO','AP1',100.00,0.00,'2025-08-14 00:28:17','ACTIVE'),(16,'S-AP2-19-250814-01','19','APOLLO','AP2',100.00,0.00,'2025-08-14 00:29:01','ACTIVE'),(17,'S-AP1-T10-250815-01','T10','APOLLO','AP1',150.00,0.00,'2025-08-15 08:56:46','ACTIVE'),(18,'S-AP1-T10-250816-01','T10','APOLLO','AP1',9.00,0.00,'2025-08-16 06:40:24','ACTIVE'),(19,'S-AP1-T10-250816-02','T10','APOLLO','AP1',100.00,0.00,'2025-08-16 20:17:17','ACTIVE'),(20,'S-AP1-T10-250816-03','T10','APOLLO','AP1',500.00,0.00,'2025-08-16 21:41:07','ACTIVE'),(21,'S-AP1-T10-250816-04','T10','APOLLO','AP1',10.00,0.00,'2025-08-16 21:42:08','ACTIVE'),(22,'S-AP1-T10-250816-05','T10','APOLLO','AP1',15.00,0.00,'2025-08-16 21:42:44','ACTIVE'),(23,'S-AP1-T10-250816-06','T10','APOLLO','AP1',5.00,0.00,'2025-08-16 21:44:16','ACTIVE'),(24,'S-AP1-T10-250816-07','T10','APOLLO','AP1',3333.00,0.00,'2025-08-16 22:01:45','ACTIVE'),(25,'S-AP1-T10-250817-01','T10','APOLLO','AP1',1111.00,0.00,'2025-08-16 22:12:44','ACTIVE'),(26,'S-AP02-T10-250826-01','T10','APOLLO','AP02',10000.00,0.00,'2025-08-26 05:51:46','ACTIVE'),(27,'S-CYS-01-T10-250826-01','T10','CYS','CYS-01',10000.00,0.00,'2025-08-26 16:37:59','ACTIVE'),(28,'S-AP1-T10-250826-01','T10','APOLLO','AP1',7000.00,0.00,'2025-08-26 18:24:32','ACTIVE'),(29,'S-CYS-01-T10-250826-02','T10','CYS','CYS-01',4444.00,0.00,'2025-08-26 19:34:51','ACTIVE'),(30,'S-CYS-01-T10-250831-01','T10','CYS','CYS-01',7500.00,0.00,'2025-08-31 15:23:27','ACTIVE'),(31,'S-CYS-01-T10-250831-02','T10','APOLLO','CYS-01',7500.00,0.00,'2025-08-31 15:23:51','ACTIVE'),(32,'S-CYS-01-T10-250831-03','T10','APOLLO','CYS-01',7500.00,0.00,'2025-08-31 15:24:23','ACTIVE'),(33,'S-CYS-01-T10-250831-04','T10','APOLLO','CYS-01',7500.00,0.00,'2025-08-31 15:24:34','ACTIVE'),(34,'S-CYS-01-T10-250831-05','T10','APOLLO','CYS-01',7500.00,0.00,'2025-08-31 15:24:40','ACTIVE'),(35,'S-CYS-01-T10-250831-06','T10','APOLLO','CYS-01',7500.00,7500.00,'2025-08-31 15:24:46','ACTIVE'),(36,'S-AP1-T10-250904-01','T10','APOLLO','AP1',7666.00,0.00,'2025-09-04 07:21:54','ACTIVE');
/*!40000 ALTER TABLE `batches` ENABLE KEYS */;
UNLOCK TABLES;

--
-- Table structure for table `celery_crontab_schedule`
--

DROP TABLE IF EXISTS `celery_crontab_schedule`;
/*!40101 SET @saved_cs_client     = @@character_set_client */;
/*!50503 SET character_set_client = utf8mb4 */;
CREATE TABLE `celery_crontab_schedule` (
  `id` int NOT NULL AUTO_INCREMENT,
  `minute` varchar(240) DEFAULT NULL,
  `hour` varchar(96) DEFAULT NULL,
  `day_of_week` varchar(64) DEFAULT NULL,
  `day_of_month` varchar(124) DEFAULT NULL,
  `month_of_year` varchar(64) DEFAULT NULL,
  `timezone` varchar(64) DEFAULT NULL,
  PRIMARY KEY (`id`)
) ENGINE=InnoDB DEFAULT CHARSET=utf8mb4 COLLATE=utf8mb4_0900_ai_ci;
/*!40101 SET character_set_client = @saved_cs_client */;

--
-- Dumping data for table `celery_crontab_schedule`
--

LOCK TABLES `celery_crontab_schedule` WRITE;
/*!40000 ALTER TABLE `celery_crontab_schedule` DISABLE KEYS */;
/*!40000 ALTER TABLE `celery_crontab_schedule` ENABLE KEYS */;
UNLOCK TABLES;

--
-- Table structure for table `celery_interval_schedule`
--

DROP TABLE IF EXISTS `celery_interval_schedule`;
/*!40101 SET @saved_cs_client     = @@character_set_client */;
/*!50503 SET character_set_client = utf8mb4 */;
CREATE TABLE `celery_interval_schedule` (
  `id` int NOT NULL AUTO_INCREMENT,
  `every` int NOT NULL,
  `period` varchar(24) DEFAULT NULL,
  PRIMARY KEY (`id`)
) ENGINE=InnoDB AUTO_INCREMENT=9 DEFAULT CHARSET=utf8mb4 COLLATE=utf8mb4_0900_ai_ci;
/*!40101 SET character_set_client = @saved_cs_client */;

--
-- Dumping data for table `celery_interval_schedule`
--

LOCK TABLES `celery_interval_schedule` WRITE;
/*!40000 ALTER TABLE `celery_interval_schedule` DISABLE KEYS */;
INSERT INTO `celery_interval_schedule` VALUES (7,10,'seconds'),(8,1,'seconds');
/*!40000 ALTER TABLE `celery_interval_schedule` ENABLE KEYS */;
UNLOCK TABLES;

--
-- Table structure for table `celery_periodic_task`
--

DROP TABLE IF EXISTS `celery_periodic_task`;
/*!40101 SET @saved_cs_client     = @@character_set_client */;
/*!50503 SET character_set_client = utf8mb4 */;
CREATE TABLE `celery_periodic_task` (
  `id` int NOT NULL AUTO_INCREMENT,
  `name` varchar(255) DEFAULT NULL,
  `task` varchar(255) DEFAULT NULL,
  `interval_id` int DEFAULT NULL,
  `crontab_id` int DEFAULT NULL,
  `solar_id` int DEFAULT NULL,
  `args` text,
  `kwargs` text,
  `queue` varchar(255) DEFAULT NULL,
  `exchange` varchar(255) DEFAULT NULL,
  `routing_key` varchar(255) DEFAULT NULL,
  `priority` int DEFAULT NULL,
  `expires` datetime DEFAULT NULL,
  `one_off` tinyint(1) DEFAULT NULL,
  `start_time` datetime DEFAULT NULL,
  `enabled` tinyint(1) DEFAULT NULL,
  `last_run_at` datetime DEFAULT NULL,
  `total_run_count` int NOT NULL,
  `date_changed` datetime DEFAULT NULL,
  `description` text,
  PRIMARY KEY (`id`),
  UNIQUE KEY `name` (`name`)
) ENGINE=InnoDB AUTO_INCREMENT=3 DEFAULT CHARSET=utf8mb4 COLLATE=utf8mb4_0900_ai_ci;
/*!40101 SET character_set_client = @saved_cs_client */;

--
-- Dumping data for table `celery_periodic_task`
--

LOCK TABLES `celery_periodic_task` WRITE;
/*!40000 ALTER TABLE `celery_periodic_task` DISABLE KEYS */;
INSERT INTO `celery_periodic_task` VALUES (1,'read-sensors-periodic','app.tasks.read_sensors_task',7,NULL,NULL,'[]','{}',NULL,NULL,NULL,NULL,NULL,0,NULL,1,'2025-09-12 17:10:54',5927,'2025-09-12 17:10:55',''),(2,'check-alarms-periodic','app.tasks.check_alarms_task',8,NULL,NULL,'[]','{}',NULL,NULL,NULL,NULL,NULL,0,NULL,1,'2025-09-12 17:10:55',58161,'2025-09-12 17:10:55','');
/*!40000 ALTER TABLE `celery_periodic_task` ENABLE KEYS */;
UNLOCK TABLES;

--
-- Table structure for table `celery_periodic_task_changed`
--

DROP TABLE IF EXISTS `celery_periodic_task_changed`;
/*!40101 SET @saved_cs_client     = @@character_set_client */;
/*!50503 SET character_set_client = utf8mb4 */;
CREATE TABLE `celery_periodic_task_changed` (
  `id` int NOT NULL AUTO_INCREMENT,
  `last_update` datetime NOT NULL,
  PRIMARY KEY (`id`)
) ENGINE=InnoDB AUTO_INCREMENT=2 DEFAULT CHARSET=utf8mb4 COLLATE=utf8mb4_0900_ai_ci;
/*!40101 SET character_set_client = @saved_cs_client */;

--
-- Dumping data for table `celery_periodic_task_changed`
--

LOCK TABLES `celery_periodic_task_changed` WRITE;
/*!40000 ALTER TABLE `celery_periodic_task_changed` DISABLE KEYS */;
INSERT INTO `celery_periodic_task_changed` VALUES (1,'2025-09-11 11:44:44');
/*!40000 ALTER TABLE `celery_periodic_task_changed` ENABLE KEYS */;
UNLOCK TABLES;

--
-- Table structure for table `celery_solar_schedule`
--

DROP TABLE IF EXISTS `celery_solar_schedule`;
/*!40101 SET @saved_cs_client     = @@character_set_client */;
/*!50503 SET character_set_client = utf8mb4 */;
CREATE TABLE `celery_solar_schedule` (
  `id` int NOT NULL AUTO_INCREMENT,
  `event` varchar(24) DEFAULT NULL,
  `latitude` float DEFAULT NULL,
  `longitude` float DEFAULT NULL,
  PRIMARY KEY (`id`)
) ENGINE=InnoDB DEFAULT CHARSET=utf8mb4 COLLATE=utf8mb4_0900_ai_ci;
/*!40101 SET character_set_client = @saved_cs_client */;

--
-- Dumping data for table `celery_solar_schedule`
--

LOCK TABLES `celery_solar_schedule` WRITE;
/*!40000 ALTER TABLE `celery_solar_schedule` DISABLE KEYS */;
/*!40000 ALTER TABLE `celery_solar_schedule` ENABLE KEYS */;
UNLOCK TABLES;

--
-- Table structure for table `cykle_filtracyjne`
--

DROP TABLE IF EXISTS `cykle_filtracyjne`;
/*!40101 SET @saved_cs_client     = @@character_set_client */;
/*!50503 SET character_set_client = utf8mb4 */;
CREATE TABLE `cykle_filtracyjne` (
  `id` int NOT NULL AUTO_INCREMENT,
  `id_partii` int DEFAULT NULL,
  `numer_cyklu` int DEFAULT NULL,
  `typ_cyklu` enum('placek','filtracja','dmuchanie') CHARACTER SET utf8mb4 COLLATE utf8mb4_0900_ai_ci DEFAULT NULL,
  `id_filtra` varchar(10) CHARACTER SET utf8mb4 COLLATE utf8mb4_0900_ai_ci DEFAULT NULL,
  `reaktor_startowy` varchar(10) CHARACTER SET utf8mb4 COLLATE utf8mb4_0900_ai_ci DEFAULT NULL,
  `reaktor_docelowy` varchar(10) CHARACTER SET utf8mb4 COLLATE utf8mb4_0900_ai_ci DEFAULT NULL,
  `czas_rozpoczecia` datetime DEFAULT NULL,
  `czas_zakonczenia` datetime DEFAULT NULL,
  `czas_trwania_minut` int DEFAULT NULL,
  `wynik_oceny` enum('pozytywna','negatywna','oczekuje') CHARACTER SET utf8mb4 COLLATE utf8mb4_0900_ai_ci DEFAULT NULL,
  `komentarz` text CHARACTER SET utf8mb4 COLLATE utf8mb4_0900_ai_ci,
  PRIMARY KEY (`id`),
  KEY `idx_partia_cykl` (`id_partii`,`numer_cyklu`),
  KEY `idx_filtr_czas` (`id_filtra`,`czas_rozpoczecia`),
  CONSTRAINT `cykle_filtracyjne_ibfk_1` FOREIGN KEY (`id_partii`) REFERENCES `partie_surowca` (`id`) ON DELETE CASCADE
) ENGINE=InnoDB AUTO_INCREMENT=19 DEFAULT CHARSET=utf8mb4 COLLATE=utf8mb4_unicode_ci COMMENT='Historia wszystkich cykli filtracyjnych dla kadej partii';
/*!40101 SET character_set_client = @saved_cs_client */;

--
-- Dumping data for table `cykle_filtracyjne`
--

LOCK TABLES `cykle_filtracyjne` WRITE;
/*!40000 ALTER TABLE `cykle_filtracyjne` DISABLE KEYS */;
/*!40000 ALTER TABLE `cykle_filtracyjne` ENABLE KEYS */;
UNLOCK TABLES;

--
-- Table structure for table `historia_pomiarow`
--

DROP TABLE IF EXISTS `historia_pomiarow`;
/*!40101 SET @saved_cs_client     = @@character_set_client */;
/*!50503 SET character_set_client = utf8mb4 */;
CREATE TABLE `historia_pomiarow` (
  `id` int NOT NULL AUTO_INCREMENT,
  `id_sprzetu` int NOT NULL,
  `czas_pomiaru` datetime NOT NULL,
  `temperatura` decimal(10,6) DEFAULT NULL,
  `cisnienie` decimal(5,2) DEFAULT NULL,
  PRIMARY KEY (`id`),
  KEY `idx_historia_sprzet_czas` (`id_sprzetu`,`czas_pomiaru`),
  CONSTRAINT `historia_pomiarow_ibfk_1` FOREIGN KEY (`id_sprzetu`) REFERENCES `sprzet` (`id`)
) ENGINE=InnoDB AUTO_INCREMENT=49941 DEFAULT CHARSET=utf8mb4 COLLATE=utf8mb4_0900_ai_ci;
/*!40101 SET character_set_client = @saved_cs_client */;

--
-- Dumping data for table `historia_pomiarow`
--

LOCK TABLES `historia_pomiarow` WRITE;
/*!40000 ALTER TABLE `historia_pomiarow` DISABLE KEYS */;
INSERT INTO `historia_pomiarow` VALUES (49921,1,'2025-09-12 17:12:54',120.000000,0.14),(49922,2,'2025-09-12 17:12:54',120.000000,1.46),(49923,3,'2025-09-12 17:12:54',20.000000,1.09),(49924,4,'2025-09-12 17:12:54',120.000000,0.99),(49925,5,'2025-09-12 17:12:54',120.000000,1.21),(49926,10,'2025-09-12 17:12:54',120.000000,0.82),(49927,11,'2025-09-12 17:12:54',120.000000,0.25),(49928,12,'2025-09-12 17:12:54',120.000000,0.54),(49929,13,'2025-09-12 17:12:54',120.000000,1.90),(49930,107,'2025-09-12 17:12:54',119.600000,0.00),(49931,1,'2025-09-12 17:13:04',120.000000,1.85),(49932,2,'2025-09-12 17:13:04',120.000000,1.91),(49933,3,'2025-09-12 17:13:04',20.000000,1.15),(49934,4,'2025-09-12 17:13:04',120.000000,1.28),(49935,5,'2025-09-12 17:13:04',120.000000,0.49),(49936,10,'2025-09-12 17:13:04',120.000000,1.98),(49937,11,'2025-09-12 17:13:04',120.000000,1.85),(49938,12,'2025-09-12 17:13:04',120.000000,1.76),(49939,13,'2025-09-12 17:13:04',120.000000,0.59),(49940,107,'2025-09-12 17:13:04',119.600000,0.00);
/*!40000 ALTER TABLE `historia_pomiarow` ENABLE KEYS */;
UNLOCK TABLES;

--
-- Table structure for table `log_uzyte_segmenty`
--

DROP TABLE IF EXISTS `log_uzyte_segmenty`;
/*!40101 SET @saved_cs_client     = @@character_set_client */;
/*!50503 SET character_set_client = utf8mb4 */;
CREATE TABLE `log_uzyte_segmenty` (
  `id_operacji_log` int NOT NULL,
  `id_segmentu` int NOT NULL,
  PRIMARY KEY (`id_operacji_log`,`id_segmentu`),
  KEY `id_segmentu` (`id_segmentu`),
  CONSTRAINT `log_uzyte_segmenty_ibfk_1` FOREIGN KEY (`id_operacji_log`) REFERENCES `operacje_log` (`id`) ON DELETE CASCADE,
  CONSTRAINT `log_uzyte_segmenty_ibfk_2` FOREIGN KEY (`id_segmentu`) REFERENCES `segmenty` (`id`)
) ENGINE=InnoDB DEFAULT CHARSET=utf8mb4 COLLATE=utf8mb4_unicode_ci COMMENT='Zapisuje, ktre segmenty byy uywane w danej operacji z logu';
/*!40101 SET character_set_client = @saved_cs_client */;

--
-- Dumping data for table `log_uzyte_segmenty`
--

LOCK TABLES `log_uzyte_segmenty` WRITE;
/*!40000 ALTER TABLE `log_uzyte_segmenty` DISABLE KEYS */;
INSERT INTO `log_uzyte_segmenty` VALUES (4,1),(5,1),(10,1),(11,1),(16,1),(19,1),(24,1),(31,1),(55,1),(67,1),(4,2),(5,2),(10,2),(11,2),(16,2),(19,2),(24,2),(31,2),(55,2),(4,3),(5,3),(10,3),(11,3),(12,3),(13,3),(16,3),(18,3),(19,3),(23,3),(24,3),(31,3),(32,3),(34,3),(37,3),(43,3),(47,3),(54,3),(55,3),(62,3),(63,3),(66,3),(69,3),(73,3),(20,4),(30,4),(33,4),(53,4),(20,5),(30,5),(33,5),(53,5),(4,6),(5,6),(10,6),(11,6),(12,6),(13,6),(15,6),(16,6),(18,6),(19,6),(22,6),(23,6),(24,6),(29,6),(31,6),(32,6),(34,6),(35,6),(36,6),(37,6),(42,6),(43,6),(47,6),(48,6),(54,6),(55,6),(60,6),(62,6),(63,6),(64,6),(66,6),(68,6),(69,6),(71,6),(73,6),(79,6),(14,7),(20,7),(30,7),(33,7),(53,7),(4,8),(5,8),(10,8),(11,8),(12,8),(13,8),(14,8),(15,8),(16,8),(18,8),(19,8),(20,8),(22,8),(23,8),(24,8),(29,8),(30,8),(31,8),(32,8),(33,8),(34,8),(35,8),(36,8),(37,8),(42,8),(43,8),(47,8),(48,8),(53,8),(54,8),(55,8),(60,8),(62,8),(63,8),(64,8),(66,8),(68,8),(69,8),(71,8),(73,8),(79,8),(10,9),(12,9),(13,9),(14,9),(15,9),(16,9),(18,9),(19,9),(20,9),(22,9),(23,9),(24,9),(29,9),(30,9),(31,9),(32,9),(33,9),(34,9),(35,9),(36,9),(37,9),(42,9),(43,9),(47,9),(48,9),(53,9),(54,9),(55,9),(60,9),(62,9),(63,9),(64,9),(66,9),(68,9),(69,9),(71,9),(73,9),(79,9),(14,10),(20,10),(24,10),(30,10),(43,10),(47,10),(54,10),(62,10),(63,10),(66,10),(69,10),(73,10),(16,11),(22,11),(33,11),(35,11),(36,11),(42,11),(53,11),(55,11),(64,11),(68,11),(71,11),(79,11),(15,12),(18,12),(23,12),(37,12),(48,12),(13,13),(31,13),(60,13),(10,14),(12,14),(19,14),(29,14),(32,14),(34,14),(10,15),(12,15),(16,15),(18,15),(19,15),(20,15),(22,15),(23,15),(24,15),(29,15),(30,15),(31,15),(32,15),(33,15),(34,15),(35,15),(36,15),(37,15),(42,15),(43,15),(47,15),(48,15),(53,15),(54,15),(55,15),(60,15),(62,15),(63,15),(64,15),(66,15),(68,15),(69,15),(71,15),(73,15),(79,15),(12,16),(13,16),(18,16),(23,16),(32,16),(34,16),(37,16),(43,16),(47,16),(54,16),(61,16),(62,16),(63,16),(66,16),(69,16),(73,16),(15,17),(22,17),(29,17),(35,17),(36,17),(42,17),(48,17),(60,17),(64,17),(68,17),(71,17),(79,17),(14,18),(52,21),(59,21),(61,21),(67,21),(70,21),(72,21),(74,21),(75,21),(61,23),(67,23),(70,23),(72,23),(75,23),(52,24),(59,24),(61,24),(67,24),(70,24),(72,24),(74,24),(75,24),(52,26),(59,26),(74,26),(70,27),(52,32),(59,32),(61,32),(67,32),(70,32),(72,32),(74,32),(75,32),(72,33),(75,33),(52,36),(59,36),(61,36),(67,36),(70,36),(72,36),(74,36),(75,36),(67,37),(74,37),(59,38),(61,39),(70,39),(75,39),(52,40),(72,40),(61,49),(61,52),(67,52),(72,53),(75,53),(61,56),(67,56),(72,56),(75,56),(99,65),(100,65),(101,65),(103,65),(104,65),(105,65),(106,65),(107,65),(108,65),(109,65),(110,65),(111,65),(112,65),(113,65),(114,65),(115,65),(116,65),(117,65),(118,65),(119,65),(120,65),(121,65),(122,65),(123,65),(124,65),(125,65),(126,65),(127,65),(130,65),(145,65),(155,65),(128,66),(129,67),(137,68),(134,69),(136,69),(135,70),(143,71),(148,71),(149,71),(151,72),(152,72),(153,72),(154,72),(143,73),(145,73),(148,73),(143,75),(145,75),(148,75),(143,77),(145,77),(148,77),(143,79),(145,79),(148,79),(143,81),(145,81),(148,81),(143,83),(145,83),(148,83),(143,85),(145,85),(148,85),(99,87),(100,87),(101,87),(103,87),(104,87),(105,87),(106,87),(107,87),(108,87),(109,87),(110,87),(111,87),(112,87),(113,87),(114,87),(115,87),(116,87),(117,87),(118,87),(119,87),(120,87),(121,87),(122,87),(123,87),(124,87),(125,87),(126,87),(127,87),(128,87),(129,87),(130,87),(134,87),(135,87),(136,87),(137,87),(143,87),(145,87),(148,87),(149,87),(155,87),(99,89),(100,89),(101,89),(103,89),(104,89),(105,89),(106,89),(107,89),(108,89),(109,89),(110,89),(111,89),(112,89),(113,89),(114,89),(115,89),(116,89),(117,89),(118,89),(119,89),(120,89),(121,89),(122,89),(123,89),(124,89),(125,89),(126,89),(127,89),(128,89),(129,89),(130,89),(134,89),(135,89),(136,89),(137,89),(145,89),(155,89),(99,91),(100,91),(101,91),(103,91),(104,91),(105,91),(106,91),(107,91),(108,91),(109,91),(110,91),(111,91),(112,91),(113,91),(114,91),(115,91),(116,91),(117,91),(118,91),(119,91),(120,91),(121,91),(122,91),(123,91),(124,91),(125,91),(126,91),(127,91),(128,91),(129,91),(130,91),(134,91),(136,91),(137,91),(145,91),(155,91),(99,93),(100,93),(101,93),(103,93),(104,93),(105,93),(106,93),(107,93),(108,93),(109,93),(110,93),(111,93),(112,93),(113,93),(114,93),(115,93),(116,93),(117,93),(118,93),(119,93),(120,93),(121,93),(122,93),(123,93),(124,93),(125,93),(126,93),(127,93),(128,93),(129,93),(130,93),(137,93),(145,93),(155,93),(99,95),(100,95),(101,95),(103,95),(104,95),(105,95),(106,95),(107,95),(108,95),(109,95),(110,95),(111,95),(112,95),(113,95),(114,95),(115,95),(116,95),(117,95),(118,95),(119,95),(120,95),(121,95),(122,95),(123,95),(124,95),(125,95),(126,95),(127,95),(128,95),(129,95),(130,95),(145,95),(155,95),(99,97),(100,97),(101,97),(103,97),(104,97),(105,97),(106,97),(107,97),(108,97),(109,97),(110,97),(111,97),(112,97),(113,97),(114,97),(115,97),(116,97),(117,97),(118,97),(119,97),(120,97),(121,97),(122,97),(123,97),(124,97),(125,97),(126,97),(127,97),(128,97),(130,97),(145,97),(155,97),(99,99),(100,99),(101,99),(103,99),(104,99),(105,99),(106,99),(107,99),(108,99),(109,99),(110,99),(111,99),(112,99),(113,99),(114,99),(115,99),(116,99),(117,99),(118,99),(119,99),(120,99),(121,99),(122,99),(123,99),(124,99),(125,99),(126,99),(127,99),(130,99),(145,99),(155,99),(143,101),(145,101),(148,101),(99,102),(100,102),(101,102),(103,102),(104,102),(105,102),(106,102),(107,102),(108,102),(109,102),(110,102),(111,102),(112,102),(113,102),(114,102),(115,102),(116,102),(117,102),(118,102),(119,102),(120,102),(121,102),(122,102),(123,102),(124,102),(125,102),(126,102),(127,102),(128,102),(129,102),(130,102),(134,102),(135,102),(136,102),(137,102),(143,102),(145,102),(148,102),(149,102),(151,102),(152,102),(153,102),(154,102),(155,102),(131,103),(132,103),(133,103),(138,103),(139,103),(140,103),(141,103),(142,103),(144,103),(147,103),(156,103),(157,103),(158,103),(159,103),(161,103),(162,103),(163,103),(165,103),(166,103),(167,103),(168,103),(169,103),(170,103),(171,103),(172,103),(173,103),(174,103),(175,103),(176,103),(177,103),(178,103),(179,103),(180,103),(181,103),(182,103),(183,103),(184,103),(185,103),(186,103),(187,103),(188,103),(189,103),(190,103),(191,103),(192,103),(193,103),(99,104),(100,104),(101,104),(103,104),(104,104),(105,104),(106,104),(107,104),(108,104),(109,104),(110,104),(111,104),(112,104),(113,104),(114,104),(115,104),(116,104),(117,104),(118,104),(119,104),(120,104),(121,104),(122,104),(123,104),(124,104),(125,104),(126,104),(127,104),(128,104),(129,104),(130,104),(134,104),(135,104),(136,104),(137,104),(143,104),(145,104),(148,104),(149,104),(151,104),(152,104),(153,104),(154,104),(155,104),(131,105),(132,105),(141,105),(156,105),(163,105),(169,105),(170,105),(171,105),(172,105),(173,105),(174,105),(183,105),(184,105),(185,105),(186,105),(187,105),(188,105),(189,105),(190,105),(191,105),(133,106),(157,106),(158,106),(168,106),(175,106),(177,106),(178,106),(179,106),(139,107),(140,107),(159,107),(161,107),(165,107),(167,107),(180,107),(181,107),(182,107),(192,107),(142,108),(162,108),(176,108),(144,109),(166,109),(193,110),(147,111),(138,112),(143,115),(145,115),(148,115),(150,119),(114,122),(116,122),(118,122),(119,122),(120,122),(122,122),(124,122),(125,122),(129,122),(130,122),(132,122),(133,122),(136,122),(140,122),(149,122),(150,122),(151,122),(152,122),(153,122),(154,122),(155,122),(156,122),(157,122),(158,122),(159,122),(161,122),(162,122),(163,122),(165,122),(166,122),(167,122),(168,122),(169,122),(170,122),(171,122),(172,122),(173,122),(174,122),(175,122),(176,122),(177,122),(178,122),(179,122),(180,122),(181,122),(183,122),(184,122),(185,122),(186,122),(187,122),(188,122),(189,122),(190,122),(191,122),(192,122),(193,122),(99,123),(100,123),(101,123),(103,123),(104,123),(105,123),(106,123),(107,123),(108,123),(109,123),(110,123),(111,123),(112,123),(113,123),(115,123),(117,123),(121,123),(123,123),(126,123),(127,123),(128,123),(131,123),(141,123),(142,123),(182,123),(99,128),(100,128),(101,128),(103,128),(104,128),(105,128),(106,128),(107,128),(108,128),(109,128),(110,128),(111,128),(112,128),(113,128),(114,128),(115,128),(116,128),(117,128),(118,128),(119,128),(120,128),(121,128),(122,128),(123,128),(124,128),(125,128),(126,128),(127,128),(128,128),(129,128),(130,128),(131,128),(132,128),(133,128),(134,128),(135,128),(136,128),(137,128),(138,128),(139,128),(140,128),(141,128),(142,128),(144,128),(147,128),(149,128),(150,128),(151,128),(152,128),(153,128),(154,128),(155,128),(156,128),(157,128),(158,128),(159,128),(161,128),(162,128),(163,128),(99,130),(100,130),(101,130),(103,130),(104,130),(105,130),(106,130),(107,130),(108,130),(109,130),(110,130),(111,130),(112,130),(113,130),(114,130),(115,130),(116,130),(117,130),(118,130),(119,130),(120,130),(121,130),(122,130),(123,130),(124,130),(125,130),(126,130),(127,130),(128,130),(129,130),(130,130),(131,130),(132,130),(133,130),(134,130),(135,130),(136,130),(137,130),(138,130),(139,130),(140,130),(141,130),(142,130),(144,130),(147,130),(149,130),(151,130),(152,130),(153,130),(154,130),(155,130),(156,130),(157,130),(158,130),(159,130),(161,130),(162,130),(163,130),(165,130),(166,130),(167,130),(168,130),(169,130),(170,130),(171,130),(172,130),(173,130),(174,130),(175,130),(176,130),(177,130),(178,130),(179,130),(180,130),(181,130),(182,130),(183,130),(184,130),(185,130),(186,130),(187,130),(188,130),(189,130),(190,130),(191,130),(192,130),(193,130),(99,131),(100,131),(101,131),(103,131),(104,131),(105,131),(106,131),(107,131),(108,131),(109,131),(110,131),(111,131),(112,131),(113,131),(115,131),(117,131),(121,131),(123,131),(126,131),(127,131),(128,131),(131,131),(141,131),(142,131),(182,131),(99,132),(100,132),(101,132),(103,132),(104,132),(105,132),(106,132),(107,132),(108,132),(109,132),(110,132),(111,132),(112,132),(113,132),(114,132),(115,132),(116,132),(117,132),(118,132),(119,132),(120,132),(121,132),(122,132),(123,132),(124,132),(125,132),(126,132),(127,132),(128,132),(129,132),(130,132),(131,132),(132,132),(133,132),(136,132),(140,132),(141,132),(142,132),(149,132),(150,132),(151,132),(152,132),(153,132),(154,132),(155,132),(156,132),(157,132),(158,132),(159,132),(161,132),(162,132),(163,132),(165,132),(166,132),(167,132),(168,132),(169,132),(170,132),(171,132),(172,132),(173,132),(174,132),(175,132),(176,132),(177,132),(178,132),(179,132),(180,132),(181,132),(182,132),(183,132),(184,132),(185,132),(186,132),(187,132),(188,132),(189,132),(190,132),(191,132),(192,132),(193,132),(99,133),(100,133),(101,133),(103,133),(104,133),(105,133),(106,133),(107,133),(108,133),(109,133),(110,133),(111,133),(112,133),(113,133),(114,133),(115,133),(116,133),(117,133),(118,133),(119,133),(120,133),(121,133),(122,133),(123,133),(124,133),(125,133),(126,133),(127,133),(128,133),(129,133),(130,133),(131,133),(132,133),(133,133),(136,133),(140,133),(141,133),(142,133),(149,133),(150,133),(151,133),(152,133),(153,133),(154,133),(155,133),(156,133),(157,133),(158,133),(159,133),(161,133),(162,133),(163,133),(165,133),(166,133),(167,133),(168,133),(169,133),(170,133),(171,133),(172,133),(173,133),(174,133),(175,133),(176,133),(177,133),(178,133),(179,133),(180,133),(181,133),(182,133),(183,133),(184,133),(185,133),(186,133),(187,133),(188,133),(189,133),(190,133),(191,133),(192,133),(193,133),(99,134),(100,134),(101,134),(103,134),(104,134),(105,134),(106,134),(107,134),(108,134),(109,134),(110,134),(111,134),(112,134),(113,134),(114,134),(115,134),(116,134),(117,134),(118,134),(119,134),(120,134),(121,134),(122,134),(123,134),(124,134),(125,134),(126,134),(127,134),(128,134),(129,134),(130,134),(131,134),(132,134),(133,134),(134,134),(135,134),(136,134),(137,134),(138,134),(139,134),(140,134),(141,134),(142,134),(144,134),(147,134),(149,134),(150,134),(151,134),(152,134),(153,134),(154,134),(155,134),(156,134),(157,134),(158,134),(159,134),(161,134),(162,134),(163,134),(165,134),(166,134),(167,134),(168,134),(169,134),(170,134),(171,134),(172,134),(173,134),(174,134),(175,134),(176,134),(177,134),(178,134),(179,134),(180,134),(181,134),(182,134),(183,134),(184,134),(185,134),(186,134),(187,134),(188,134),(189,134),(190,134),(191,134),(192,134),(193,134),(165,135),(166,135),(167,135),(168,135),(169,135),(170,135),(171,135),(172,135),(173,135),(174,135),(175,135),(176,135),(177,135),(178,135),(179,135),(180,135),(181,135),(182,135),(183,135),(184,135),(185,135),(186,135),(187,135),(188,135),(189,135),(190,135),(191,135),(192,135),(193,135),(99,136),(100,136),(101,136),(103,136),(104,136),(105,136),(106,136),(107,136),(108,136),(109,136),(110,136),(111,136),(112,136),(113,136),(114,136),(115,136),(116,136),(117,136),(118,136),(119,136),(120,136),(121,136),(122,136),(123,136),(124,136),(125,136),(126,136),(127,136),(128,136),(129,136),(130,136),(131,136),(132,136),(133,136),(134,136),(135,136),(136,136),(137,136),(138,136),(139,136),(140,136),(141,136),(142,136),(144,136),(147,136),(149,136),(150,136),(151,136),(152,136),(153,136),(154,136),(155,136),(156,136),(157,136),(158,136),(159,136),(161,136),(162,136),(163,136),(165,136),(166,136),(167,136),(168,136),(169,136),(170,136),(171,136),(172,136),(173,136),(174,136),(175,136),(176,136),(177,136),(178,136),(179,136),(180,136),(181,136),(182,136),(183,136),(184,136),(185,136),(186,136),(187,136),(188,136),(189,136),(190,136),(191,136),(192,136),(193,136),(99,137),(100,137),(101,137),(103,137),(104,137),(105,137),(106,137),(107,137),(108,137),(109,137),(110,137),(111,137),(112,137),(113,137),(114,137),(115,137),(116,137),(117,137),(118,137),(119,137),(120,137),(121,137),(122,137),(123,137),(124,137),(125,137),(126,137),(127,137),(128,137),(129,137),(130,137),(131,137),(132,137),(133,137),(134,137),(135,137),(136,137),(137,137),(138,137),(139,137),(140,137),(141,137),(142,137),(144,137),(147,137),(149,137),(150,137),(151,137),(152,137),(153,137),(154,137),(155,137),(156,137),(157,137),(158,137),(159,137),(161,137),(162,137),(163,137),(165,137),(166,137),(167,137),(168,137),(169,137),(170,137),(171,137),(172,137),(173,137),(174,137),(175,137),(176,137),(177,137),(178,137),(179,137),(180,137),(181,137),(182,137),(183,137),(184,137),(185,137),(186,137),(187,137),(188,137),(189,137),(190,137),(191,137),(192,137),(193,137),(150,138),(150,139),(99,140),(100,140),(101,140),(103,140),(104,140),(105,140),(106,140),(107,140),(108,140),(109,140),(110,140),(111,140),(112,140),(113,140),(114,140),(115,140),(116,140),(117,140),(118,140),(119,140),(120,140),(121,140),(122,140),(123,140),(124,140),(125,140),(126,140),(127,140),(128,140),(129,140),(130,140),(131,140),(132,140),(133,140),(134,140),(135,140),(136,140),(137,140),(138,140),(139,140),(140,140),(141,140),(142,140),(144,140),(147,140),(149,140),(151,140),(152,140),(153,140),(154,140),(155,140),(156,140),(157,140),(158,140),(159,140),(161,140),(162,140),(163,140),(165,140),(166,140),(167,140),(168,140),(169,140),(170,140),(171,140),(172,140),(173,140),(174,140),(175,140),(176,140),(177,140),(178,140),(179,140),(180,140),(181,140),(182,140),(183,140),(184,140),(185,140),(186,140),(187,140),(188,140),(189,140),(190,140),(191,140),(192,140),(193,140),(134,141),(135,141),(137,141),(138,141),(139,141),(144,141),(147,141),(164,155),(146,156),(146,188),(164,188),(146,190),(146,214),(164,214),(146,228),(164,228),(143,237),(145,237),(148,237);
/*!40000 ALTER TABLE `log_uzyte_segmenty` ENABLE KEYS */;
UNLOCK TABLES;

--
-- Table structure for table `mix_components`
--

DROP TABLE IF EXISTS `mix_components`;
/*!40101 SET @saved_cs_client     = @@character_set_client */;
/*!50503 SET character_set_client = utf8mb4 */;
CREATE TABLE `mix_components` (
  `id` int NOT NULL AUTO_INCREMENT,
  `mix_id` int NOT NULL,
  `batch_id` int NOT NULL,
  `date_added` datetime NOT NULL DEFAULT CURRENT_TIMESTAMP,
  `quantity_in_mix` decimal(10,2) NOT NULL,
  PRIMARY KEY (`id`),
  KEY `batch_id` (`batch_id`),
  KEY `mix_id` (`mix_id`),
  CONSTRAINT `mix_components_ibfk_1` FOREIGN KEY (`batch_id`) REFERENCES `batches` (`id`),
  CONSTRAINT `mix_components_ibfk_2` FOREIGN KEY (`mix_id`) REFERENCES `tank_mixes` (`id`)
) ENGINE=InnoDB AUTO_INCREMENT=73 DEFAULT CHARSET=utf8mb4 COLLATE=utf8mb4_0900_ai_ci;
/*!40101 SET character_set_client = @saved_cs_client */;

--
-- Dumping data for table `mix_components`
--

LOCK TABLES `mix_components` WRITE;
/*!40000 ALTER TABLE `mix_components` DISABLE KEYS */;
INSERT INTO `mix_components` VALUES (20,6,13,'2025-08-12 20:29:09',0.00),(21,6,12,'2025-08-12 20:29:45',0.00),(22,6,11,'2025-08-12 20:29:52',0.00),(23,6,10,'2025-08-12 20:29:57',0.00),(24,6,9,'2025-08-12 20:30:05',0.00),(25,7,13,'2025-08-12 20:30:54',0.00),(26,7,12,'2025-08-12 20:30:54',0.00),(27,7,11,'2025-08-12 20:30:54',0.00),(28,7,10,'2025-08-12 20:30:54',0.00),(29,7,9,'2025-08-12 20:30:54',0.00),(30,8,14,'2025-08-12 20:33:41',5711.51),(31,8,13,'2025-08-12 20:38:12',5711.55),(32,8,12,'2025-08-12 20:38:12',5711.55),(33,8,11,'2025-08-12 20:38:12',5711.55),(34,8,10,'2025-08-12 20:38:12',5711.55),(35,8,9,'2025-08-12 20:38:12',5711.55),(36,7,14,'2025-08-12 20:39:45',0.00),(37,9,14,'2025-08-12 20:50:41',4288.60),(38,9,13,'2025-08-12 20:50:41',4288.63),(39,9,12,'2025-08-12 20:50:41',4288.63),(40,9,11,'2025-08-12 20:50:41',4288.63),(41,9,10,'2025-08-12 20:50:41',4288.63),(42,9,9,'2025-08-12 20:50:41',4288.63),(43,10,15,'2025-08-14 00:28:18',100.00),(44,10,16,'2025-08-14 00:29:01',100.00),(45,8,17,'2025-08-15 08:56:46',98.00),(46,8,18,'2025-08-16 06:40:24',5.88),(47,8,19,'2025-08-16 20:17:17',65.33),(48,8,20,'2025-08-16 21:41:07',326.65),(49,8,21,'2025-08-16 21:42:08',6.53),(50,8,22,'2025-08-16 21:42:44',9.80),(51,8,23,'2025-08-16 21:44:16',3.27),(52,8,24,'2025-08-16 22:01:45',2177.47),(53,8,25,'2025-08-16 22:12:44',725.82),(54,9,17,'2025-08-16 22:13:56',52.00),(55,9,18,'2025-08-16 22:13:56',3.12),(56,9,19,'2025-08-16 22:13:56',34.67),(57,9,20,'2025-08-16 22:13:56',173.35),(58,9,21,'2025-08-16 22:13:56',3.47),(59,9,22,'2025-08-16 22:13:56',5.20),(60,9,23,'2025-08-16 22:13:56',1.73),(61,9,24,'2025-08-16 22:13:56',1155.53),(62,9,25,'2025-08-16 22:13:56',385.18),(63,11,26,'2025-08-26 05:52:33',10000.00),(64,11,27,'2025-08-26 16:38:08',10000.00),(65,10,28,'2025-08-26 18:24:32',7000.00),(66,12,29,'2025-08-26 19:35:04',4444.00),(67,13,30,'2025-08-31 15:23:32',7500.00),(68,14,31,'2025-08-31 15:24:07',7500.00),(69,15,32,'2025-08-31 15:24:29',7500.00),(70,16,33,'2025-08-31 15:24:38',7500.00),(71,17,34,'2025-08-31 15:24:44',7500.00),(72,14,36,'2025-09-04 07:21:55',7666.00);
/*!40000 ALTER TABLE `mix_components` ENABLE KEYS */;
UNLOCK TABLES;

--
-- Table structure for table `operacje_log`
--

DROP TABLE IF EXISTS `operacje_log`;
/*!40101 SET @saved_cs_client     = @@character_set_client */;
/*!50503 SET character_set_client = utf8mb4 */;
CREATE TABLE `operacje_log` (
  `id` int NOT NULL AUTO_INCREMENT,
  `typ_operacji` varchar(50) CHARACTER SET utf8mb4 COLLATE utf8mb4_0900_ai_ci NOT NULL COMMENT 'Np. TRANSFER, DODANIE_ZIEMI, FILTRACJA_KOO',
  `id_partii_surowca` int DEFAULT NULL,
  `id_sprzetu_zrodlowego` int DEFAULT NULL,
  `id_sprzetu_docelowego` int DEFAULT NULL,
  `id_apollo_sesji` int DEFAULT NULL,
  `czas_rozpoczecia` datetime NOT NULL,
  `czas_zakonczenia` datetime DEFAULT NULL,
  `ostatnia_modyfikacja` datetime DEFAULT NULL,
  `zmodyfikowane_przez` varchar(255) COLLATE utf8mb4_unicode_ci DEFAULT NULL,
  `uwagi` text COLLATE utf8mb4_unicode_ci,
  `ilosc_kg` decimal(10,2) DEFAULT NULL,
  `opis` text CHARACTER SET utf8mb4 COLLATE utf8mb4_0900_ai_ci,
  `status_operacji` enum('aktywna','zakonczona','wstrzymana','anulowana') COLLATE utf8mb4_unicode_ci NOT NULL DEFAULT 'aktywna',
  `punkt_startowy` varchar(50) CHARACTER SET utf8mb4 COLLATE utf8mb4_0900_ai_ci DEFAULT NULL,
  `punkt_docelowy` varchar(50) CHARACTER SET utf8mb4 COLLATE utf8mb4_0900_ai_ci DEFAULT NULL,
  PRIMARY KEY (`id`),
  KEY `id_partii_surowca` (`id_partii_surowca`),
  KEY `id_sprzetu_zrodlowego` (`id_sprzetu_zrodlowego`),
  KEY `id_sprzetu_docelowego` (`id_sprzetu_docelowego`),
  KEY `fk_operacje_log_apollo_sesje` (`id_apollo_sesji`),
  CONSTRAINT `fk_operacje_log_apollo_sesje` FOREIGN KEY (`id_apollo_sesji`) REFERENCES `apollo_sesje` (`id`),
  CONSTRAINT `operacje_log_ibfk_1` FOREIGN KEY (`id_partii_surowca`) REFERENCES `partie_surowca` (`id`) ON DELETE SET NULL,
  CONSTRAINT `operacje_log_ibfk_2` FOREIGN KEY (`id_sprzetu_zrodlowego`) REFERENCES `sprzet` (`id`) ON DELETE SET NULL,
  CONSTRAINT `operacje_log_ibfk_3` FOREIGN KEY (`id_sprzetu_docelowego`) REFERENCES `sprzet` (`id`) ON DELETE SET NULL
) ENGINE=InnoDB AUTO_INCREMENT=194 DEFAULT CHARSET=utf8mb4 COLLATE=utf8mb4_unicode_ci COMMENT='Log wszystkich zdarze i operacji w procesie';
/*!40101 SET character_set_client = @saved_cs_client */;

--
-- Dumping data for table `operacje_log`
--

LOCK TABLES `operacje_log` WRITE;
/*!40000 ALTER TABLE `operacje_log` DISABLE KEYS */;
INSERT INTO `operacje_log` VALUES (1,'TRANSFER',NULL,8,1,NULL,'2023-10-27 15:00:00','2025-07-01 02:20:26',NULL,NULL,NULL,7500.00,'Tankowanie z B1b do R1','zakonczona',NULL,NULL),(2,'TRANSFER',NULL,8,2,NULL,'2025-06-29 17:32:15','2025-07-01 02:20:20',NULL,NULL,NULL,7200.00,'Tankowanie partii 19-20250629-173214-CYSTERNA','zakonczona',NULL,NULL),(4,'FILTRACJA_DO_FZ',NULL,NULL,NULL,NULL,'2025-07-01 00:10:30','2025-07-01 00:26:12',NULL,NULL,NULL,NULL,'Operacja FILTRACJA_DO_FZ z R3_OUT do FZ_IN','zakonczona',NULL,NULL),(5,'FILTRACJA_DO_FZ',NULL,NULL,NULL,NULL,'2025-07-01 00:41:48','2025-07-01 00:43:21',NULL,NULL,NULL,NULL,'Operacja FILTRACJA_DO_FZ z R3_OUT do FZ_IN','zakonczona',NULL,NULL),(10,'FILTRACJA_R3_R5',NULL,NULL,NULL,NULL,'2025-07-01 02:27:04','2025-07-01 02:27:26',NULL,NULL,NULL,NULL,'Operacja FILTRACJA_R3_R5 z R3_OUT do R5_IN','zakonczona',NULL,NULL),(11,'DYNAMIC_R3_OUT_FZ_IN',NULL,NULL,NULL,NULL,'2025-07-01 03:51:48','2025-07-01 04:37:11',NULL,NULL,NULL,NULL,'Operacja DYNAMIC_R3_OUT_FZ_IN z R3_OUT do FZ_IN','zakonczona',NULL,NULL),(12,'FILTRACJA_R1_R5',NULL,NULL,NULL,NULL,'2025-07-01 23:15:17','2025-07-01 23:30:16',NULL,NULL,NULL,NULL,'Operacja FILTRACJA_R1_R5 z R1_OUT do R5_IN','zakonczona','R1_OUT','R5_IN'),(13,'DYNAMIC_R2_OUT_R4_IN',NULL,NULL,NULL,NULL,'2025-07-02 00:51:20','2025-07-02 00:54:52',NULL,NULL,NULL,NULL,'Operacja DYNAMIC_R2_OUT_R4_IN z R2_OUT do R4_IN','zakonczona','R2_OUT','R4_IN'),(14,'DYNAMIC_R4_OUT_R1_IN',NULL,NULL,NULL,NULL,'2025-07-02 01:00:49','2025-07-02 01:02:17',NULL,NULL,NULL,NULL,'Operacja DYNAMIC_R4_OUT_R1_IN z R4_OUT do R1_IN','zakonczona','R4_OUT','R1_IN'),(15,'DYNAMIC_R1_OUT_R3_IN',NULL,NULL,NULL,NULL,'2025-07-02 01:03:42','2025-07-02 01:14:51',NULL,NULL,NULL,NULL,'Operacja DYNAMIC_R1_OUT_R3_IN z R1_OUT do R3_IN','zakonczona','R1_OUT','R3_IN'),(16,'DYNAMIC_R3_OUT_R2_IN',NULL,NULL,NULL,NULL,'2025-07-02 01:15:53','2025-07-02 01:16:26',NULL,NULL,NULL,NULL,'Operacja DYNAMIC_R3_OUT_R2_IN z R3_OUT do R2_IN','zakonczona','R3_OUT','R2_IN'),(17,'DOBIELANIE',NULL,NULL,NULL,NULL,'2025-07-02 02:07:16',NULL,NULL,NULL,NULL,150.00,'Dodano 6 workw ziemi (150 kg) do partii 2','zakonczona',NULL,NULL),(18,'DYNAMIC_R2_OUT_R3_IN',NULL,NULL,NULL,NULL,'2025-07-02 02:25:22','2025-07-02 02:25:49',NULL,NULL,NULL,NULL,'Operacja DYNAMIC_R2_OUT_R3_IN z R2_OUT do R3_IN','zakonczona','R2_OUT','R3_IN'),(19,'DYNAMIC_R3_OUT_R5_IN',NULL,NULL,NULL,NULL,'2025-07-02 02:26:10','2025-07-02 02:26:29',NULL,NULL,NULL,NULL,'Operacja DYNAMIC_R3_OUT_R5_IN z R3_OUT do R5_IN','zakonczona','R3_OUT','R5_IN'),(20,'DYNAMIC_R5_OUT_R1_IN',NULL,NULL,NULL,NULL,'2025-07-02 02:32:09','2025-07-02 02:32:28',NULL,NULL,NULL,NULL,'Operacja DYNAMIC_R5_OUT_R1_IN z R5_OUT do R1_IN','zakonczona','R5_OUT','R1_IN'),(21,'DOBIELANIE',NULL,NULL,NULL,NULL,'2025-07-02 02:32:39',NULL,NULL,NULL,NULL,150.00,'Dodano 6 workw ziemi (150 kg) do partii 1','zakonczona',NULL,NULL),(22,'DYNAMIC_R1_OUT_R2_IN',NULL,NULL,NULL,NULL,'2025-07-02 03:24:05','2025-07-02 03:24:22',NULL,NULL,NULL,NULL,'Operacja DYNAMIC_R1_OUT_R2_IN z R1_OUT do R2_IN','zakonczona','R1_OUT','R2_IN'),(23,'DYNAMIC_R2_OUT_R3_IN',NULL,NULL,NULL,NULL,'2025-07-02 03:39:47','2025-07-02 03:41:34',NULL,NULL,NULL,NULL,'Operacja DYNAMIC_R2_OUT_R3_IN z R2_OUT do R3_IN','zakonczona','R2_OUT','R3_IN'),(24,'DYNAMIC_R3_OUT_R1_IN',NULL,NULL,NULL,NULL,'2025-07-02 10:34:14','2025-07-02 10:34:49',NULL,NULL,NULL,NULL,'Operacja DYNAMIC_R3_OUT_R1_IN z R3_OUT do R1_IN','zakonczona','R3_OUT','R1_IN'),(25,'TRANSFER',NULL,11,2,NULL,'2025-07-03 00:21:11',NULL,NULL,NULL,NULL,7500.00,'Tankowanie partii T-10-20250703-002111-APOLLO','zakonczona',NULL,NULL),(26,'TRANSFER',NULL,10,3,NULL,'2025-07-03 00:22:07',NULL,NULL,NULL,NULL,7500.00,'Tankowanie partii T-10-20250703-002207-APOLLO','zakonczona',NULL,NULL),(27,'DOBIELANIE',NULL,NULL,NULL,NULL,'2025-07-03 00:22:44',NULL,NULL,NULL,NULL,150.00,'Dodano 6 workw ziemi (150 kg) do partii 4','zakonczona',NULL,NULL),(28,'DOBIELANIE',NULL,NULL,NULL,NULL,'2025-07-03 05:13:18',NULL,NULL,NULL,NULL,150.00,'Dodano 6 workw ziemi (150 kg) do partii 3','zakonczona',NULL,NULL),(29,'DYNAMIC_R1_OUT_R5_IN',NULL,NULL,NULL,NULL,'2025-07-03 05:14:04','2025-07-03 10:55:57',NULL,NULL,NULL,NULL,'Operacja DYNAMIC_R1_OUT_R5_IN z R1_OUT do R5_IN','zakonczona','R1_OUT','R5_IN'),(30,'DYNAMIC_R5_OUT_R1_IN',NULL,NULL,NULL,NULL,'2025-07-03 11:27:15','2025-07-03 11:29:48',NULL,NULL,NULL,NULL,'Operacja DYNAMIC_R5_OUT_R1_IN z R5_OUT do R1_IN','zakonczona','R5_OUT','R1_IN'),(31,'DYNAMIC_R3_OUT_R4_IN',NULL,NULL,NULL,NULL,'2025-07-03 11:34:02','2025-07-03 11:34:06',NULL,NULL,NULL,NULL,'Operacja DYNAMIC_R3_OUT_R4_IN z R3_OUT do R4_IN','zakonczona','R3_OUT','R4_IN'),(32,'DYNAMIC_R2_OUT_R5_IN',NULL,NULL,NULL,NULL,'2025-07-03 11:34:54','2025-07-03 11:34:59',NULL,NULL,NULL,NULL,'Operacja DYNAMIC_R2_OUT_R5_IN z R2_OUT do R5_IN','zakonczona','R2_OUT','R5_IN'),(33,'DYNAMIC_R5_OUT_R2_IN',NULL,NULL,NULL,NULL,'2025-07-03 11:35:17','2025-07-03 11:35:32',NULL,NULL,NULL,NULL,'Operacja DYNAMIC_R5_OUT_R2_IN z R5_OUT do R2_IN','zakonczona','R5_OUT','R2_IN'),(34,'DYNAMIC_R2_OUT_R5_IN',NULL,NULL,NULL,NULL,'2025-07-03 17:02:57','2025-07-04 13:40:50',NULL,NULL,NULL,NULL,'Operacja DYNAMIC_R2_OUT_R5_IN z R2_OUT do R5_IN','zakonczona','R2_OUT','R5_IN'),(35,'DYNAMIC_R1_OUT_R2_IN',NULL,NULL,NULL,NULL,'2025-07-04 22:24:40','2025-07-04 23:57:08',NULL,NULL,NULL,NULL,'Operacja DYNAMIC_R1_OUT_R2_IN z R1_OUT do R2_IN','zakonczona','R1_OUT','R2_IN'),(36,'DYNAMIC_R1_OUT_R2_IN',NULL,NULL,NULL,NULL,'2025-07-05 00:01:19','2025-07-05 00:01:29',NULL,NULL,NULL,NULL,'Operacja DYNAMIC_R1_OUT_R2_IN z R1_OUT do R2_IN','zakonczona','R1_OUT','R2_IN'),(37,'DYNAMIC_R2_OUT_R3_IN',NULL,NULL,NULL,NULL,'2025-07-05 01:01:28','2025-07-05 01:22:09',NULL,NULL,NULL,NULL,'Operacja DYNAMIC_R2_OUT_R3_IN z R2_OUT do R3_IN','zakonczona','R2_OUT','R3_IN'),(38,'ZMIANA_STATUSU',NULL,NULL,NULL,NULL,'2025-07-05 01:25:15','2025-07-05 01:25:15',NULL,NULL,NULL,NULL,'Zmiana statusu na: Dobielanie','zakonczona',NULL,NULL),(39,'ZMIANA_STATUSU',NULL,NULL,NULL,NULL,'2025-07-05 01:30:35','2025-07-05 01:30:35',NULL,NULL,NULL,NULL,'Zmiana statusu na: Dobielanie','zakonczona',NULL,NULL),(40,'ZMIANA_STATUSU',NULL,NULL,NULL,NULL,'2025-07-05 01:34:07','2025-07-05 01:34:07',NULL,NULL,NULL,NULL,'Zmiana statusu na: Dobielanie','zakonczona',NULL,NULL),(41,'TANKOWANIE_BRUDNEGO',NULL,8,1,NULL,'2025-07-05 03:21:26','2025-07-05 03:21:26',NULL,NULL,NULL,7900.00,'Tankowanie brudnego surowca 19 z B1b do R1','zakonczona',NULL,NULL),(42,'DYNAMIC_R1_OUT_R2_IN',NULL,NULL,NULL,NULL,'2025-07-05 03:26:29','2025-07-05 03:45:47',NULL,NULL,NULL,NULL,'Operacja DYNAMIC_R1_OUT_R2_IN z R1_OUT do R2_IN','zakonczona','R1_OUT','R2_IN'),(43,'DYNAMIC_R2_OUT_R1_IN',NULL,NULL,NULL,NULL,'2025-07-05 03:48:45','2025-07-05 05:22:15',NULL,NULL,NULL,NULL,'Operacja DYNAMIC_R2_OUT_R1_IN z R2_OUT do R1_IN','zakonczona','R2_OUT','R1_IN'),(44,'TANKOWANIE_BRUDNEGO',NULL,22,1,NULL,'2025-07-05 03:57:06','2025-07-05 03:57:06',NULL,NULL,NULL,7800.00,'Tankowanie brudnego surowca GC42 z B6b do R1','zakonczona',NULL,NULL),(45,'TANKOWANIE_BRUDNEGO',NULL,25,1,NULL,'2025-07-05 04:16:32','2025-07-05 04:16:32',NULL,NULL,NULL,8000.00,'Tankowanie brudnego surowca 44 z B9b do R1','zakonczona',NULL,NULL),(46,'TANKOWANIE_BRUDNEGO',NULL,19,2,NULL,'2025-07-05 04:24:24','2025-07-05 04:24:24',NULL,NULL,NULL,7777.00,'Tankowanie brudnego surowca GC42 z B3b do R2','zakonczona',NULL,NULL),(47,'TRANSFER_PRZEZ_FILTR',NULL,NULL,NULL,NULL,'2025-07-05 05:23:53','2025-07-05 05:31:23',NULL,NULL,NULL,7777.00,'Transfer GC42 z R2 przez FZ do R1','zakonczona','R2_OUT','R1_IN'),(48,'DYNAMIC_R1_OUT_R3_IN',NULL,NULL,NULL,NULL,'2025-07-06 04:45:32','2025-07-06 04:45:40',NULL,NULL,NULL,NULL,'Operacja DYNAMIC_R1_OUT_R3_IN z R1_OUT do R3_IN','zakonczona','R1_OUT','R3_IN'),(49,'ZMIANA_STATUSU',NULL,NULL,NULL,NULL,'2025-07-06 10:54:41','2025-07-06 10:54:41',NULL,NULL,NULL,NULL,'Zmiana statusu na: Surowy w reaktorze','zakonczona',NULL,NULL),(50,'ZMIANA_STATUSU',NULL,NULL,NULL,NULL,'2025-07-06 10:54:48','2025-07-06 10:54:48',NULL,NULL,NULL,NULL,'Zmiana statusu na: Surowy w reaktorze','zakonczona',NULL,NULL),(51,'TANKOWANIE_BRUDNEGO',NULL,26,12,NULL,'2025-07-06 12:35:40','2025-07-06 12:35:40',NULL,NULL,NULL,7777.00,'Tankowanie brudnego surowca 44 z B10b do R8','zakonczona',NULL,NULL),(52,'TRANSFER_BEZPOSREDNI',NULL,NULL,NULL,NULL,'2025-07-06 12:36:23','2025-07-06 12:37:17',NULL,NULL,NULL,7777.00,'Transfer bezporedni 44 z R8 do R9','zakonczona','R8_OUT','R9_IN'),(53,'TRANSFER_BEZPOSREDNI',NULL,NULL,NULL,NULL,'2025-07-06 13:15:12','2025-07-06 13:19:58',NULL,NULL,NULL,7650.00,'Transfer bezporedni T-10 z R5 do R2','zakonczona','R5_OUT','R2_IN'),(54,'TRANSFER_BEZPOSREDNI',NULL,NULL,NULL,NULL,'2025-07-06 13:20:29','2025-07-06 13:23:18',NULL,NULL,NULL,7650.00,'Transfer bezporedni T-10 z R2 do R1','zakonczona','R2_OUT','R1_IN'),(55,'TRANSFER_BEZPOSREDNI',NULL,NULL,NULL,NULL,'2025-07-06 13:25:06','2025-07-06 13:27:37',NULL,NULL,NULL,7650.00,'Transfer bezporedni T-10 z R3 do R2','zakonczona','R3_OUT','R2_IN'),(56,'TANKOWANIE_BRUDNEGO',NULL,26,3,NULL,'2025-07-06 13:35:17','2025-07-06 13:35:17',NULL,NULL,NULL,8900.00,'Tankowanie brudnego surowca GC42 z B10b do R3','zakonczona',NULL,NULL),(57,'TANKOWANIE_BRUDNEGO',NULL,20,4,NULL,'2025-07-06 13:36:41','2025-07-06 13:36:41',NULL,NULL,NULL,8888.00,'Tankowanie brudnego surowca T-10 z B4b do R4','zakonczona',NULL,NULL),(58,'TANKOWANIE_BRUDNEGO',NULL,25,12,NULL,'2025-07-06 13:45:20','2025-07-06 13:45:20',NULL,NULL,NULL,5555.00,'Tankowanie brudnego surowca 19 z B9b do R8','zakonczona',NULL,NULL),(59,'TRANSFER_BEZPOSREDNI',NULL,NULL,NULL,NULL,'2025-07-06 13:45:59','2025-07-06 19:04:34',NULL,NULL,NULL,5555.00,'Transfer bezporedni 19 z R8 do R7','zakonczona','R8_OUT','R7_IN'),(60,'DYNAMIC_R1_OUT_R4_IN',NULL,NULL,NULL,NULL,'2025-07-06 14:01:12','2025-07-06 19:04:29',NULL,NULL,NULL,NULL,'Operacja DYNAMIC_R1_OUT_R4_IN z R1_OUT do R4_IN','zakonczona','R1_OUT','R4_IN'),(61,'TRANSFER_BEZPOSREDNI',NULL,NULL,NULL,NULL,'2025-07-06 19:05:15','2025-07-06 20:14:31',NULL,NULL,NULL,7650.00,'Transfer bezporedni T-10 z R2 do R8','zakonczona','R2_OUT','R8_IN'),(62,'TRANSFER_PRZEZ_FILTR',NULL,NULL,NULL,NULL,'2025-07-06 20:22:43','2025-07-06 20:30:06',NULL,NULL,NULL,8888.00,'Transfer T-10 z R2 przez FZ do R1','zakonczona','R2_OUT','R1_IN'),(63,'TRANSFER_PRZEZ_FILTR',NULL,NULL,NULL,NULL,'2025-07-06 21:22:47','2025-07-06 22:01:23',NULL,NULL,NULL,8888.00,'Transfer T-10 z R2 przez FZ do R1','zakonczona','R2_OUT','R1_IN'),(64,'TRANSFER_PRZEZ_FILTR',NULL,NULL,NULL,NULL,'2025-07-06 22:18:15','2025-07-07 19:24:22',NULL,NULL,NULL,8888.00,'Transfer T-10 z R1 przez FZ do R2','zakonczona','R1_OUT','R2_IN'),(65,'TANKOWANIE_BRUDNEGO',NULL,18,5,NULL,'2025-07-07 17:59:22','2025-07-07 17:59:22',NULL,NULL,NULL,6666.00,'Tankowanie brudnego surowca 44 z B2b do R5','zakonczona',NULL,NULL),(66,'TRANSFER_PRZEZ_FILTR',NULL,NULL,NULL,NULL,'2025-07-07 19:42:14','2025-07-07 20:06:44',NULL,NULL,NULL,8888.00,'Transfer T-10 z R2 przez FZ do R1','zakonczona','R2_OUT','R1_IN'),(67,'TRANSFER_BEZPOSREDNI',NULL,NULL,NULL,NULL,'2025-07-07 20:03:59','2025-07-07 20:06:52',NULL,NULL,NULL,8900.00,'Transfer bezporedni GC42 z R3 do R6','zakonczona','R3_OUT','R6_IN'),(68,'TRANSFER_PRZEZ_FILTR',NULL,1,2,NULL,'2025-07-07 20:18:22','2025-07-07 21:08:58',NULL,NULL,NULL,8888.00,'Transfer T-10 z R1 przez FZ do R2','zakonczona','R1_OUT','R2_IN'),(69,'TRANSFER_PRZEZ_FILTR',NULL,2,1,NULL,'2025-07-07 21:11:26','2025-07-07 21:31:20',NULL,NULL,NULL,8888.00,'Transfer T-10 z R2 przez FZ do R1','zakonczona','R2_OUT','R1_IN'),(70,'TRANSFER_PRZEZ_FILTR',NULL,13,12,NULL,'2025-07-07 21:17:23','2025-07-07 21:31:18',NULL,NULL,NULL,7777.00,'Transfer 44 z R9 przez FN do R8','zakonczona','R9_OUT','R8_IN'),(71,'',NULL,1,2,NULL,'2025-07-07 21:31:34','2025-07-07 21:33:09',NULL,NULL,NULL,8888.00,'Transfer T-10 z R1 przez FZ do R2','zakonczona','R1_OUT','R2_IN'),(72,'',NULL,10,13,NULL,'2025-07-07 21:31:45','2025-07-07 21:33:07',NULL,NULL,NULL,8900.00,'Transfer GC42 z R6 przez FN do R9','zakonczona','R6_OUT','R9_IN'),(73,'Transfer bezporedni T-10 z R2 do R1',NULL,2,1,NULL,'2025-07-07 21:33:54','2025-07-08 03:54:36',NULL,NULL,NULL,8888.00,'Transfer bezporedni T-10 z R2 do R1','zakonczona','R2_OUT','R1_IN'),(74,'',NULL,12,10,NULL,'2025-07-07 21:34:13','2025-07-07 21:35:14',NULL,NULL,NULL,7777.00,'Transfer 44 z R8 przez FN do R6','zakonczona','R8_OUT','R6_IN'),(75,'Transfer 44 z R6 przez FN do R8',NULL,10,12,NULL,'2025-07-07 21:35:30','2025-07-08 03:54:32',NULL,NULL,NULL,7777.00,'Transfer 44 z R6 przez FN do R8','zakonczona','R6_OUT','R8_IN'),(76,'DOBIELANIE',NULL,NULL,NULL,NULL,'2025-07-07 21:36:20',NULL,NULL,NULL,NULL,150.00,'Dodano 6 workw ziemi (150 kg) do partii 3','zakonczona',NULL,NULL),(77,'ZMIANA_STATUSU',NULL,NULL,NULL,NULL,'2025-07-07 21:39:16','2025-07-07 21:39:16',NULL,NULL,NULL,NULL,'Zmiana statusu na: Budowanie placka','zakonczona',NULL,NULL),(78,'ZMIANA_STATUSU',NULL,NULL,NULL,NULL,'2025-07-07 21:42:29','2025-07-07 21:42:29',NULL,NULL,NULL,NULL,'Zmiana statusu na: Dobielanie','zakonczona',NULL,NULL),(79,'Transfer T-10 z R1 przez FZ do R2',NULL,1,2,NULL,'2025-07-08 03:57:17','2025-07-17 20:46:11',NULL,NULL,NULL,8888.00,'Transfer T-10 z R1 przez FZ do R2','zakonczona','R1_OUT','R2_IN'),(80,'TANKOWANIE_BRUDNEGO',NULL,24,3,NULL,'2025-07-08 03:58:14','2025-07-08 03:58:14',NULL,NULL,NULL,7500.00,'Tankowanie brudnego surowca GC42 z B8b do R3','zakonczona',NULL,NULL),(81,'ZMIANA_STATUSU',NULL,NULL,NULL,NULL,'2025-07-08 04:02:34','2025-07-08 04:02:34',NULL,NULL,NULL,NULL,'Zmiana statusu na: Budowanie placka','zakonczona',NULL,NULL),(82,'ZMIANA_STATUSU',NULL,NULL,NULL,NULL,'2025-07-08 04:03:35','2025-07-08 04:03:35',NULL,NULL,NULL,NULL,'Zmiana statusu na: Przelewanie','zakonczona',NULL,NULL),(83,'ROZTANKOWANIE_APOLLO',NULL,108,8,NULL,'2025-07-20 02:48:13','2025-07-20 02:49:01',NULL,'SYSTEM',NULL,3000.00,'Transfer z AP2 do B1b','zakonczona','AP2_OUT','B1b_IN'),(84,'ROZTANKOWANIE_APOLLO',NULL,108,8,NULL,'2025-07-20 03:10:22','2025-07-20 03:21:47',NULL,'SYSTEM',NULL,2000.00,'Transfer z AP2 do B1b','zakonczona','AP2_OUT','B1b_IN'),(85,'ROZTANKOWANIE_APOLLO',NULL,108,18,NULL,'2025-07-20 03:32:42','2025-07-20 03:32:51',NULL,'SYSTEM',NULL,300.00,'Transfer z AP2 do B2b','zakonczona','AP2_OUT','B2b_IN'),(86,'ROZTANKOWANIE_APOLLO',NULL,108,18,NULL,'2025-07-20 03:39:30','2025-07-20 03:39:46',NULL,'SYSTEM',NULL,200.00,'Transfer z AP2 do B2b','zakonczona','AP2_OUT','B2b_IN'),(87,'ROZTANKOWANIE_APOLLO',NULL,108,1,NULL,'2025-07-20 03:42:04','2025-07-20 03:42:23',NULL,'SYSTEM',NULL,3000.00,'Transfer z AP2 do R1','zakonczona','AP2_OUT','R1_IN'),(88,'ROZTANKOWANIE_APOLLO',NULL,108,8,NULL,'2025-07-20 04:24:39','2025-07-20 04:34:50',NULL,'SYSTEM',NULL,300.00,'Transfer z AP2 do B1b','zakonczona','AP2_OUT','B1b_IN'),(89,'ROZTANKOWANIE_APOLLO',NULL,108,8,NULL,'2025-07-20 04:38:28','2025-07-20 04:38:43',NULL,'SYSTEM',NULL,400.00,'Transfer z AP2 do B1b','zakonczona','AP2_OUT','B1b_IN'),(90,'ROZTANKOWANIE_APOLLO',NULL,108,8,NULL,'2025-07-20 05:24:53','2025-07-20 11:34:19',NULL,'SYSTEM',NULL,2000.00,'Transfer z AP2 do B1b','zakonczona','AP2_OUT','B1b_IN'),(91,'ROZTANKOWANIE_APOLLO',NULL,108,8,NULL,'2025-07-20 11:45:33','2025-07-20 11:45:42',NULL,'SYSTEM',NULL,1000.00,'Transfer z AP2 do B1b','zakonczona','AP2_OUT','B1b_IN'),(92,'ROZTANKOWANIE_APOLLO',NULL,108,8,NULL,'2025-07-20 11:51:44','2025-07-20 11:52:11',NULL,'SYSTEM',NULL,50.00,'Transfer z AP2 do B1b','zakonczona','AP2_OUT','B1b_IN'),(93,'ROZTANKOWANIE_APOLLO',NULL,108,8,NULL,'2025-07-20 11:53:21','2025-07-20 11:53:28',NULL,'SYSTEM',NULL,2.00,'Transfer z AP2 do B1b','zakonczona','AP2_OUT','B1b_IN'),(94,'ROZTANKOWANIE_APOLLO',NULL,108,8,NULL,'2025-07-20 11:53:48','2025-07-20 11:53:59',NULL,'SYSTEM',NULL,14.00,'Transfer z AP2 do B1b','zakonczona','AP2_OUT','B1b_IN'),(95,'ROZTANKOWANIE_APOLLO',NULL,108,8,NULL,'2025-07-20 12:27:17','2025-07-20 12:27:25',NULL,'SYSTEM',NULL,700.00,'Transfer z AP2 do B1b','zakonczona','AP2_OUT','B1b_IN'),(96,'ROZTANKOWANIE_APOLLO',NULL,108,8,NULL,'2025-07-20 12:53:58','2025-07-20 12:54:05',NULL,'SYSTEM',NULL,10.00,'Transfer z AP2 do B1b','zakonczona','AP2_OUT','B1b_IN'),(97,'ROZTANKOWANIE_APOLLO',NULL,108,8,NULL,'2025-07-20 13:01:53','2025-07-20 13:02:00',NULL,'SYSTEM',NULL,1500.00,'Transfer z AP2 do B1b','zakonczona','AP2_OUT','B1b_IN'),(98,'ROZTANKOWANIE_APOLLO',NULL,108,8,NULL,'2025-07-20 13:02:43','2025-07-20 13:02:49',NULL,'SYSTEM',NULL,1500.00,'Transfer z AP2 do B1b','zakonczona','AP2_OUT','B1b_IN'),(99,'ROZTANKOWANIE_APOLLO',NULL,108,8,10,'2025-07-20 13:08:12','2025-07-20 13:08:18',NULL,'SYSTEM',NULL,1000.00,'Transfer z AP2 do B1b','zakonczona','AP2_OUT','B1b_IN'),(100,'ROZTANKOWANIE_APOLLO',NULL,108,8,10,'2025-07-20 13:09:58','2025-07-20 13:10:05',NULL,'SYSTEM',NULL,20.00,'Transfer z AP2 do B1b','zakonczona','AP2_OUT','B1b_IN'),(101,'ROZTANKOWANIE_APOLLO',NULL,108,8,10,'2025-07-20 13:43:10','2025-07-20 13:43:41',NULL,'SYSTEM',NULL,3000.00,'Transfer z AP2 do B1b','zakonczona','AP2_OUT','B1b_IN'),(103,'ROZTANKOWANIE_APOLLO',NULL,108,8,10,'2025-07-20 15:06:21','2025-07-20 15:18:03',NULL,'SYSTEM',NULL,50.00,'Transfer z AP2 do B1b','zakonczona','AP2_OUT','B1b_IN'),(104,'ROZTANKOWANIE_APOLLO',NULL,108,8,10,'2025-07-20 15:24:59','2025-07-20 15:38:09',NULL,'SYSTEM',NULL,500.00,'Transfer z AP2 do B1b','zakonczona','AP2_OUT','B1b_IN'),(105,'ROZTANKOWANIE_APOLLO',NULL,108,8,10,'2025-07-20 15:42:50','2025-07-20 15:43:01',NULL,'SYSTEM',NULL,300.00,'Transfer z AP2 do B1b','zakonczona','AP2_OUT','B1b_IN'),(106,'ROZTANKOWANIE_APOLLO',NULL,108,8,NULL,'2025-07-20 15:47:10',NULL,NULL,'SYSTEM',NULL,NULL,'Transfer z AP2 do B1b','anulowana','AP2_OUT','B1b_IN'),(107,'ROZTANKOWANIE_APOLLO',NULL,108,8,10,'2025-07-20 16:12:05','2025-07-20 16:13:30',NULL,'SYSTEM',NULL,500.00,'Transfer z AP2 do B1b','zakonczona','AP2_OUT','B1b_IN'),(108,'ROZTANKOWANIE_APOLLO',NULL,108,8,10,'2025-07-20 18:02:13','2025-07-20 18:03:52',NULL,'SYSTEM',NULL,700.00,'Transfer z AP2 do B1b','zakonczona','AP2_OUT','B1b_IN'),(109,'ROZTANKOWANIE_APOLLO',NULL,108,8,10,'2025-07-20 18:08:28','2025-07-20 18:08:37',NULL,'SYSTEM',NULL,3000.00,'Transfer z AP2 do B1b','zakonczona','AP2_OUT','B1b_IN'),(110,'ROZTANKOWANIE_APOLLO',NULL,108,8,10,'2025-07-20 18:30:35','2025-07-20 18:30:47',NULL,'SYSTEM',NULL,2000.00,'Transfer z AP2 do B1b','zakonczona','AP2_OUT','B1b_IN'),(111,'ROZTANKOWANIE_APOLLO',NULL,108,8,10,'2025-07-20 18:32:32','2025-07-20 18:32:38',NULL,'SYSTEM',NULL,2000.00,'Transfer z AP2 do B1b','zakonczona','AP2_OUT','B1b_IN'),(112,'ROZTANKOWANIE_APOLLO',NULL,108,8,10,'2025-07-20 18:39:22','2025-07-20 18:41:46',NULL,'SYSTEM',NULL,4000.00,'Transfer z AP2 do B1b','zakonczona','AP2_OUT','B1b_IN'),(113,'ROZTANKOWANIE_APOLLO',NULL,108,8,10,'2025-07-20 18:58:02','2025-07-20 18:58:14',NULL,'SYSTEM',NULL,5000.00,'Transfer z AP2 do B1b','zakonczona','AP2_OUT','B1b_IN'),(114,'ROZTANKOWANIE_APOLLO',NULL,107,8,11,'2025-07-20 19:02:45','2025-07-20 19:16:26',NULL,'SYSTEM',NULL,2000.00,'Transfer z AP1 do B1b','zakonczona','AP1_OUT','B1b_IN'),(115,'ROZTANKOWANIE_APOLLO',NULL,108,8,10,'2025-07-20 20:11:36','2025-07-20 20:11:46',NULL,'SYSTEM',NULL,300.00,'Transfer z AP2 do B1b','zakonczona','AP2_OUT','B1b_IN'),(116,'ROZTANKOWANIE_APOLLO',NULL,107,8,11,'2025-07-20 20:11:55','2025-07-20 20:12:02',NULL,'SYSTEM',NULL,500.00,'Transfer z AP1 do B1b','zakonczona','AP1_OUT','B1b_IN'),(117,'ROZTANKOWANIE_APOLLO',NULL,108,8,10,'2025-07-20 20:22:32','2025-07-20 20:22:39',NULL,'SYSTEM',NULL,500.00,'Transfer z AP2 do B1b','zakonczona','AP2_OUT','B1b_IN'),(118,'ROZTANKOWANIE_APOLLO',NULL,107,8,11,'2025-07-20 20:22:51','2025-07-20 20:25:49',NULL,'SYSTEM',NULL,500.00,'Transfer z AP1 do B1b','zakonczona','AP1_OUT','B1b_IN'),(119,'ROZTANKOWANIE_APOLLO',NULL,107,8,12,'2025-07-20 20:41:32','2025-07-20 20:56:56',NULL,'SYSTEM',NULL,1000.00,'Transfer z AP1 do B1b','zakonczona','AP1_OUT','B1b_IN'),(120,'ROZTANKOWANIE_APOLLO',NULL,107,8,12,'2025-07-20 21:17:10','2025-07-20 21:17:17',NULL,'SYSTEM',NULL,2000.00,'Transfer z AP1 do B1b','zakonczona','AP1_OUT','B1b_IN'),(121,'ROZTANKOWANIE_APOLLO',NULL,108,8,13,'2025-07-20 21:17:59','2025-07-20 21:22:25',NULL,'SYSTEM',NULL,2000.00,'Transfer z AP2 do B1b','zakonczona','AP2_OUT','B1b_IN'),(122,'ROZTANKOWANIE_APOLLO',NULL,107,8,12,'2025-07-20 21:23:23','2025-07-20 21:23:30',NULL,'SYSTEM',NULL,555.00,'Transfer z AP1 do B1b','zakonczona','AP1_OUT','B1b_IN'),(123,'ROZTANKOWANIE_APOLLO',NULL,108,8,13,'2025-07-20 21:24:08','2025-07-20 21:24:23',NULL,'SYSTEM',NULL,455.00,'Transfer z AP2 do B1b','zakonczona','AP2_OUT','B1b_IN'),(124,'ROZTANKOWANIE_APOLLO',NULL,107,8,14,'2025-07-20 22:16:56','2025-07-20 22:17:03',NULL,'SYSTEM',NULL,1000.00,'Transfer z AP1 do B1b','zakonczona','AP1_OUT','B1b_IN'),(125,'ROZTANKOWANIE_APOLLO',NULL,107,8,14,'2025-07-20 22:17:55','2025-07-20 22:18:09',NULL,'SYSTEM',NULL,1000.00,'Transfer z AP1 do B1b','zakonczona','AP1_OUT','B1b_IN'),(126,'ROZTANKOWANIE_APOLLO',NULL,108,8,15,'2025-07-20 22:20:02','2025-07-20 22:20:28',NULL,'SYSTEM',NULL,1000.00,'Transfer z AP2 do B1b','zakonczona','AP2_OUT','B1b_IN'),(127,'ROZTANKOWANIE_APOLLO',NULL,108,8,15,'2025-07-20 22:33:43','2025-07-20 22:33:52',NULL,'SYSTEM',NULL,1000.00,'Transfer z AP2 do B1b','zakonczona','AP2_OUT','B1b_IN'),(128,'ROZTANKOWANIE_APOLLO',NULL,108,18,15,'2025-07-20 22:39:43','2025-07-20 22:39:53',NULL,'SYSTEM',NULL,24000.00,'Transfer z AP2 do B2b','zakonczona','AP2_OUT','B2b_IN'),(129,'ROZTANKOWANIE_APOLLO',NULL,107,19,14,'2025-07-20 22:40:33','2025-07-20 22:40:58',NULL,'SYSTEM',NULL,24000.00,'Transfer z AP1 do B3b','zakonczona','AP1_OUT','B3b_IN'),(130,'ROZTANKOWANIE_APOLLO',NULL,107,8,17,'2025-07-20 22:57:34','2025-07-20 22:57:51',NULL,'SYSTEM',NULL,2000.00,'Transfer z AP1 do B1b','zakonczona','AP1_OUT','B1b_IN'),(131,'ROZTANKOWANIE_APOLLO',NULL,108,1,18,'2025-07-20 23:04:32','2025-07-20 23:04:43',NULL,'SYSTEM',NULL,7500.00,'Transfer z AP2 do R1','zakonczona','AP2_OUT','R1_IN'),(132,'ROZTANKOWANIE_APOLLO',NULL,107,1,20,'2025-07-20 23:45:57','2025-07-20 23:46:07',NULL,'SYSTEM',NULL,100.00,'Transfer z AP1 do R1','zakonczona','AP1_OUT','R1_IN'),(133,'ROZTANKOWANIE_APOLLO',NULL,107,2,21,'2025-07-20 23:59:32','2025-07-20 23:59:40',NULL,'SYSTEM',NULL,7500.00,'Transfer z AP1 do R2','zakonczona','AP1_OUT','R2_IN'),(134,'ROZTANKOWANIE_CYSTERNY',NULL,114,21,NULL,'2025-07-21 22:34:49','2025-07-21 22:35:41',NULL,'SYSTEM',NULL,24000.00,'Dostawca: CHEMIPOL, Pojazd: SCZ 12345, Dokument: WZ/123/25, Surowiec: 19','zakonczona','CYSTERNA_B10b_OUT','B5b_IN'),(135,'ROZTANKOWANIE_CYSTERNY',NULL,114,22,NULL,'2025-07-21 22:41:49','2025-07-21 22:46:45',NULL,'SYSTEM',NULL,24000.00,'Dostawca: CHEMIPOL, Pojazd: SCZ 12345, Dokument: WZ/123/25, Surowiec: T10','zakonczona','CYSTERNA_B10b_OUT','B6b_IN'),(136,'ROZTANKOWANIE_APOLLO',NULL,107,21,21,'2025-07-21 22:47:00','2025-07-21 22:47:08',NULL,'SYSTEM',NULL,3000.00,'Transfer z AP1 do B5b','zakonczona','AP1_OUT','B5b_IN'),(137,'ROZTANKOWANIE_CYSTERNY',NULL,114,20,NULL,'2025-07-21 23:11:51','2025-07-21 23:21:10',NULL,'SYSTEM',NULL,24000.00,'Dostawca: www, Pojazd: sc 12345, Dokument: wz xyz, Surowiec: 19, Waga: 24000.0 kg','zakonczona','CYSTERNA_B10b_OUT','B4b_IN'),(138,'ROZTANKOWANIE_CYSTERNY',NULL,114,12,NULL,'2025-07-22 21:56:05','2025-07-22 22:07:47',NULL,'SYSTEM',NULL,NULL,'Transfer z CYSTERNA_B10b do R8','anulowana','CYSTERNA_B10b_OUT','R8_IN'),(139,'ROZTANKOWANIE_CYSTERNY',NULL,114,3,NULL,'2025-07-27 16:30:45','2025-07-27 16:31:17',NULL,'SYSTEM',NULL,2000.00,'Dostawca: www, Pojazd: sc 12345, Dokument: wz xyz, Surowiec: 19, Waga: 2000.0 kg','zakonczona','CYSTERNA_B10b_OUT','R3_IN'),(140,'ROZTANKOWANIE_APOLLO',NULL,107,3,21,'2025-07-27 16:32:22','2025-07-27 16:32:39',NULL,'SYSTEM',NULL,2000.00,'Transfer z AP1 do R3','zakonczona','AP1_OUT','R3_IN'),(141,'ROZTANKOWANIE_APOLLO',NULL,108,1,22,'2025-07-27 16:34:15','2025-07-27 17:27:30',NULL,'SYSTEM',NULL,2000.00,'Transfer z AP2 do R1','zakonczona','AP2_OUT','R1_IN'),(142,'ROZTANKOWANIE_APOLLO',NULL,108,4,22,'2025-07-27 17:33:03','2025-07-27 18:36:56',NULL,'SYSTEM',NULL,2000.00,'Transfer z AP2 do R4','zakonczona','AP2_OUT','R4_IN'),(143,'ROZTANKOWANIE_CYSTERNY',NULL,110,23,NULL,'2025-07-27 18:06:56','2025-07-27 18:07:18',NULL,'SYSTEM',NULL,NULL,'Transfer z CYSTERNA_B1b do B7b','anulowana','CYSTERNA_B1b_OUT','B7b_IN'),(144,'ROZTANKOWANIE_CYSTERNY',NULL,114,5,NULL,'2025-07-27 19:00:33','2025-07-27 19:34:42',NULL,'SYSTEM',NULL,3400.00,'Dostawca: www, Pojazd: sc 12345, Dokument: wz xyz, Surowiec: 19, Waga: 3400.0 kg','zakonczona','CYSTERNA_B10b_OUT','R5_IN'),(145,'ROZTANKOWANIE_CYSTERNY',NULL,110,8,NULL,'2025-07-27 19:01:59','2025-07-27 19:34:27',NULL,'SYSTEM',NULL,2300.00,'Dostawca: www, Pojazd: sc 12345, Dokument: wz xyz, Surowiec: 19, Waga: 2300.0 kg','zakonczona','CYSTERNA_B1b_OUT','B1b_IN'),(146,'ROZTANKOWANIE_CYSTERNY',NULL,116,36,NULL,'2025-07-27 19:47:31','2025-07-30 15:17:50',NULL,'SYSTEM',NULL,NULL,'Transfer z CYSTERNA_B12c do B10c','anulowana','CYSTERNA_B12c_OUT','B10c_IN'),(147,'ROZTANKOWANIE_CYSTERNY',NULL,114,11,NULL,'2025-07-27 19:47:59','2025-07-30 15:17:49',NULL,'SYSTEM',NULL,NULL,'Transfer z CYSTERNA_B10b do R7','anulowana','CYSTERNA_B10b_OUT','R7_IN'),(148,'ROZTANKOWANIE_CYSTERNY',NULL,110,23,NULL,'2025-07-27 19:48:18','2025-07-30 15:17:47',NULL,'SYSTEM',NULL,NULL,'Transfer z CYSTERNA_B1b do B7b','anulowana','CYSTERNA_B1b_OUT','B7b_IN'),(149,'ROZTANKOWANIE_APOLLO',NULL,107,23,21,'2025-08-04 16:51:12','2025-08-04 16:51:20',NULL,'SYSTEM',NULL,3400.00,'Transfer z AP1 do B7b','zakonczona','AP1_OUT','B7b_IN'),(150,'ROZTANKOWANIE_APOLLO',NULL,107,26,21,'2025-08-04 17:04:09','2025-08-04 17:08:36',NULL,'SYSTEM',NULL,4444.00,'Transfer z AP1 do B10b','zakonczona','AP1_OUT','B10b_IN'),(151,'ROZTANKOWANIE_APOLLO',NULL,107,24,23,'2025-08-04 17:11:20','2025-08-04 17:11:28',NULL,'SYSTEM',NULL,10000.00,'Transfer z AP1 do B8b','zakonczona','AP1_OUT','B8b_IN'),(152,'ROZTANKOWANIE_APOLLO',NULL,107,24,23,'2025-08-04 17:13:46','2025-08-04 17:13:53',NULL,'SYSTEM',NULL,10000.00,'Transfer z AP1 do B8b','zakonczona','AP1_OUT','B8b_IN'),(153,'ROZTANKOWANIE_APOLLO',NULL,107,24,23,'2025-08-04 19:24:24','2025-08-04 19:24:38',NULL,'SYSTEM',NULL,11111.00,'Transfer z AP1 do B8b','zakonczona','AP1_OUT','B8b_IN'),(154,'ROZTANKOWANIE_APOLLO',NULL,107,24,23,'2025-08-04 19:49:27','2025-08-04 19:49:44',NULL,'SYSTEM',NULL,8999.00,'Transfer z AP1 do B8b','zakonczona','AP1_OUT','B8b_IN'),(155,'ROZTANKOWANIE_APOLLO',NULL,107,8,24,'2025-08-04 19:54:26','2025-08-04 19:54:32',NULL,'SYSTEM',NULL,10000.00,'Transfer z AP1 do B1b','zakonczona','AP1_OUT','B1b_IN'),(156,'ROZTANKOWANIE_APOLLO',NULL,107,1,24,'2025-08-05 17:01:49','2025-08-05 17:02:05',NULL,'SYSTEM',NULL,7500.00,'Transfer z AP1 do R1','zakonczona','AP1_OUT','R1_IN'),(157,'ROZTANKOWANIE_APOLLO',NULL,107,2,24,'2025-08-05 19:10:26','2025-08-05 19:10:31',NULL,'SYSTEM',NULL,5000.00,'Transfer z AP1 do R2','zakonczona','AP1_OUT','R2_IN'),(158,'ROZTANKOWANIE_APOLLO',NULL,107,2,24,'2025-08-05 19:12:56','2025-08-05 19:20:49',NULL,'SYSTEM',NULL,2000.00,'Transfer z AP1 do R2','zakonczona','AP1_OUT','R2_IN'),(159,'ROZTANKOWANIE_APOLLO',NULL,107,3,25,'2025-08-07 19:19:28','2025-08-07 19:19:38',NULL,'SYSTEM',NULL,7500.00,'Transfer z AP1 do R3','zakonczona','AP1_OUT','R3_IN'),(160,'ZMIANA_STATUSU',NULL,NULL,NULL,NULL,'2025-08-08 17:28:28','2025-08-08 17:28:28',NULL,NULL,NULL,NULL,'Zmiana statusu na: Dobielanie','zakonczona',NULL,NULL),(161,'ROZTANKOWANIE_APOLLO',NULL,107,3,28,'2025-08-08 21:04:05','2025-08-08 21:04:13',NULL,'SYSTEM',NULL,1800.00,'Transfer z AP1 do R3','zakonczona','AP1_OUT','R3_IN'),(162,'ROZTANKOWANIE_APOLLO',NULL,107,4,28,'2025-08-09 13:26:00','2025-08-09 19:57:43',NULL,'SYSTEM',NULL,5000.00,'Transfer z AP1 do R4','zakonczona','AP1_OUT','R4_IN'),(163,'ROZTANKOWANIE_APOLLO',NULL,107,1,29,'2025-08-09 19:58:03','2025-08-13 00:05:14',NULL,'SYSTEM',NULL,1000.00,'Transfer z AP1 do R1','zakonczona','AP1_OUT','R1_IN'),(164,'ROZTANKOWANIE_CYSTERNY',NULL,116,37,NULL,'2025-08-10 15:44:48','2025-08-13 19:52:26',NULL,'SYSTEM',NULL,0.02,'Dostawca: www, Pojazd: sc 12345, Dokument: wz xyz, Surowiec: 19, Waga: 0.02 kg','zakonczona','CYSTERNA_B12c_OUT','B11c_IN'),(165,'ROZTANKOWANIE_APOLLO',NULL,107,3,29,'2025-08-13 00:06:27','2025-08-13 19:52:04',NULL,'SYSTEM',NULL,1000.00,'Transfer z AP1 do R3','zakonczona','AP1_OUT','R3_IN'),(166,'ROZTANKOWANIE_APOLLO',NULL,107,5,29,'2025-08-13 21:26:09','2025-08-13 21:26:18',NULL,'SYSTEM',NULL,1500.00,'Transfer z AP1 do R5','zakonczona','AP1_OUT','R5_IN'),(167,'ROZTANKOWANIE_APOLLO',NULL,107,3,29,'2025-08-13 22:11:22','2025-08-13 22:11:32',NULL,'SYSTEM',NULL,700.00,'Transfer z AP1 do R3','zakonczona','AP1_OUT','R3_IN'),(168,'ROZTANKOWANIE_APOLLO',NULL,107,2,30,'2025-08-13 22:13:28','2025-08-13 22:14:41',NULL,'SYSTEM',NULL,20.00,'Transfer z AP1 do R2','zakonczona','AP1_OUT','R2_IN'),(169,'ROZTANKOWANIE_APOLLO',NULL,107,1,30,'2025-08-13 22:19:00','2025-08-13 22:19:11',NULL,'SYSTEM',NULL,20.00,'Transfer z AP1 do R1','zakonczona','AP1_OUT','R1_IN'),(170,'ROZTANKOWANIE_APOLLO',NULL,107,1,30,'2025-08-13 22:30:05','2025-08-13 22:30:13',NULL,'SYSTEM',NULL,200.00,'Transfer z AP1 do R1','zakonczona','AP1_OUT','R1_IN'),(171,'ROZTANKOWANIE_APOLLO',NULL,107,1,30,'2025-08-13 22:30:26','2025-08-13 22:30:33',NULL,'SYSTEM',NULL,200.00,'Transfer z AP1 do R1','zakonczona','AP1_OUT','R1_IN'),(172,'ROZTANKOWANIE_APOLLO',NULL,107,1,30,'2025-08-13 22:31:20','2025-08-13 22:31:31',NULL,'SYSTEM',NULL,300.00,'Transfer z AP1 do R1','zakonczona','AP1_OUT','R1_IN'),(173,'ROZTANKOWANIE_APOLLO',NULL,107,1,31,'2025-08-13 22:33:56','2025-08-13 22:34:11',NULL,'SYSTEM',NULL,5.00,'Transfer z AP1 do R1','zakonczona','AP1_OUT','R1_IN'),(174,'ROZTANKOWANIE_APOLLO',NULL,107,1,31,'2025-08-13 23:28:19','2025-08-13 23:28:29',NULL,'SYSTEM',NULL,100.00,'Transfer z AP1 do R1','zakonczona','AP1_OUT','R1_IN'),(175,'ROZTANKOWANIE_APOLLO',NULL,107,2,31,'2025-08-13 23:30:43','2025-08-13 23:30:49',NULL,'SYSTEM',NULL,150.00,'Transfer z AP1 do R2','zakonczona','AP1_OUT','R2_IN'),(176,'ROZTANKOWANIE_APOLLO',NULL,107,4,31,'2025-08-13 23:32:43','2025-08-13 23:32:54',NULL,'SYSTEM',NULL,400.00,'Transfer z AP1 do R4','zakonczona','AP1_OUT','R4_IN'),(177,'ROZTANKOWANIE_APOLLO',NULL,107,2,31,'2025-08-13 23:49:29','2025-08-13 23:52:03',NULL,'SYSTEM',NULL,1000.00,'Transfer z AP1 do R2','zakonczona','AP1_OUT','R2_IN'),(178,'ROZTANKOWANIE_APOLLO',NULL,107,2,31,'2025-08-13 23:52:32','2025-08-13 23:52:39',NULL,'SYSTEM',NULL,300.00,'Transfer z AP1 do R2','zakonczona','AP1_OUT','R2_IN'),(179,'ROZTANKOWANIE_APOLLO',NULL,107,2,31,'2025-08-13 23:52:56','2025-08-13 23:53:04',NULL,'SYSTEM',NULL,50.00,'Transfer z AP1 do R2','zakonczona','AP1_OUT','R2_IN'),(180,'ROZTANKOWANIE_APOLLO',NULL,107,3,31,'2025-08-14 00:23:10','2025-08-14 00:23:18',NULL,'SYSTEM',NULL,400.00,'Transfer z AP1 do R3','zakonczona','AP1_OUT','R3_IN'),(181,'ROZTANKOWANIE_APOLLO',NULL,107,3,31,'2025-08-14 00:27:31','2025-08-14 00:28:18',NULL,'SYSTEM',NULL,100.00,'Transfer z AP1 do zbiornika ID 3. Utworzono parti pierwotn ID: 15.','zakonczona','AP1_OUT','R3_IN'),(182,'ROZTANKOWANIE_APOLLO',NULL,108,3,32,'2025-08-14 00:28:52','2025-08-14 00:29:01',NULL,'SYSTEM',NULL,100.00,'Transfer z AP2 do zbiornika ID 3. Utworzono parti pierwotn ID: 16.','zakonczona','AP2_OUT','R3_IN'),(183,'ROZTANKOWANIE_APOLLO',NULL,107,1,31,'2025-08-15 07:27:10','2025-08-15 08:56:46',NULL,'SYSTEM',NULL,150.00,'Transfer z AP1 do zbiornika ID 1. Utworzono parti pierwotn ID: 17.','zakonczona','AP1_OUT','R1_IN'),(184,'ROZTANKOWANIE_APOLLO',NULL,107,1,33,'2025-08-16 06:40:13','2025-08-16 06:40:24',NULL,'SYSTEM',NULL,9.00,'Transfer z AP1 do zbiornika ID 1. Utworzono parti pierwotn ID: 18.','zakonczona','AP1_OUT','R1_IN'),(185,'ROZTANKOWANIE_APOLLO',NULL,107,1,35,'2025-08-16 08:56:42','2025-08-16 20:17:18',NULL,'SYSTEM',NULL,100.00,'Transfer z AP1 do zbiornika ID 1. Utworzono parti pierwotn ID: 19.','zakonczona','AP1_OUT','R1_IN'),(186,'ROZTANKOWANIE_APOLLO',NULL,107,1,38,'2025-08-16 20:43:12','2025-08-16 21:41:09',NULL,'SYSTEM',NULL,500.00,'Transfer z AP1 do zbiornika ID 1. Utworzono parti pierwotn ID: 20.','zakonczona','AP1_OUT','R1_IN'),(187,'ROZTANKOWANIE_APOLLO',NULL,107,1,38,'2025-08-16 21:41:49','2025-08-16 21:42:10',NULL,'SYSTEM',NULL,10.00,'Transfer z AP1 do zbiornika ID 1. Utworzono parti pierwotn ID: 21.','zakonczona','AP1_OUT','R1_IN'),(188,'ROZTANKOWANIE_APOLLO',NULL,107,1,38,'2025-08-16 21:42:30','2025-08-16 21:42:45',NULL,'SYSTEM',NULL,15.00,'Transfer z AP1 do zbiornika ID 1. Utworzono parti pierwotn ID: 22.','zakonczona','AP1_OUT','R1_IN'),(189,'ROZTANKOWANIE_APOLLO',NULL,107,1,38,'2025-08-16 21:43:07','2025-08-16 21:44:16',NULL,'SYSTEM',NULL,5.00,'Transfer z AP1 do zbiornika ID 1. Utworzono parti pierwotn ID: 23.','zakonczona','AP1_OUT','R1_IN'),(190,'ROZTANKOWANIE_APOLLO',NULL,107,1,38,'2025-08-16 22:01:29','2025-08-16 22:01:45',NULL,'SYSTEM',NULL,3333.00,'Transfer z AP1 do zbiornika ID 1. Utworzono parti pierwotn ID: 24.','zakonczona','AP1_OUT','R1_IN'),(191,'ROZTANKOWANIE_APOLLO',NULL,107,1,38,'2025-08-16 22:12:36','2025-08-16 22:12:45',NULL,'SYSTEM',NULL,1111.00,'Transfer z AP1 do zbiornika ID 1. Utworzono parti pierwotn ID: 25.','zakonczona','AP1_OUT','R1_IN'),(192,'ROZTANKOWANIE_APOLLO',NULL,107,3,38,'2025-08-26 18:24:23','2025-08-26 18:24:32',NULL,'SYSTEM',NULL,7000.00,'Transfer z AP1 do zbiornika ID 3. Utworzono parti pierwotn ID: 28.','zakonczona','AP1_OUT','R3_IN'),(193,'ROZTANKOWANIE_APOLLO',NULL,107,10,40,'2025-09-04 07:21:18','2025-09-04 07:21:55',NULL,'SYSTEM',NULL,7666.00,'Transfer z AP1 do zbiornika ID 10. Utworzono parti pierwotn ID: 36.','zakonczona','AP1_OUT','R6_IN');
/*!40000 ALTER TABLE `operacje_log` ENABLE KEYS */;
UNLOCK TABLES;

--
-- Table structure for table `operator_temperatures`
--

DROP TABLE IF EXISTS `operator_temperatures`;
/*!40101 SET @saved_cs_client     = @@character_set_client */;
/*!50503 SET character_set_client = utf8mb4 */;
CREATE TABLE `operator_temperatures` (
  `id` int NOT NULL AUTO_INCREMENT,
  `id_sprzetu` int NOT NULL,
  `temperatura` decimal(10,6) NOT NULL,
  `czas_ustawienia` datetime NOT NULL,
  PRIMARY KEY (`id`),
  KEY `id_sprzetu` (`id_sprzetu`),
  CONSTRAINT `operator_temperatures_ibfk_1` FOREIGN KEY (`id_sprzetu`) REFERENCES `sprzet` (`id`)
) ENGINE=InnoDB AUTO_INCREMENT=1548 DEFAULT CHARSET=utf8mb4 COLLATE=utf8mb4_unicode_ci;
/*!40101 SET character_set_client = @saved_cs_client */;

--
-- Dumping data for table `operator_temperatures`
--

LOCK TABLES `operator_temperatures` WRITE;
/*!40000 ALTER TABLE `operator_temperatures` DISABLE KEYS */;
INSERT INTO `operator_temperatures` VALUES (167,1,44.000000,'2025-07-07 17:13:27'),(168,1,75.000000,'2025-07-07 17:19:04'),(169,2,75.000000,'2025-07-07 17:19:10'),(170,3,75.000000,'2025-07-07 17:19:14'),(171,4,75.000000,'2025-07-07 17:19:17'),(172,5,75.000000,'2025-07-07 17:19:20'),(173,10,75.000000,'2025-07-07 17:19:27'),(174,11,75.000000,'2025-07-07 17:19:30'),(175,12,75.000000,'2025-07-07 17:19:33'),(176,13,75.000000,'2025-07-07 17:19:36'),(177,5,90.000000,'2025-07-07 17:59:22'),(178,2,60.000000,'2025-07-07 19:20:36'),(179,3,60.000000,'2025-07-07 19:20:41'),(180,3,60.000000,'2025-07-07 19:20:48'),(181,4,60.000000,'2025-07-07 19:20:52'),(182,5,60.000000,'2025-07-07 19:20:55'),(183,10,60.000000,'2025-07-07 19:20:57'),(184,11,60.000000,'2025-07-07 19:21:02'),(185,12,60.000000,'2025-07-07 19:21:05'),(186,13,60.000000,'2025-07-07 19:21:09'),(187,3,75.000000,'2025-07-08 03:58:14'),(188,1,60.000000,'2025-07-15 18:40:30'),(189,2,60.000000,'2025-07-15 18:40:33'),(190,3,60.000000,'2025-07-15 18:40:36'),(191,4,60.000000,'2025-07-15 18:40:39'),(192,5,60.000000,'2025-07-15 18:40:43'),(193,10,60.000000,'2025-07-15 18:40:46'),(194,11,60.000000,'2025-07-15 18:40:50'),(195,12,60.000000,'2025-07-15 18:40:53'),(196,13,60.000000,'2025-07-15 18:40:56'),(197,13,60.000000,'2025-07-15 18:44:46'),(198,1,40.000000,'2025-08-13 18:50:41'),(199,2,40.000000,'2025-08-13 18:50:47'),(200,3,40.000000,'2025-08-13 18:50:54'),(201,4,40.000000,'2025-08-13 18:50:59'),(202,107,33.000000,'2025-08-14 18:52:12'),(203,1,33.000000,'2025-08-14 18:52:12'),(204,2,33.000000,'2025-08-14 18:52:12'),(205,3,33.000000,'2025-08-14 19:04:56'),(206,1,33.000000,'2025-08-14 19:10:06'),(207,2,33.000000,'2025-08-14 19:10:06'),(208,3,33.000000,'2025-08-14 19:10:06'),(209,4,33.000000,'2025-08-14 19:10:06'),(210,5,33.000000,'2025-08-14 19:10:06'),(211,8,33.000000,'2025-08-14 19:10:06'),(212,9,33.000000,'2025-08-14 19:10:06'),(213,10,33.000000,'2025-08-14 19:10:06'),(214,11,33.000000,'2025-08-14 19:10:06'),(215,12,33.000000,'2025-08-14 19:10:06'),(216,13,33.000000,'2025-08-14 19:10:06'),(217,18,33.000000,'2025-08-14 19:10:06'),(218,19,33.000000,'2025-08-14 19:10:06'),(219,20,33.000000,'2025-08-14 19:10:06'),(220,21,33.000000,'2025-08-14 19:10:06'),(221,22,33.000000,'2025-08-14 19:10:06'),(222,23,33.000000,'2025-08-14 19:10:06'),(223,24,33.000000,'2025-08-14 19:10:06'),(224,25,33.000000,'2025-08-14 19:10:06'),(225,26,33.000000,'2025-08-14 19:10:06'),(226,28,33.000000,'2025-08-14 19:10:06'),(227,29,33.000000,'2025-08-14 19:10:06'),(228,30,33.000000,'2025-08-14 19:10:06'),(229,31,33.000000,'2025-08-14 19:10:06'),(230,32,33.000000,'2025-08-14 19:10:06'),(231,33,33.000000,'2025-08-14 19:10:06'),(232,34,33.000000,'2025-08-14 19:10:06'),(233,35,33.000000,'2025-08-14 19:10:06'),(234,36,33.000000,'2025-08-14 19:10:06'),(235,37,33.000000,'2025-08-14 19:10:06'),(236,38,33.000000,'2025-08-14 19:10:06'),(237,107,33.000000,'2025-08-14 19:10:06'),(238,108,33.000000,'2025-08-14 19:10:06'),(239,109,33.000000,'2025-08-14 19:10:06'),(240,115,33.000000,'2025-08-14 19:10:06'),(241,1,119.300000,'2025-08-14 19:16:40'),(242,2,119.300000,'2025-08-14 19:16:40'),(243,3,119.300000,'2025-08-14 19:16:40'),(244,4,119.300000,'2025-08-14 19:16:40'),(245,5,119.300000,'2025-08-14 19:16:40'),(246,8,119.300000,'2025-08-14 19:16:40'),(247,9,119.300000,'2025-08-14 19:16:40'),(248,10,119.300000,'2025-08-14 19:16:40'),(249,11,119.300000,'2025-08-14 19:16:40'),(250,12,119.300000,'2025-08-14 19:16:40'),(251,13,119.300000,'2025-08-14 19:16:40'),(252,18,119.300000,'2025-08-14 19:16:40'),(253,19,119.300000,'2025-08-14 19:16:40'),(254,20,119.300000,'2025-08-14 19:16:40'),(255,21,119.300000,'2025-08-14 19:16:40'),(256,22,119.300000,'2025-08-14 19:16:40'),(257,23,119.300000,'2025-08-14 19:16:40'),(258,24,119.300000,'2025-08-14 19:16:40'),(259,25,119.300000,'2025-08-14 19:16:40'),(260,26,119.300000,'2025-08-14 19:16:40'),(261,28,119.300000,'2025-08-14 19:16:40'),(262,29,119.300000,'2025-08-14 19:16:40'),(263,30,119.300000,'2025-08-14 19:16:40'),(264,31,119.300000,'2025-08-14 19:16:40'),(265,32,119.300000,'2025-08-14 19:16:40'),(266,33,119.300000,'2025-08-14 19:16:40'),(267,34,119.300000,'2025-08-14 19:16:40'),(268,35,119.300000,'2025-08-14 19:16:40'),(269,36,119.300000,'2025-08-14 19:16:40'),(270,37,119.300000,'2025-08-14 19:16:40'),(271,38,119.300000,'2025-08-14 19:16:40'),(272,107,119.300000,'2025-08-14 19:16:40'),(273,108,119.300000,'2025-08-14 19:16:40'),(274,109,119.300000,'2025-08-14 19:16:40'),(275,115,119.300000,'2025-08-14 19:16:40'),(276,1,33.000000,'2025-08-14 19:31:50'),(277,2,33.000000,'2025-08-14 19:31:50'),(278,3,33.000000,'2025-08-14 19:31:50'),(279,4,33.000000,'2025-08-14 19:31:50'),(280,5,33.000000,'2025-08-14 19:31:50'),(281,8,33.000000,'2025-08-14 19:31:50'),(282,9,33.000000,'2025-08-14 19:31:50'),(283,10,33.000000,'2025-08-14 19:31:50'),(284,11,33.000000,'2025-08-14 19:31:50'),(285,12,33.000000,'2025-08-14 19:31:50'),(286,13,33.000000,'2025-08-14 19:31:50'),(287,18,33.000000,'2025-08-14 19:31:50'),(288,19,33.000000,'2025-08-14 19:31:50'),(289,20,33.000000,'2025-08-14 19:31:50'),(290,21,33.000000,'2025-08-14 19:31:50'),(291,22,33.000000,'2025-08-14 19:31:50'),(292,23,33.000000,'2025-08-14 19:31:50'),(293,24,33.000000,'2025-08-14 19:31:50'),(294,25,33.000000,'2025-08-14 19:31:50'),(295,26,33.000000,'2025-08-14 19:31:50'),(296,28,33.000000,'2025-08-14 19:31:50'),(297,29,33.000000,'2025-08-14 19:31:50'),(298,30,33.000000,'2025-08-14 19:31:50'),(299,31,33.000000,'2025-08-14 19:31:50'),(300,32,33.000000,'2025-08-14 19:31:50'),(301,33,33.000000,'2025-08-14 19:31:50'),(302,34,33.000000,'2025-08-14 19:31:50'),(303,35,33.000000,'2025-08-14 19:31:50'),(304,36,33.000000,'2025-08-14 19:31:50'),(305,37,33.000000,'2025-08-14 19:31:50'),(306,38,33.000000,'2025-08-14 19:31:50'),(307,107,33.000000,'2025-08-14 19:31:50'),(308,108,33.000000,'2025-08-14 19:31:50'),(309,109,33.000000,'2025-08-14 19:31:50'),(310,115,33.000000,'2025-08-14 19:31:50'),(311,1,999.000000,'2025-08-15 07:22:41'),(312,2,999.000000,'2025-08-15 07:22:41'),(313,3,999.000000,'2025-08-15 07:22:41'),(314,4,999.000000,'2025-08-15 07:22:41'),(315,5,999.000000,'2025-08-15 07:22:41'),(316,8,999.000000,'2025-08-15 07:22:41'),(317,9,999.000000,'2025-08-15 07:22:41'),(318,10,999.000000,'2025-08-15 07:22:41'),(319,11,999.000000,'2025-08-15 07:22:41'),(320,12,999.000000,'2025-08-15 07:22:41'),(321,13,999.000000,'2025-08-15 07:22:41'),(322,18,999.000000,'2025-08-15 07:22:41'),(323,19,999.000000,'2025-08-15 07:22:41'),(324,20,999.000000,'2025-08-15 07:22:41'),(325,21,999.000000,'2025-08-15 07:22:41'),(326,22,999.000000,'2025-08-15 07:22:41'),(327,23,999.000000,'2025-08-15 07:22:41'),(328,24,999.000000,'2025-08-15 07:22:41'),(329,25,999.000000,'2025-08-15 07:22:41'),(330,26,999.000000,'2025-08-15 07:22:41'),(331,28,999.000000,'2025-08-15 07:22:41'),(332,29,999.000000,'2025-08-15 07:22:41'),(333,30,999.000000,'2025-08-15 07:22:41'),(334,31,999.000000,'2025-08-15 07:22:41'),(335,32,999.000000,'2025-08-15 07:22:41'),(336,33,999.000000,'2025-08-15 07:22:41'),(337,34,999.000000,'2025-08-15 07:22:41'),(338,35,999.000000,'2025-08-15 07:22:41'),(339,36,999.000000,'2025-08-15 07:22:41'),(340,37,999.000000,'2025-08-15 07:22:41'),(341,38,999.000000,'2025-08-15 07:22:41'),(342,107,999.000000,'2025-08-15 07:22:41'),(343,108,999.000000,'2025-08-15 07:22:41'),(344,109,999.000000,'2025-08-15 07:22:41'),(345,115,999.000000,'2025-08-15 07:22:41'),(346,1,22.000000,'2025-08-15 09:34:39'),(347,1,999.000000,'2025-08-15 09:37:41'),(348,2,999.000000,'2025-08-15 09:37:41'),(349,3,999.000000,'2025-08-15 09:37:41'),(350,4,999.000000,'2025-08-15 09:37:41'),(351,5,999.000000,'2025-08-15 09:37:41'),(352,8,999.000000,'2025-08-15 09:37:41'),(353,9,999.000000,'2025-08-15 09:37:41'),(354,10,999.000000,'2025-08-15 09:37:41'),(355,11,999.000000,'2025-08-15 09:37:41'),(356,12,999.000000,'2025-08-15 09:37:41'),(357,13,999.000000,'2025-08-15 09:37:41'),(358,18,999.000000,'2025-08-15 09:37:41'),(359,19,999.000000,'2025-08-15 09:37:41'),(360,20,999.000000,'2025-08-15 09:37:41'),(361,21,999.000000,'2025-08-15 09:37:41'),(362,22,999.000000,'2025-08-15 09:37:41'),(363,23,999.000000,'2025-08-15 09:37:41'),(364,24,999.000000,'2025-08-15 09:37:41'),(365,25,999.000000,'2025-08-15 09:37:41'),(366,26,999.000000,'2025-08-15 09:37:41'),(367,28,999.000000,'2025-08-15 09:37:41'),(368,29,999.000000,'2025-08-15 09:37:41'),(369,30,999.000000,'2025-08-15 09:37:41'),(370,31,999.000000,'2025-08-15 09:37:41'),(371,32,999.000000,'2025-08-15 09:37:41'),(372,33,999.000000,'2025-08-15 09:37:41'),(373,34,999.000000,'2025-08-15 09:37:41'),(374,35,999.000000,'2025-08-15 09:37:41'),(375,36,999.000000,'2025-08-15 09:37:41'),(376,37,999.000000,'2025-08-15 09:37:41'),(377,38,999.000000,'2025-08-15 09:37:41'),(378,107,999.000000,'2025-08-15 09:37:41'),(379,108,999.000000,'2025-08-15 09:37:41'),(380,109,999.000000,'2025-08-15 09:37:41'),(381,115,999.000000,'2025-08-15 09:37:41'),(496,1,10.000000,'2025-08-16 04:56:59'),(497,2,10.000000,'2025-08-16 04:56:59'),(498,3,10.000000,'2025-08-16 04:56:59'),(499,4,10.000000,'2025-08-16 04:56:59'),(500,5,10.000000,'2025-08-16 04:56:59'),(501,8,10.000000,'2025-08-16 04:56:59'),(502,9,10.000000,'2025-08-16 04:56:59'),(503,10,10.000000,'2025-08-16 04:56:59'),(504,11,10.000000,'2025-08-16 04:56:59'),(505,12,10.000000,'2025-08-16 04:56:59'),(506,13,10.000000,'2025-08-16 04:56:59'),(507,18,10.000000,'2025-08-16 04:56:59'),(508,19,10.000000,'2025-08-16 04:56:59'),(509,20,10.000000,'2025-08-16 04:56:59'),(510,21,10.000000,'2025-08-16 04:56:59'),(511,22,10.000000,'2025-08-16 04:56:59'),(512,23,10.000000,'2025-08-16 04:56:59'),(513,24,10.000000,'2025-08-16 04:56:59'),(514,25,10.000000,'2025-08-16 04:56:59'),(515,26,10.000000,'2025-08-16 04:56:59'),(516,28,10.000000,'2025-08-16 04:56:59'),(517,29,10.000000,'2025-08-16 04:56:59'),(518,30,10.000000,'2025-08-16 04:56:59'),(519,31,10.000000,'2025-08-16 04:56:59'),(520,32,10.000000,'2025-08-16 04:56:59'),(521,33,10.000000,'2025-08-16 04:56:59'),(522,34,10.000000,'2025-08-16 04:56:59'),(523,35,10.000000,'2025-08-16 04:56:59'),(524,36,10.000000,'2025-08-16 04:56:59'),(525,37,10.000000,'2025-08-16 04:56:59'),(526,38,10.000000,'2025-08-16 04:56:59'),(527,107,10.000000,'2025-08-16 04:56:59'),(528,108,10.000000,'2025-08-16 04:56:59'),(529,109,10.000000,'2025-08-16 04:56:59'),(530,115,10.000000,'2025-08-16 04:56:59'),(531,1,14.000000,'2025-08-16 04:59:16'),(532,2,14.000000,'2025-08-16 04:59:16'),(533,3,14.000000,'2025-08-16 04:59:16'),(534,4,14.000000,'2025-08-16 04:59:16'),(535,5,14.000000,'2025-08-16 04:59:16'),(536,8,14.000000,'2025-08-16 04:59:16'),(537,9,14.000000,'2025-08-16 04:59:16'),(538,10,14.000000,'2025-08-16 04:59:16'),(539,11,14.000000,'2025-08-16 04:59:16'),(540,12,14.000000,'2025-08-16 04:59:16'),(541,13,14.000000,'2025-08-16 04:59:16'),(542,18,14.000000,'2025-08-16 04:59:16'),(543,19,14.000000,'2025-08-16 04:59:16'),(544,20,14.000000,'2025-08-16 04:59:16'),(545,21,14.000000,'2025-08-16 04:59:16'),(546,22,14.000000,'2025-08-16 04:59:16'),(547,23,14.000000,'2025-08-16 04:59:16'),(548,24,14.000000,'2025-08-16 04:59:16'),(549,25,14.000000,'2025-08-16 04:59:16'),(550,26,14.000000,'2025-08-16 04:59:16'),(551,28,14.000000,'2025-08-16 04:59:16'),(552,29,14.000000,'2025-08-16 04:59:16'),(553,30,14.000000,'2025-08-16 04:59:16'),(554,31,14.000000,'2025-08-16 04:59:16'),(555,32,14.000000,'2025-08-16 04:59:16'),(556,33,14.000000,'2025-08-16 04:59:16'),(557,34,14.000000,'2025-08-16 04:59:16'),(558,35,14.000000,'2025-08-16 04:59:16'),(559,36,14.000000,'2025-08-16 04:59:16'),(560,37,14.000000,'2025-08-16 04:59:16'),(561,38,14.000000,'2025-08-16 04:59:16'),(562,107,14.000000,'2025-08-16 04:59:16'),(563,108,14.000000,'2025-08-16 04:59:16'),(564,109,14.000000,'2025-08-16 04:59:16'),(565,115,14.000000,'2025-08-16 04:59:16'),(566,1,14.000000,'2025-08-16 19:29:25'),(567,2,14.000000,'2025-08-16 19:29:25'),(568,3,14.000000,'2025-08-16 19:29:25'),(569,4,14.000000,'2025-08-16 19:29:25'),(570,5,14.000000,'2025-08-16 19:29:25'),(571,8,14.000000,'2025-08-16 19:29:25'),(572,9,14.000000,'2025-08-16 19:29:25'),(573,10,14.000000,'2025-08-16 19:29:25'),(574,11,14.000000,'2025-08-16 19:29:25'),(575,12,14.000000,'2025-08-16 19:29:25'),(576,13,14.000000,'2025-08-16 19:29:25'),(577,18,14.000000,'2025-08-16 19:29:25'),(578,19,14.000000,'2025-08-16 19:29:25'),(579,20,14.000000,'2025-08-16 19:29:25'),(580,21,14.000000,'2025-08-16 19:29:25'),(581,22,14.000000,'2025-08-16 19:29:25'),(582,23,14.000000,'2025-08-16 19:29:25'),(583,24,14.000000,'2025-08-16 19:29:25'),(584,25,14.000000,'2025-08-16 19:29:25'),(585,26,14.000000,'2025-08-16 19:29:25'),(586,28,14.000000,'2025-08-16 19:29:25'),(587,29,14.000000,'2025-08-16 19:29:25'),(588,30,14.000000,'2025-08-16 19:29:25'),(589,31,14.000000,'2025-08-16 19:29:25'),(590,32,14.000000,'2025-08-16 19:29:25'),(591,33,14.000000,'2025-08-16 19:29:25'),(592,34,14.000000,'2025-08-16 19:29:25'),(593,35,14.000000,'2025-08-16 19:29:25'),(594,36,14.000000,'2025-08-16 19:29:25'),(595,37,14.000000,'2025-08-16 19:29:25'),(596,38,14.000000,'2025-08-16 19:29:25'),(597,107,14.000000,'2025-08-16 19:29:25'),(598,108,14.000000,'2025-08-16 19:29:25'),(599,109,14.000000,'2025-08-16 19:29:25'),(600,115,14.000000,'2025-08-16 19:29:25'),(601,1,11.000000,'2025-08-17 13:38:08'),(602,2,11.000000,'2025-08-17 13:38:08'),(603,3,11.000000,'2025-08-17 13:38:08'),(604,4,11.000000,'2025-08-17 13:38:08'),(605,5,11.000000,'2025-08-17 13:38:08'),(606,8,11.000000,'2025-08-17 13:38:08'),(607,9,11.000000,'2025-08-17 13:38:08'),(608,10,11.000000,'2025-08-17 13:38:08'),(609,11,11.000000,'2025-08-17 13:38:08'),(610,12,11.000000,'2025-08-17 13:38:08'),(611,13,11.000000,'2025-08-17 13:38:08'),(612,18,11.000000,'2025-08-17 13:38:08'),(613,19,11.000000,'2025-08-17 13:38:08'),(614,20,11.000000,'2025-08-17 13:38:08'),(615,21,11.000000,'2025-08-17 13:38:08'),(616,22,11.000000,'2025-08-17 13:38:08'),(617,23,11.000000,'2025-08-17 13:38:08'),(618,24,11.000000,'2025-08-17 13:38:08'),(619,25,11.000000,'2025-08-17 13:38:08'),(620,26,11.000000,'2025-08-17 13:38:08'),(621,28,11.000000,'2025-08-17 13:38:08'),(622,29,11.000000,'2025-08-17 13:38:08'),(623,30,11.000000,'2025-08-17 13:38:08'),(624,31,11.000000,'2025-08-17 13:38:08'),(625,32,11.000000,'2025-08-17 13:38:08'),(626,33,11.000000,'2025-08-17 13:38:08'),(627,34,11.000000,'2025-08-17 13:38:08'),(628,35,11.000000,'2025-08-17 13:38:08'),(629,36,11.000000,'2025-08-17 13:38:08'),(630,37,11.000000,'2025-08-17 13:38:08'),(631,38,11.000000,'2025-08-17 13:38:08'),(632,107,11.000000,'2025-08-17 13:38:08'),(633,108,11.000000,'2025-08-17 13:38:08'),(634,109,11.000000,'2025-08-17 13:38:08'),(635,115,11.000000,'2025-08-17 13:38:08'),(636,1,11.000000,'2025-08-20 20:41:54'),(637,2,11.000000,'2025-08-20 20:41:54'),(638,3,11.000000,'2025-08-20 20:41:54'),(639,4,11.000000,'2025-08-20 20:41:54'),(640,5,11.000000,'2025-08-20 20:41:54'),(641,8,11.000000,'2025-08-20 20:41:54'),(642,9,11.000000,'2025-08-20 20:41:54'),(643,10,11.000000,'2025-08-20 20:41:54'),(644,11,11.000000,'2025-08-20 20:41:54'),(645,12,11.000000,'2025-08-20 20:41:54'),(646,13,11.000000,'2025-08-20 20:41:54'),(647,18,11.000000,'2025-08-20 20:41:54'),(648,19,11.000000,'2025-08-20 20:41:54'),(649,20,11.000000,'2025-08-20 20:41:54'),(650,21,11.000000,'2025-08-20 20:41:54'),(651,22,11.000000,'2025-08-20 20:41:54'),(652,23,11.000000,'2025-08-20 20:41:54'),(653,24,11.000000,'2025-08-20 20:41:54'),(654,25,11.000000,'2025-08-20 20:41:54'),(655,26,11.000000,'2025-08-20 20:41:54'),(656,28,11.000000,'2025-08-20 20:41:54'),(657,29,11.000000,'2025-08-20 20:41:54'),(658,30,11.000000,'2025-08-20 20:41:54'),(659,31,11.000000,'2025-08-20 20:41:54'),(660,32,11.000000,'2025-08-20 20:41:54'),(661,33,11.000000,'2025-08-20 20:41:54'),(662,34,11.000000,'2025-08-20 20:41:54'),(663,35,11.000000,'2025-08-20 20:41:54'),(664,36,11.000000,'2025-08-20 20:41:54'),(665,37,11.000000,'2025-08-20 20:41:54'),(666,38,11.000000,'2025-08-20 20:41:54'),(667,107,11.000000,'2025-08-20 20:41:54'),(668,108,11.000000,'2025-08-20 20:41:54'),(669,109,11.000000,'2025-08-20 20:41:54'),(670,115,11.000000,'2025-08-20 20:41:54'),(671,1,11.000000,'2025-08-25 14:09:52'),(672,2,11.000000,'2025-08-25 14:09:52'),(673,3,11.000000,'2025-08-25 14:09:52'),(674,4,11.000000,'2025-08-25 14:09:52'),(675,5,11.000000,'2025-08-25 14:09:52'),(676,8,11.000000,'2025-08-25 14:09:52'),(677,9,11.000000,'2025-08-25 14:09:52'),(678,10,11.000000,'2025-08-25 14:09:52'),(679,11,11.000000,'2025-08-25 14:09:52'),(680,12,11.000000,'2025-08-25 14:09:52'),(681,13,11.000000,'2025-08-25 14:09:52'),(682,18,11.000000,'2025-08-25 14:09:52'),(683,19,11.000000,'2025-08-25 14:09:52'),(684,20,11.000000,'2025-08-25 14:09:52'),(685,21,11.000000,'2025-08-25 14:09:52'),(686,22,11.000000,'2025-08-25 14:09:52'),(687,23,11.000000,'2025-08-25 14:09:52'),(688,24,11.000000,'2025-08-25 14:09:52'),(689,25,11.000000,'2025-08-25 14:09:52'),(690,26,11.000000,'2025-08-25 14:09:52'),(691,28,11.000000,'2025-08-25 14:09:52'),(692,29,11.000000,'2025-08-25 14:09:52'),(693,30,11.000000,'2025-08-25 14:09:52'),(694,31,11.000000,'2025-08-25 14:09:52'),(695,32,11.000000,'2025-08-25 14:09:52'),(696,33,11.000000,'2025-08-25 14:09:52'),(697,34,11.000000,'2025-08-25 14:09:52'),(698,35,11.000000,'2025-08-25 14:09:52'),(699,36,11.000000,'2025-08-25 14:09:52'),(700,37,11.000000,'2025-08-25 14:09:52'),(701,38,11.000000,'2025-08-25 14:09:52'),(702,107,11.000000,'2025-08-25 14:09:52'),(703,108,11.000000,'2025-08-25 14:09:52'),(704,109,11.000000,'2025-08-25 14:09:52'),(705,115,11.000000,'2025-08-25 14:09:52'),(706,1,11.000000,'2025-08-26 05:53:48'),(707,2,11.000000,'2025-08-26 05:53:48'),(708,3,11.000000,'2025-08-26 05:53:48'),(709,4,11.000000,'2025-08-26 05:53:48'),(710,5,11.000000,'2025-08-26 05:53:48'),(711,8,11.000000,'2025-08-26 05:53:48'),(712,9,11.000000,'2025-08-26 05:53:48'),(713,10,11.000000,'2025-08-26 05:53:48'),(714,11,11.000000,'2025-08-26 05:53:48'),(715,12,11.000000,'2025-08-26 05:53:48'),(716,13,11.000000,'2025-08-26 05:53:48'),(717,18,11.000000,'2025-08-26 05:53:48'),(718,19,11.000000,'2025-08-26 05:53:48'),(719,20,11.000000,'2025-08-26 05:53:48'),(720,21,11.000000,'2025-08-26 05:53:48'),(721,22,11.000000,'2025-08-26 05:53:48'),(722,23,11.000000,'2025-08-26 05:53:48'),(723,24,11.000000,'2025-08-26 05:53:48'),(724,25,11.000000,'2025-08-26 05:53:48'),(725,26,11.000000,'2025-08-26 05:53:48'),(726,28,11.000000,'2025-08-26 05:53:48'),(727,29,11.000000,'2025-08-26 05:53:48'),(728,30,11.000000,'2025-08-26 05:53:48'),(729,31,11.000000,'2025-08-26 05:53:48'),(730,32,11.000000,'2025-08-26 05:53:48'),(731,33,11.000000,'2025-08-26 05:53:48'),(732,34,11.000000,'2025-08-26 05:53:48'),(733,35,11.000000,'2025-08-26 05:53:48'),(734,36,11.000000,'2025-08-26 05:53:48'),(735,37,11.000000,'2025-08-26 05:53:48'),(736,38,11.000000,'2025-08-26 05:53:48'),(737,107,11.000000,'2025-08-26 05:53:48'),(738,108,11.000000,'2025-08-26 05:53:48'),(739,109,11.000000,'2025-08-26 05:53:48'),(740,115,11.000000,'2025-08-26 05:53:48'),(741,1,33.000000,'2025-08-26 05:54:43'),(742,2,33.000000,'2025-08-26 05:54:43'),(743,3,33.000000,'2025-08-26 05:54:43'),(744,4,33.000000,'2025-08-26 05:54:43'),(745,5,33.000000,'2025-08-26 05:54:43'),(746,8,33.000000,'2025-08-26 05:54:43'),(747,9,33.000000,'2025-08-26 05:54:43'),(748,10,33.000000,'2025-08-26 05:54:43'),(749,11,33.000000,'2025-08-26 05:54:43'),(750,12,33.000000,'2025-08-26 05:54:43'),(751,13,33.000000,'2025-08-26 05:54:43'),(752,18,33.000000,'2025-08-26 05:54:43'),(753,19,33.000000,'2025-08-26 05:54:43'),(754,20,33.000000,'2025-08-26 05:54:43'),(755,21,33.000000,'2025-08-26 05:54:43'),(756,22,33.000000,'2025-08-26 05:54:43'),(757,23,33.000000,'2025-08-26 05:54:43'),(758,24,33.000000,'2025-08-26 05:54:43'),(759,25,33.000000,'2025-08-26 05:54:43'),(760,26,33.000000,'2025-08-26 05:54:43'),(761,28,33.000000,'2025-08-26 05:54:43'),(762,29,33.000000,'2025-08-26 05:54:43'),(763,30,33.000000,'2025-08-26 05:54:43'),(764,31,33.000000,'2025-08-26 05:54:43'),(765,32,33.000000,'2025-08-26 05:54:43'),(766,33,33.000000,'2025-08-26 05:54:43'),(767,34,33.000000,'2025-08-26 05:54:43'),(768,35,33.000000,'2025-08-26 05:54:43'),(769,36,33.000000,'2025-08-26 05:54:43'),(770,37,33.000000,'2025-08-26 05:54:43'),(771,38,33.000000,'2025-08-26 05:54:43'),(772,107,33.000000,'2025-08-26 05:54:43'),(773,108,33.000000,'2025-08-26 05:54:43'),(774,109,33.000000,'2025-08-26 05:54:43'),(775,115,33.000000,'2025-08-26 05:54:43'),(776,1,33.000000,'2025-08-26 10:57:37'),(777,2,33.000000,'2025-08-26 10:57:37'),(778,3,33.000000,'2025-08-26 10:57:37'),(779,4,33.000000,'2025-08-26 10:57:37'),(780,5,33.000000,'2025-08-26 10:57:37'),(781,8,33.000000,'2025-08-26 10:57:37'),(782,9,33.000000,'2025-08-26 10:57:37'),(783,10,33.000000,'2025-08-26 10:57:37'),(784,11,33.000000,'2025-08-26 10:57:37'),(785,12,33.000000,'2025-08-26 10:57:37'),(786,13,33.000000,'2025-08-26 10:57:37'),(787,18,33.000000,'2025-08-26 10:57:37'),(788,19,33.000000,'2025-08-26 10:57:37'),(789,20,33.000000,'2025-08-26 10:57:37'),(790,21,33.000000,'2025-08-26 10:57:37'),(791,22,33.000000,'2025-08-26 10:57:37'),(792,23,33.000000,'2025-08-26 10:57:37'),(793,24,33.000000,'2025-08-26 10:57:37'),(794,25,33.000000,'2025-08-26 10:57:37'),(795,26,33.000000,'2025-08-26 10:57:37'),(796,28,33.000000,'2025-08-26 10:57:37'),(797,29,33.000000,'2025-08-26 10:57:37'),(798,30,33.000000,'2025-08-26 10:57:37'),(799,31,33.000000,'2025-08-26 10:57:37'),(800,32,33.000000,'2025-08-26 10:57:37'),(801,33,33.000000,'2025-08-26 10:57:37'),(802,34,33.000000,'2025-08-26 10:57:37'),(803,35,33.000000,'2025-08-26 10:57:37'),(804,36,33.000000,'2025-08-26 10:57:37'),(805,37,33.000000,'2025-08-26 10:57:37'),(806,38,33.000000,'2025-08-26 10:57:37'),(807,107,33.000000,'2025-08-26 10:57:37'),(808,108,33.000000,'2025-08-26 10:57:37'),(809,109,33.000000,'2025-08-26 10:57:37'),(810,115,33.000000,'2025-08-26 10:57:37'),(811,1,1.000000,'2025-08-26 10:58:54'),(812,2,1.000000,'2025-08-26 10:58:54'),(813,3,1.000000,'2025-08-26 10:58:54'),(814,4,1.000000,'2025-08-26 10:58:54'),(815,5,1.000000,'2025-08-26 10:58:54'),(816,8,1.000000,'2025-08-26 10:58:54'),(817,9,1.000000,'2025-08-26 10:58:54'),(818,10,1.000000,'2025-08-26 10:58:54'),(819,11,1.000000,'2025-08-26 10:58:54'),(820,12,1.000000,'2025-08-26 10:58:54'),(821,13,1.000000,'2025-08-26 10:58:54'),(822,18,1.000000,'2025-08-26 10:58:54'),(823,19,1.000000,'2025-08-26 10:58:54'),(824,20,1.000000,'2025-08-26 10:58:54'),(825,21,1.000000,'2025-08-26 10:58:54'),(826,22,1.000000,'2025-08-26 10:58:54'),(827,23,1.000000,'2025-08-26 10:58:54'),(828,24,1.000000,'2025-08-26 10:58:54'),(829,25,1.000000,'2025-08-26 10:58:54'),(830,26,1.000000,'2025-08-26 10:58:54'),(831,28,1.000000,'2025-08-26 10:58:54'),(832,29,1.000000,'2025-08-26 10:58:54'),(833,30,1.000000,'2025-08-26 10:58:54'),(834,31,1.000000,'2025-08-26 10:58:54'),(835,32,1.000000,'2025-08-26 10:58:54'),(836,33,1.000000,'2025-08-26 10:58:54'),(837,34,1.000000,'2025-08-26 10:58:54'),(838,35,1.000000,'2025-08-26 10:58:54'),(839,36,1.000000,'2025-08-26 10:58:54'),(840,37,1.000000,'2025-08-26 10:58:54'),(841,38,1.000000,'2025-08-26 10:58:54'),(842,107,1.000000,'2025-08-26 10:58:54'),(843,108,1.000000,'2025-08-26 10:58:54'),(844,109,1.000000,'2025-08-26 10:58:54'),(845,115,1.000000,'2025-08-26 10:58:54'),(846,1,11.000000,'2025-08-26 10:59:27'),(847,2,11.000000,'2025-08-26 10:59:27'),(848,3,11.000000,'2025-08-26 10:59:27'),(849,4,11.000000,'2025-08-26 10:59:27'),(850,5,11.000000,'2025-08-26 10:59:27'),(851,8,11.000000,'2025-08-26 10:59:27'),(852,9,11.000000,'2025-08-26 10:59:27'),(853,10,11.000000,'2025-08-26 10:59:27'),(854,11,11.000000,'2025-08-26 10:59:27'),(855,12,11.000000,'2025-08-26 10:59:27'),(856,13,11.000000,'2025-08-26 10:59:27'),(857,18,11.000000,'2025-08-26 10:59:27'),(858,19,11.000000,'2025-08-26 10:59:27'),(859,20,11.000000,'2025-08-26 10:59:27'),(860,21,11.000000,'2025-08-26 10:59:27'),(861,22,11.000000,'2025-08-26 10:59:27'),(862,23,11.000000,'2025-08-26 10:59:27'),(863,24,11.000000,'2025-08-26 10:59:27'),(864,25,11.000000,'2025-08-26 10:59:27'),(865,26,11.000000,'2025-08-26 10:59:27'),(866,28,11.000000,'2025-08-26 10:59:27'),(867,29,11.000000,'2025-08-26 10:59:27'),(868,30,11.000000,'2025-08-26 10:59:27'),(869,31,11.000000,'2025-08-26 10:59:27'),(870,32,11.000000,'2025-08-26 10:59:27'),(871,33,11.000000,'2025-08-26 10:59:27'),(872,34,11.000000,'2025-08-26 10:59:27'),(873,35,11.000000,'2025-08-26 10:59:27'),(874,36,11.000000,'2025-08-26 10:59:27'),(875,37,11.000000,'2025-08-26 10:59:27'),(876,38,11.000000,'2025-08-26 10:59:27'),(877,107,11.000000,'2025-08-26 10:59:27'),(878,108,11.000000,'2025-08-26 10:59:27'),(879,109,11.000000,'2025-08-26 10:59:27'),(880,115,11.000000,'2025-08-26 10:59:27'),(881,1,22.000000,'2025-08-26 11:01:55'),(882,2,22.000000,'2025-08-26 11:01:55'),(883,3,22.000000,'2025-08-26 11:01:55'),(884,4,22.000000,'2025-08-26 11:01:55'),(885,5,22.000000,'2025-08-26 11:01:55'),(886,8,22.000000,'2025-08-26 11:01:55'),(887,9,22.000000,'2025-08-26 11:01:55'),(888,10,22.000000,'2025-08-26 11:01:55'),(889,11,22.000000,'2025-08-26 11:01:55'),(890,12,22.000000,'2025-08-26 11:01:55'),(891,13,22.000000,'2025-08-26 11:01:55'),(892,18,22.000000,'2025-08-26 11:01:55'),(893,19,22.000000,'2025-08-26 11:01:55'),(894,20,22.000000,'2025-08-26 11:01:55'),(895,21,22.000000,'2025-08-26 11:01:55'),(896,22,22.000000,'2025-08-26 11:01:55'),(897,23,22.000000,'2025-08-26 11:01:55'),(898,24,22.000000,'2025-08-26 11:01:55'),(899,25,22.000000,'2025-08-26 11:01:55'),(900,26,22.000000,'2025-08-26 11:01:55'),(901,28,22.000000,'2025-08-26 11:01:55'),(902,29,22.000000,'2025-08-26 11:01:55'),(903,30,22.000000,'2025-08-26 11:01:55'),(904,31,22.000000,'2025-08-26 11:01:55'),(905,32,22.000000,'2025-08-26 11:01:55'),(906,33,22.000000,'2025-08-26 11:01:55'),(907,34,22.000000,'2025-08-26 11:01:55'),(908,35,22.000000,'2025-08-26 11:01:55'),(909,36,22.000000,'2025-08-26 11:01:55'),(910,37,22.000000,'2025-08-26 11:01:55'),(911,38,22.000000,'2025-08-26 11:01:55'),(912,107,22.000000,'2025-08-26 11:01:55'),(913,108,22.000000,'2025-08-26 11:01:55'),(914,109,22.000000,'2025-08-26 11:01:55'),(915,115,22.000000,'2025-08-26 11:01:55'),(916,1,22.000000,'2025-08-26 11:03:02'),(917,2,22.000000,'2025-08-26 11:03:02'),(918,3,22.000000,'2025-08-26 11:03:02'),(919,4,22.000000,'2025-08-26 11:03:02'),(920,5,22.000000,'2025-08-26 11:03:02'),(921,8,22.000000,'2025-08-26 11:03:02'),(922,9,22.000000,'2025-08-26 11:03:02'),(923,10,22.000000,'2025-08-26 11:03:02'),(924,11,22.000000,'2025-08-26 11:03:02'),(925,12,22.000000,'2025-08-26 11:03:02'),(926,13,22.000000,'2025-08-26 11:03:02'),(927,18,22.000000,'2025-08-26 11:03:02'),(928,19,22.000000,'2025-08-26 11:03:02'),(929,20,22.000000,'2025-08-26 11:03:02'),(930,21,22.000000,'2025-08-26 11:03:02'),(931,22,22.000000,'2025-08-26 11:03:02'),(932,23,22.000000,'2025-08-26 11:03:02'),(933,24,22.000000,'2025-08-26 11:03:02'),(934,25,22.000000,'2025-08-26 11:03:02'),(935,26,22.000000,'2025-08-26 11:03:02'),(936,28,22.000000,'2025-08-26 11:03:02'),(937,29,22.000000,'2025-08-26 11:03:02'),(938,30,22.000000,'2025-08-26 11:03:02'),(939,31,22.000000,'2025-08-26 11:03:02'),(940,32,22.000000,'2025-08-26 11:03:02'),(941,33,22.000000,'2025-08-26 11:03:02'),(942,34,22.000000,'2025-08-26 11:03:02'),(943,35,22.000000,'2025-08-26 11:03:02'),(944,36,22.000000,'2025-08-26 11:03:02'),(945,37,22.000000,'2025-08-26 11:03:02'),(946,38,22.000000,'2025-08-26 11:03:02'),(947,107,22.000000,'2025-08-26 11:03:02'),(948,108,22.000000,'2025-08-26 11:03:02'),(949,109,22.000000,'2025-08-26 11:03:02'),(950,115,22.000000,'2025-08-26 11:03:02'),(951,1,33.000000,'2025-08-26 11:03:13'),(952,2,33.000000,'2025-08-26 11:03:13'),(953,3,33.000000,'2025-08-26 11:03:13'),(954,4,33.000000,'2025-08-26 11:03:13'),(955,5,33.000000,'2025-08-26 11:03:13'),(956,8,33.000000,'2025-08-26 11:03:13'),(957,9,33.000000,'2025-08-26 11:03:13'),(958,10,33.000000,'2025-08-26 11:03:13'),(959,11,33.000000,'2025-08-26 11:03:13'),(960,12,33.000000,'2025-08-26 11:03:13'),(961,13,33.000000,'2025-08-26 11:03:13'),(962,18,33.000000,'2025-08-26 11:03:13'),(963,19,33.000000,'2025-08-26 11:03:13'),(964,20,33.000000,'2025-08-26 11:03:13'),(965,21,33.000000,'2025-08-26 11:03:13'),(966,22,33.000000,'2025-08-26 11:03:13'),(967,23,33.000000,'2025-08-26 11:03:13'),(968,24,33.000000,'2025-08-26 11:03:13'),(969,25,33.000000,'2025-08-26 11:03:13'),(970,26,33.000000,'2025-08-26 11:03:13'),(971,28,33.000000,'2025-08-26 11:03:13'),(972,29,33.000000,'2025-08-26 11:03:13'),(973,30,33.000000,'2025-08-26 11:03:13'),(974,31,33.000000,'2025-08-26 11:03:13'),(975,32,33.000000,'2025-08-26 11:03:13'),(976,33,33.000000,'2025-08-26 11:03:13'),(977,34,33.000000,'2025-08-26 11:03:13'),(978,35,33.000000,'2025-08-26 11:03:13'),(979,36,33.000000,'2025-08-26 11:03:13'),(980,37,33.000000,'2025-08-26 11:03:13'),(981,38,33.000000,'2025-08-26 11:03:13'),(982,107,33.000000,'2025-08-26 11:03:13'),(983,108,33.000000,'2025-08-26 11:03:13'),(984,109,33.000000,'2025-08-26 11:03:13'),(985,115,33.000000,'2025-08-26 11:03:13'),(986,1,44.000000,'2025-08-26 11:03:44'),(987,2,44.000000,'2025-08-26 11:03:44'),(988,3,44.000000,'2025-08-26 11:03:44'),(989,4,44.000000,'2025-08-26 11:03:44'),(990,5,44.000000,'2025-08-26 11:03:44'),(991,8,44.000000,'2025-08-26 11:03:44'),(992,9,44.000000,'2025-08-26 11:03:44'),(993,10,44.000000,'2025-08-26 11:03:44'),(994,11,44.000000,'2025-08-26 11:03:44'),(995,12,44.000000,'2025-08-26 11:03:44'),(996,13,44.000000,'2025-08-26 11:03:44'),(997,18,44.000000,'2025-08-26 11:03:44'),(998,19,44.000000,'2025-08-26 11:03:44'),(999,20,44.000000,'2025-08-26 11:03:44'),(1000,21,44.000000,'2025-08-26 11:03:44'),(1001,22,44.000000,'2025-08-26 11:03:44'),(1002,23,44.000000,'2025-08-26 11:03:44'),(1003,24,44.000000,'2025-08-26 11:03:44'),(1004,25,44.000000,'2025-08-26 11:03:44'),(1005,26,44.000000,'2025-08-26 11:03:44'),(1006,28,44.000000,'2025-08-26 11:03:44'),(1007,29,44.000000,'2025-08-26 11:03:44'),(1008,30,44.000000,'2025-08-26 11:03:44'),(1009,31,44.000000,'2025-08-26 11:03:44'),(1010,32,44.000000,'2025-08-26 11:03:44'),(1011,33,44.000000,'2025-08-26 11:03:44'),(1012,34,44.000000,'2025-08-26 11:03:44'),(1013,35,44.000000,'2025-08-26 11:03:44'),(1014,36,44.000000,'2025-08-26 11:03:44'),(1015,37,44.000000,'2025-08-26 11:03:44'),(1016,38,44.000000,'2025-08-26 11:03:44'),(1017,107,44.000000,'2025-08-26 11:03:44'),(1018,108,44.000000,'2025-08-26 11:03:44'),(1019,109,44.000000,'2025-08-26 11:03:44'),(1020,115,44.000000,'2025-08-26 11:03:44'),(1021,1,11.000000,'2025-08-26 11:04:10'),(1022,2,11.000000,'2025-08-26 11:04:10'),(1023,3,11.000000,'2025-08-26 11:04:10'),(1024,4,11.000000,'2025-08-26 11:04:10'),(1025,5,11.000000,'2025-08-26 11:04:10'),(1026,8,11.000000,'2025-08-26 11:04:10'),(1027,9,11.000000,'2025-08-26 11:04:10'),(1028,10,11.000000,'2025-08-26 11:04:10'),(1029,11,11.000000,'2025-08-26 11:04:10'),(1030,12,11.000000,'2025-08-26 11:04:10'),(1031,13,11.000000,'2025-08-26 11:04:10'),(1032,18,11.000000,'2025-08-26 11:04:10'),(1033,19,11.000000,'2025-08-26 11:04:10'),(1034,20,11.000000,'2025-08-26 11:04:10'),(1035,21,11.000000,'2025-08-26 11:04:10'),(1036,22,11.000000,'2025-08-26 11:04:10'),(1037,23,11.000000,'2025-08-26 11:04:10'),(1038,24,11.000000,'2025-08-26 11:04:10'),(1039,25,11.000000,'2025-08-26 11:04:10'),(1040,26,11.000000,'2025-08-26 11:04:10'),(1041,28,11.000000,'2025-08-26 11:04:10'),(1042,29,11.000000,'2025-08-26 11:04:10'),(1043,30,11.000000,'2025-08-26 11:04:10'),(1044,31,11.000000,'2025-08-26 11:04:10'),(1045,32,11.000000,'2025-08-26 11:04:10'),(1046,33,11.000000,'2025-08-26 11:04:10'),(1047,34,11.000000,'2025-08-26 11:04:10'),(1048,35,11.000000,'2025-08-26 11:04:10'),(1049,36,11.000000,'2025-08-26 11:04:10'),(1050,37,11.000000,'2025-08-26 11:04:10'),(1051,38,11.000000,'2025-08-26 11:04:10'),(1052,107,11.000000,'2025-08-26 11:04:10'),(1053,108,11.000000,'2025-08-26 11:04:10'),(1054,109,11.000000,'2025-08-26 11:04:10'),(1055,115,11.000000,'2025-08-26 11:04:10'),(1056,1,11.000000,'2025-08-26 11:05:27'),(1057,2,11.000000,'2025-08-26 11:05:27'),(1058,3,11.000000,'2025-08-26 11:05:27'),(1059,4,11.000000,'2025-08-26 11:05:27'),(1060,5,11.000000,'2025-08-26 11:05:27'),(1061,8,11.000000,'2025-08-26 11:05:27'),(1062,9,11.000000,'2025-08-26 11:05:27'),(1063,10,11.000000,'2025-08-26 11:05:27'),(1064,11,11.000000,'2025-08-26 11:05:27'),(1065,12,11.000000,'2025-08-26 11:05:27'),(1066,13,11.000000,'2025-08-26 11:05:27'),(1067,18,11.000000,'2025-08-26 11:05:27'),(1068,19,11.000000,'2025-08-26 11:05:27'),(1069,20,11.000000,'2025-08-26 11:05:27'),(1070,21,11.000000,'2025-08-26 11:05:27'),(1071,22,11.000000,'2025-08-26 11:05:27'),(1072,23,11.000000,'2025-08-26 11:05:27'),(1073,24,11.000000,'2025-08-26 11:05:27'),(1074,25,11.000000,'2025-08-26 11:05:27'),(1075,26,11.000000,'2025-08-26 11:05:27'),(1076,28,11.000000,'2025-08-26 11:05:27'),(1077,29,11.000000,'2025-08-26 11:05:27'),(1078,30,11.000000,'2025-08-26 11:05:27'),(1079,31,11.000000,'2025-08-26 11:05:27'),(1080,32,11.000000,'2025-08-26 11:05:27'),(1081,33,11.000000,'2025-08-26 11:05:27'),(1082,34,11.000000,'2025-08-26 11:05:27'),(1083,35,11.000000,'2025-08-26 11:05:27'),(1084,36,11.000000,'2025-08-26 11:05:27'),(1085,37,11.000000,'2025-08-26 11:05:27'),(1086,38,11.000000,'2025-08-26 11:05:27'),(1087,107,11.000000,'2025-08-26 11:05:27'),(1088,108,11.000000,'2025-08-26 11:05:27'),(1089,109,11.000000,'2025-08-26 11:05:27'),(1090,115,11.000000,'2025-08-26 11:05:27'),(1091,1,1.000000,'2025-08-26 11:06:29'),(1092,2,1.000000,'2025-08-26 11:06:29'),(1093,3,1.000000,'2025-08-26 11:06:29'),(1094,4,1.000000,'2025-08-26 11:06:29'),(1095,5,1.000000,'2025-08-26 11:06:29'),(1096,8,1.000000,'2025-08-26 11:06:29'),(1097,9,1.000000,'2025-08-26 11:06:29'),(1098,10,1.000000,'2025-08-26 11:06:29'),(1099,11,1.000000,'2025-08-26 11:06:29'),(1100,12,1.000000,'2025-08-26 11:06:29'),(1101,13,1.000000,'2025-08-26 11:06:29'),(1102,18,1.000000,'2025-08-26 11:06:29'),(1103,19,1.000000,'2025-08-26 11:06:29'),(1104,20,1.000000,'2025-08-26 11:06:29'),(1105,21,1.000000,'2025-08-26 11:06:29'),(1106,22,1.000000,'2025-08-26 11:06:29'),(1107,23,1.000000,'2025-08-26 11:06:29'),(1108,24,1.000000,'2025-08-26 11:06:29'),(1109,25,1.000000,'2025-08-26 11:06:29'),(1110,26,1.000000,'2025-08-26 11:06:29'),(1111,28,1.000000,'2025-08-26 11:06:29'),(1112,29,1.000000,'2025-08-26 11:06:29'),(1113,30,1.000000,'2025-08-26 11:06:29'),(1114,31,1.000000,'2025-08-26 11:06:29'),(1115,32,1.000000,'2025-08-26 11:06:29'),(1116,33,1.000000,'2025-08-26 11:06:29'),(1117,34,1.000000,'2025-08-26 11:06:29'),(1118,35,1.000000,'2025-08-26 11:06:29'),(1119,36,1.000000,'2025-08-26 11:06:29'),(1120,37,1.000000,'2025-08-26 11:06:29'),(1121,38,1.000000,'2025-08-26 11:06:29'),(1122,107,1.000000,'2025-08-26 11:06:29'),(1123,108,1.000000,'2025-08-26 11:06:29'),(1124,109,1.000000,'2025-08-26 11:06:29'),(1125,115,1.000000,'2025-08-26 11:06:29'),(1126,1,33.000000,'2025-08-26 11:07:13'),(1127,2,33.000000,'2025-08-26 11:07:13'),(1128,3,33.000000,'2025-08-26 11:07:13'),(1129,4,33.000000,'2025-08-26 11:07:13'),(1130,5,33.000000,'2025-08-26 11:07:13'),(1131,8,33.000000,'2025-08-26 11:07:13'),(1132,9,33.000000,'2025-08-26 11:07:13'),(1133,10,33.000000,'2025-08-26 11:07:13'),(1134,11,33.000000,'2025-08-26 11:07:13'),(1135,12,33.000000,'2025-08-26 11:07:13'),(1136,13,33.000000,'2025-08-26 11:07:13'),(1137,18,33.000000,'2025-08-26 11:07:13'),(1138,19,33.000000,'2025-08-26 11:07:13'),(1139,20,33.000000,'2025-08-26 11:07:13'),(1140,21,33.000000,'2025-08-26 11:07:13'),(1141,22,33.000000,'2025-08-26 11:07:13'),(1142,23,33.000000,'2025-08-26 11:07:13'),(1143,24,33.000000,'2025-08-26 11:07:13'),(1144,25,33.000000,'2025-08-26 11:07:13'),(1145,26,33.000000,'2025-08-26 11:07:13'),(1146,28,33.000000,'2025-08-26 11:07:13'),(1147,29,33.000000,'2025-08-26 11:07:13'),(1148,30,33.000000,'2025-08-26 11:07:13'),(1149,31,33.000000,'2025-08-26 11:07:13'),(1150,32,33.000000,'2025-08-26 11:07:13'),(1151,33,33.000000,'2025-08-26 11:07:13'),(1152,34,33.000000,'2025-08-26 11:07:13'),(1153,35,33.000000,'2025-08-26 11:07:13'),(1154,36,33.000000,'2025-08-26 11:07:13'),(1155,37,33.000000,'2025-08-26 11:07:13'),(1156,38,33.000000,'2025-08-26 11:07:13'),(1157,107,33.000000,'2025-08-26 11:07:13'),(1158,108,33.000000,'2025-08-26 11:07:13'),(1159,109,33.000000,'2025-08-26 11:07:13'),(1160,115,33.000000,'2025-08-26 11:07:13'),(1161,1,11.000000,'2025-08-26 11:12:31'),(1162,2,11.000000,'2025-08-26 11:12:31'),(1163,3,11.000000,'2025-08-26 11:12:31'),(1164,4,11.000000,'2025-08-26 11:12:31'),(1165,5,11.000000,'2025-08-26 11:12:31'),(1166,8,11.000000,'2025-08-26 11:12:31'),(1167,9,11.000000,'2025-08-26 11:12:31'),(1168,10,11.000000,'2025-08-26 11:12:31'),(1169,11,11.000000,'2025-08-26 11:12:31'),(1170,12,11.000000,'2025-08-26 11:12:31'),(1171,13,11.000000,'2025-08-26 11:12:31'),(1172,18,11.000000,'2025-08-26 11:12:31'),(1173,19,11.000000,'2025-08-26 11:12:31'),(1174,20,11.000000,'2025-08-26 11:12:31'),(1175,21,11.000000,'2025-08-26 11:12:31'),(1176,22,11.000000,'2025-08-26 11:12:31'),(1177,23,11.000000,'2025-08-26 11:12:31'),(1178,24,11.000000,'2025-08-26 11:12:31'),(1179,25,11.000000,'2025-08-26 11:12:31'),(1180,26,11.000000,'2025-08-26 11:12:31'),(1181,28,11.000000,'2025-08-26 11:12:31'),(1182,29,11.000000,'2025-08-26 11:12:31'),(1183,30,11.000000,'2025-08-26 11:12:31'),(1184,31,11.000000,'2025-08-26 11:12:31'),(1185,32,11.000000,'2025-08-26 11:12:31'),(1186,33,11.000000,'2025-08-26 11:12:31'),(1187,34,11.000000,'2025-08-26 11:12:31'),(1188,35,11.000000,'2025-08-26 11:12:31'),(1189,36,11.000000,'2025-08-26 11:12:31'),(1190,37,11.000000,'2025-08-26 11:12:31'),(1191,38,11.000000,'2025-08-26 11:12:31'),(1192,107,11.000000,'2025-08-26 11:12:31'),(1193,108,11.000000,'2025-08-26 11:12:31'),(1194,109,11.000000,'2025-08-26 11:12:31'),(1195,115,11.000000,'2025-08-26 11:12:31'),(1196,1,22.000000,'2025-08-26 11:12:47'),(1197,2,22.000000,'2025-08-26 11:12:47'),(1198,3,22.000000,'2025-08-26 11:12:47'),(1199,4,22.000000,'2025-08-26 11:12:47'),(1200,5,22.000000,'2025-08-26 11:12:47'),(1201,8,22.000000,'2025-08-26 11:12:47'),(1202,9,22.000000,'2025-08-26 11:12:47'),(1203,10,22.000000,'2025-08-26 11:12:47'),(1204,11,22.000000,'2025-08-26 11:12:47'),(1205,12,22.000000,'2025-08-26 11:12:47'),(1206,13,22.000000,'2025-08-26 11:12:47'),(1207,18,22.000000,'2025-08-26 11:12:47'),(1208,19,22.000000,'2025-08-26 11:12:47'),(1209,20,22.000000,'2025-08-26 11:12:47'),(1210,21,22.000000,'2025-08-26 11:12:47'),(1211,22,22.000000,'2025-08-26 11:12:47'),(1212,23,22.000000,'2025-08-26 11:12:47'),(1213,24,22.000000,'2025-08-26 11:12:47'),(1214,25,22.000000,'2025-08-26 11:12:47'),(1215,26,22.000000,'2025-08-26 11:12:47'),(1216,28,22.000000,'2025-08-26 11:12:47'),(1217,29,22.000000,'2025-08-26 11:12:47'),(1218,30,22.000000,'2025-08-26 11:12:47'),(1219,31,22.000000,'2025-08-26 11:12:47'),(1220,32,22.000000,'2025-08-26 11:12:47'),(1221,33,22.000000,'2025-08-26 11:12:47'),(1222,34,22.000000,'2025-08-26 11:12:47'),(1223,35,22.000000,'2025-08-26 11:12:47'),(1224,36,22.000000,'2025-08-26 11:12:47'),(1225,37,22.000000,'2025-08-26 11:12:47'),(1226,38,22.000000,'2025-08-26 11:12:47'),(1227,107,22.000000,'2025-08-26 11:12:47'),(1228,108,22.000000,'2025-08-26 11:12:47'),(1229,109,22.000000,'2025-08-26 11:12:47'),(1230,115,22.000000,'2025-08-26 11:12:47'),(1231,1,11.000000,'2025-08-26 16:31:20'),(1232,2,11.000000,'2025-08-26 16:31:20'),(1233,3,11.000000,'2025-08-26 16:31:20'),(1234,4,11.000000,'2025-08-26 16:31:20'),(1235,5,11.000000,'2025-08-26 16:31:20'),(1236,8,11.000000,'2025-08-26 16:31:20'),(1237,9,11.000000,'2025-08-26 16:31:20'),(1238,10,11.000000,'2025-08-26 16:31:20'),(1239,11,11.000000,'2025-08-26 16:31:20'),(1240,12,11.000000,'2025-08-26 16:31:20'),(1241,13,11.000000,'2025-08-26 16:31:20'),(1242,18,11.000000,'2025-08-26 16:31:20'),(1243,19,11.000000,'2025-08-26 16:31:20'),(1244,20,11.000000,'2025-08-26 16:31:20'),(1245,21,11.000000,'2025-08-26 16:31:20'),(1246,22,11.000000,'2025-08-26 16:31:20'),(1247,23,11.000000,'2025-08-26 16:31:20'),(1248,24,11.000000,'2025-08-26 16:31:20'),(1249,25,11.000000,'2025-08-26 16:31:20'),(1250,26,11.000000,'2025-08-26 16:31:20'),(1251,28,11.000000,'2025-08-26 16:31:20'),(1252,29,11.000000,'2025-08-26 16:31:20'),(1253,30,11.000000,'2025-08-26 16:31:20'),(1254,31,11.000000,'2025-08-26 16:31:20'),(1255,32,11.000000,'2025-08-26 16:31:20'),(1256,33,11.000000,'2025-08-26 16:31:20'),(1257,34,11.000000,'2025-08-26 16:31:20'),(1258,35,11.000000,'2025-08-26 16:31:20'),(1259,36,11.000000,'2025-08-26 16:31:20'),(1260,37,11.000000,'2025-08-26 16:31:20'),(1261,38,11.000000,'2025-08-26 16:31:20'),(1262,107,11.000000,'2025-08-26 16:31:20'),(1263,108,11.000000,'2025-08-26 16:31:20'),(1264,109,11.000000,'2025-08-26 16:31:20'),(1265,115,11.000000,'2025-08-26 16:31:20'),(1266,1,110.000000,'2025-08-26 19:05:26'),(1267,1,119.440000,'2025-08-26 19:11:50'),(1268,1,75.000000,'2025-08-27 16:50:20'),(1269,2,75.000000,'2025-08-27 16:50:20'),(1270,3,75.000000,'2025-08-27 16:50:20'),(1271,4,75.000000,'2025-08-27 16:50:20'),(1272,5,75.000000,'2025-08-27 16:50:20'),(1273,8,75.000000,'2025-08-27 16:50:20'),(1274,9,75.000000,'2025-08-27 16:50:20'),(1275,10,75.000000,'2025-08-27 16:50:20'),(1276,11,75.000000,'2025-08-27 16:50:20'),(1277,12,75.000000,'2025-08-27 16:50:20'),(1278,13,75.000000,'2025-08-27 16:50:20'),(1279,18,75.000000,'2025-08-27 16:50:20'),(1280,19,75.000000,'2025-08-27 16:50:20'),(1281,20,75.000000,'2025-08-27 16:50:20'),(1282,21,75.000000,'2025-08-27 16:50:20'),(1283,22,75.000000,'2025-08-27 16:50:20'),(1284,23,75.000000,'2025-08-27 16:50:20'),(1285,24,75.000000,'2025-08-27 16:50:20'),(1286,25,75.000000,'2025-08-27 16:50:20'),(1287,26,75.000000,'2025-08-27 16:50:20'),(1288,28,75.000000,'2025-08-27 16:50:20'),(1289,29,75.000000,'2025-08-27 16:50:20'),(1290,30,75.000000,'2025-08-27 16:50:20'),(1291,31,75.000000,'2025-08-27 16:50:20'),(1292,32,75.000000,'2025-08-27 16:50:20'),(1293,33,75.000000,'2025-08-27 16:50:20'),(1294,34,75.000000,'2025-08-27 16:50:20'),(1295,35,75.000000,'2025-08-27 16:50:20'),(1296,36,75.000000,'2025-08-27 16:50:20'),(1297,37,75.000000,'2025-08-27 16:50:20'),(1298,38,75.000000,'2025-08-27 16:50:20'),(1299,107,75.000000,'2025-08-27 16:50:20'),(1300,108,75.000000,'2025-08-27 16:50:20'),(1301,109,75.000000,'2025-08-27 16:50:20'),(1302,115,75.000000,'2025-08-27 16:50:20'),(1303,1,75.000000,'2025-08-28 14:54:17'),(1304,2,75.000000,'2025-08-28 14:54:17'),(1305,3,75.000000,'2025-08-28 14:54:17'),(1306,4,75.000000,'2025-08-28 14:54:17'),(1307,5,75.000000,'2025-08-28 14:54:17'),(1308,8,75.000000,'2025-08-28 14:54:17'),(1309,9,75.000000,'2025-08-28 14:54:17'),(1310,10,75.000000,'2025-08-28 14:54:17'),(1311,11,75.000000,'2025-08-28 14:54:17'),(1312,12,75.000000,'2025-08-28 14:54:17'),(1313,13,75.000000,'2025-08-28 14:54:17'),(1314,18,75.000000,'2025-08-28 14:54:17'),(1315,19,75.000000,'2025-08-28 14:54:17'),(1316,20,75.000000,'2025-08-28 14:54:17'),(1317,21,75.000000,'2025-08-28 14:54:17'),(1318,22,75.000000,'2025-08-28 14:54:17'),(1319,23,75.000000,'2025-08-28 14:54:17'),(1320,24,75.000000,'2025-08-28 14:54:17'),(1321,25,75.000000,'2025-08-28 14:54:17'),(1322,26,75.000000,'2025-08-28 14:54:17'),(1323,28,75.000000,'2025-08-28 14:54:17'),(1324,29,75.000000,'2025-08-28 14:54:17'),(1325,30,75.000000,'2025-08-28 14:54:17'),(1326,31,75.000000,'2025-08-28 14:54:17'),(1327,32,75.000000,'2025-08-28 14:54:17'),(1328,33,75.000000,'2025-08-28 14:54:17'),(1329,34,75.000000,'2025-08-28 14:54:17'),(1330,35,75.000000,'2025-08-28 14:54:17'),(1331,36,75.000000,'2025-08-28 14:54:17'),(1332,37,75.000000,'2025-08-28 14:54:17'),(1333,38,75.000000,'2025-08-28 14:54:17'),(1334,107,75.000000,'2025-08-28 14:54:17'),(1335,108,75.000000,'2025-08-28 14:54:17'),(1336,109,75.000000,'2025-08-28 14:54:17'),(1337,115,75.000000,'2025-08-28 14:54:17'),(1338,1,50.000000,'2025-08-28 16:51:04'),(1339,2,50.000000,'2025-08-28 16:51:04'),(1340,3,50.000000,'2025-08-28 16:51:04'),(1341,4,50.000000,'2025-08-28 16:51:04'),(1342,5,50.000000,'2025-08-28 16:51:04'),(1343,8,50.000000,'2025-08-28 16:51:04'),(1344,9,50.000000,'2025-08-28 16:51:04'),(1345,10,50.000000,'2025-08-28 16:51:04'),(1346,11,50.000000,'2025-08-28 16:51:04'),(1347,12,50.000000,'2025-08-28 16:51:04'),(1348,13,50.000000,'2025-08-28 16:51:04'),(1349,18,50.000000,'2025-08-28 16:51:04'),(1350,19,50.000000,'2025-08-28 16:51:04'),(1351,20,50.000000,'2025-08-28 16:51:04'),(1352,21,50.000000,'2025-08-28 16:51:04'),(1353,22,50.000000,'2025-08-28 16:51:04'),(1354,23,50.000000,'2025-08-28 16:51:04'),(1355,24,50.000000,'2025-08-28 16:51:04'),(1356,25,50.000000,'2025-08-28 16:51:04'),(1357,26,50.000000,'2025-08-28 16:51:04'),(1358,28,50.000000,'2025-08-28 16:51:04'),(1359,29,50.000000,'2025-08-28 16:51:04'),(1360,30,50.000000,'2025-08-28 16:51:04'),(1361,31,50.000000,'2025-08-28 16:51:04'),(1362,32,50.000000,'2025-08-28 16:51:04'),(1363,33,50.000000,'2025-08-28 16:51:04'),(1364,34,50.000000,'2025-08-28 16:51:04'),(1365,35,50.000000,'2025-08-28 16:51:04'),(1366,36,50.000000,'2025-08-28 16:51:04'),(1367,37,50.000000,'2025-08-28 16:51:04'),(1368,38,50.000000,'2025-08-28 16:51:04'),(1369,107,50.000000,'2025-08-28 16:51:04'),(1370,108,50.000000,'2025-08-28 16:51:04'),(1371,109,50.000000,'2025-08-28 16:51:04'),(1372,115,50.000000,'2025-08-28 16:51:04'),(1373,1,10.000000,'2025-08-28 17:23:21'),(1374,2,10.000000,'2025-08-28 17:23:21'),(1375,3,10.000000,'2025-08-28 17:23:21'),(1376,4,10.000000,'2025-08-28 17:23:21'),(1377,5,10.000000,'2025-08-28 17:23:21'),(1378,8,10.000000,'2025-08-28 17:23:21'),(1379,9,10.000000,'2025-08-28 17:23:21'),(1380,10,10.000000,'2025-08-28 17:23:21'),(1381,11,10.000000,'2025-08-28 17:23:21'),(1382,12,10.000000,'2025-08-28 17:23:21'),(1383,13,10.000000,'2025-08-28 17:23:21'),(1384,18,10.000000,'2025-08-28 17:23:21'),(1385,19,10.000000,'2025-08-28 17:23:21'),(1386,20,10.000000,'2025-08-28 17:23:21'),(1387,21,10.000000,'2025-08-28 17:23:21'),(1388,22,10.000000,'2025-08-28 17:23:21'),(1389,23,10.000000,'2025-08-28 17:23:21'),(1390,24,10.000000,'2025-08-28 17:23:21'),(1391,25,10.000000,'2025-08-28 17:23:21'),(1392,26,10.000000,'2025-08-28 17:23:21'),(1393,28,10.000000,'2025-08-28 17:23:21'),(1394,29,10.000000,'2025-08-28 17:23:21'),(1395,30,10.000000,'2025-08-28 17:23:21'),(1396,31,10.000000,'2025-08-28 17:23:21'),(1397,32,10.000000,'2025-08-28 17:23:21'),(1398,33,10.000000,'2025-08-28 17:23:21'),(1399,34,10.000000,'2025-08-28 17:23:21'),(1400,35,10.000000,'2025-08-28 17:23:21'),(1401,36,10.000000,'2025-08-28 17:23:21'),(1402,37,10.000000,'2025-08-28 17:23:21'),(1403,38,10.000000,'2025-08-28 17:23:21'),(1404,107,10.000000,'2025-08-28 17:23:21'),(1405,108,10.000000,'2025-08-28 17:23:21'),(1406,109,10.000000,'2025-08-28 17:23:21'),(1407,115,10.000000,'2025-08-28 17:23:21'),(1408,1,10.000000,'2025-08-28 17:56:03'),(1409,2,10.000000,'2025-08-28 17:56:03'),(1410,3,10.000000,'2025-08-28 17:56:03'),(1411,4,10.000000,'2025-08-28 17:56:03'),(1412,5,10.000000,'2025-08-28 17:56:03'),(1413,8,10.000000,'2025-08-28 17:56:03'),(1414,9,10.000000,'2025-08-28 17:56:03'),(1415,10,10.000000,'2025-08-28 17:56:03'),(1416,11,10.000000,'2025-08-28 17:56:03'),(1417,12,10.000000,'2025-08-28 17:56:03'),(1418,13,10.000000,'2025-08-28 17:56:03'),(1419,18,10.000000,'2025-08-28 17:56:03'),(1420,19,10.000000,'2025-08-28 17:56:03'),(1421,20,10.000000,'2025-08-28 17:56:03'),(1422,21,10.000000,'2025-08-28 17:56:03'),(1423,22,10.000000,'2025-08-28 17:56:03'),(1424,23,10.000000,'2025-08-28 17:56:03'),(1425,24,10.000000,'2025-08-28 17:56:03'),(1426,25,10.000000,'2025-08-28 17:56:03'),(1427,26,10.000000,'2025-08-28 17:56:03'),(1428,28,10.000000,'2025-08-28 17:56:03'),(1429,29,10.000000,'2025-08-28 17:56:03'),(1430,30,10.000000,'2025-08-28 17:56:03'),(1431,31,10.000000,'2025-08-28 17:56:03'),(1432,32,10.000000,'2025-08-28 17:56:03'),(1433,33,10.000000,'2025-08-28 17:56:03'),(1434,34,10.000000,'2025-08-28 17:56:03'),(1435,35,10.000000,'2025-08-28 17:56:03'),(1436,36,10.000000,'2025-08-28 17:56:03'),(1437,37,10.000000,'2025-08-28 17:56:03'),(1438,38,10.000000,'2025-08-28 17:56:03'),(1439,107,10.000000,'2025-08-28 17:56:03'),(1440,108,10.000000,'2025-08-28 17:56:03'),(1441,109,10.000000,'2025-08-28 17:56:03'),(1442,115,10.000000,'2025-08-28 17:56:03'),(1443,1,100.000000,'2025-08-28 18:01:54'),(1444,2,100.000000,'2025-08-28 18:01:54'),(1445,3,100.000000,'2025-08-28 18:01:54'),(1446,4,100.000000,'2025-08-28 18:01:54'),(1447,5,100.000000,'2025-08-28 18:01:54'),(1448,8,100.000000,'2025-08-28 18:01:54'),(1449,9,100.000000,'2025-08-28 18:01:54'),(1450,10,100.000000,'2025-08-28 18:01:54'),(1451,11,100.000000,'2025-08-28 18:01:54'),(1452,12,100.000000,'2025-08-28 18:01:54'),(1453,13,100.000000,'2025-08-28 18:01:54'),(1454,18,100.000000,'2025-08-28 18:01:54'),(1455,19,100.000000,'2025-08-28 18:01:54'),(1456,20,100.000000,'2025-08-28 18:01:54'),(1457,21,100.000000,'2025-08-28 18:01:54'),(1458,22,100.000000,'2025-08-28 18:01:54'),(1459,23,100.000000,'2025-08-28 18:01:54'),(1460,24,100.000000,'2025-08-28 18:01:54'),(1461,25,100.000000,'2025-08-28 18:01:54'),(1462,26,100.000000,'2025-08-28 18:01:54'),(1463,28,100.000000,'2025-08-28 18:01:54'),(1464,29,100.000000,'2025-08-28 18:01:54'),(1465,30,100.000000,'2025-08-28 18:01:54'),(1466,31,100.000000,'2025-08-28 18:01:54'),(1467,32,100.000000,'2025-08-28 18:01:54'),(1468,33,100.000000,'2025-08-28 18:01:54'),(1469,34,100.000000,'2025-08-28 18:01:54'),(1470,35,100.000000,'2025-08-28 18:01:54'),(1471,36,100.000000,'2025-08-28 18:01:54'),(1472,37,100.000000,'2025-08-28 18:01:54'),(1473,38,100.000000,'2025-08-28 18:01:54'),(1474,107,100.000000,'2025-08-28 18:01:54'),(1475,108,100.000000,'2025-08-28 18:01:54'),(1476,109,100.000000,'2025-08-28 18:01:54'),(1477,115,100.000000,'2025-08-28 18:01:54'),(1478,1,100.000000,'2025-08-28 18:15:22'),(1479,2,100.000000,'2025-08-28 18:15:22'),(1480,3,100.000000,'2025-08-28 18:15:22'),(1481,4,100.000000,'2025-08-28 18:15:22'),(1482,5,100.000000,'2025-08-28 18:15:22'),(1483,8,100.000000,'2025-08-28 18:15:22'),(1484,9,100.000000,'2025-08-28 18:15:22'),(1485,10,100.000000,'2025-08-28 18:15:22'),(1486,11,100.000000,'2025-08-28 18:15:22'),(1487,12,100.000000,'2025-08-28 18:15:22'),(1488,13,100.000000,'2025-08-28 18:15:22'),(1489,18,100.000000,'2025-08-28 18:15:22'),(1490,19,100.000000,'2025-08-28 18:15:22'),(1491,20,100.000000,'2025-08-28 18:15:22'),(1492,21,100.000000,'2025-08-28 18:15:22'),(1493,22,100.000000,'2025-08-28 18:15:22'),(1494,23,100.000000,'2025-08-28 18:15:22'),(1495,24,100.000000,'2025-08-28 18:15:22'),(1496,25,100.000000,'2025-08-28 18:15:22'),(1497,26,100.000000,'2025-08-28 18:15:22'),(1498,28,100.000000,'2025-08-28 18:15:22'),(1499,29,100.000000,'2025-08-28 18:15:22'),(1500,30,100.000000,'2025-08-28 18:15:22'),(1501,31,100.000000,'2025-08-28 18:15:22'),(1502,32,100.000000,'2025-08-28 18:15:22'),(1503,33,100.000000,'2025-08-28 18:15:22'),(1504,34,100.000000,'2025-08-28 18:15:22'),(1505,35,100.000000,'2025-08-28 18:15:22'),(1506,36,100.000000,'2025-08-28 18:15:22'),(1507,37,100.000000,'2025-08-28 18:15:22'),(1508,38,100.000000,'2025-08-28 18:15:22'),(1509,107,100.000000,'2025-08-28 18:15:22'),(1510,108,100.000000,'2025-08-28 18:15:22'),(1511,109,100.000000,'2025-08-28 18:15:22'),(1512,115,100.000000,'2025-08-28 18:15:22'),(1513,1,120.000000,'2025-08-28 19:17:22'),(1514,2,120.000000,'2025-08-28 19:17:22'),(1515,3,120.000000,'2025-08-28 19:17:22'),(1516,4,120.000000,'2025-08-28 19:17:22'),(1517,5,120.000000,'2025-08-28 19:17:22'),(1518,8,120.000000,'2025-08-28 19:17:22'),(1519,9,120.000000,'2025-08-28 19:17:22'),(1520,10,120.000000,'2025-08-28 19:17:22'),(1521,11,120.000000,'2025-08-28 19:17:22'),(1522,12,120.000000,'2025-08-28 19:17:22'),(1523,13,120.000000,'2025-08-28 19:17:22'),(1524,18,120.000000,'2025-08-28 19:17:22'),(1525,19,120.000000,'2025-08-28 19:17:22'),(1526,20,120.000000,'2025-08-28 19:17:22'),(1527,21,120.000000,'2025-08-28 19:17:22'),(1528,22,120.000000,'2025-08-28 19:17:22'),(1529,23,120.000000,'2025-08-28 19:17:22'),(1530,24,120.000000,'2025-08-28 19:17:22'),(1531,25,120.000000,'2025-08-28 19:17:22'),(1532,26,120.000000,'2025-08-28 19:17:22'),(1533,28,120.000000,'2025-08-28 19:17:22'),(1534,29,120.000000,'2025-08-28 19:17:22'),(1535,30,120.000000,'2025-08-28 19:17:22'),(1536,31,120.000000,'2025-08-28 19:17:22'),(1537,32,120.000000,'2025-08-28 19:17:22'),(1538,33,120.000000,'2025-08-28 19:17:22'),(1539,34,120.000000,'2025-08-28 19:17:22'),(1540,35,120.000000,'2025-08-28 19:17:22'),(1541,36,120.000000,'2025-08-28 19:17:22'),(1542,37,120.000000,'2025-08-28 19:17:22'),(1543,38,120.000000,'2025-08-28 19:17:22'),(1544,107,120.000000,'2025-08-28 19:17:22'),(1545,108,120.000000,'2025-08-28 19:17:22'),(1546,109,120.000000,'2025-08-28 19:17:22'),(1547,115,120.000000,'2025-08-28 19:17:22');
/*!40000 ALTER TABLE `operator_temperatures` ENABLE KEYS */;
UNLOCK TABLES;

--
-- Table structure for table `partie_historia`
--

DROP TABLE IF EXISTS `partie_historia`;
/*!40101 SET @saved_cs_client     = @@character_set_client */;
/*!50503 SET character_set_client = utf8mb4 */;
CREATE TABLE `partie_historia` (
  `id` int NOT NULL AUTO_INCREMENT,
  `id_partii_surowca` int NOT NULL,
  `typ_operacji` enum('UTWORZENIE','TRANSFER','FILTRACJA','MIESZANIE','DZIELENIE','ZMIANA_STANU','POBOR_PROBKI','ZATWIERDZENIE') CHARACTER SET utf8mb4 COLLATE utf8mb4_0900_ai_ci NOT NULL,
  `data_operacji` timestamp NULL DEFAULT CURRENT_TIMESTAMP,
  `operator` varchar(100) CHARACTER SET utf8mb4 COLLATE utf8mb4_0900_ai_ci DEFAULT NULL,
  `lokalizacja_przed` varchar(100) CHARACTER SET utf8mb4 COLLATE utf8mb4_0900_ai_ci DEFAULT NULL,
  `lokalizacja_po` varchar(100) CHARACTER SET utf8mb4 COLLATE utf8mb4_0900_ai_ci DEFAULT NULL,
  `waga_przed` decimal(10,3) DEFAULT NULL,
  `waga_po` decimal(10,3) DEFAULT NULL,
  `parametry_operacji` json DEFAULT NULL,
  `opis_operacji` text CHARACTER SET utf8mb4 COLLATE utf8mb4_0900_ai_ci,
  `id_operacji_log` int DEFAULT NULL,
  PRIMARY KEY (`id`),
  KEY `idx_partia` (`id_partii_surowca`),
  KEY `idx_typ_operacji` (`typ_operacji`),
  KEY `idx_data_operacji` (`data_operacji`),
  KEY `id_operacji_log` (`id_operacji_log`),
  CONSTRAINT `partie_historia_ibfk_1` FOREIGN KEY (`id_partii_surowca`) REFERENCES `partie_surowca` (`id`) ON DELETE CASCADE,
  CONSTRAINT `partie_historia_ibfk_2` FOREIGN KEY (`id_operacji_log`) REFERENCES `operacje_log` (`id`) ON DELETE SET NULL
) ENGINE=InnoDB AUTO_INCREMENT=4 DEFAULT CHARSET=utf8mb4 COLLATE=utf8mb4_unicode_ci;
/*!40101 SET character_set_client = @saved_cs_client */;

--
-- Dumping data for table `partie_historia`
--

LOCK TABLES `partie_historia` WRITE;
/*!40000 ALTER TABLE `partie_historia` DISABLE KEYS */;
/*!40000 ALTER TABLE `partie_historia` ENABLE KEYS */;
UNLOCK TABLES;

--
-- Table structure for table `partie_powiazania`
--

DROP TABLE IF EXISTS `partie_powiazania`;
/*!40101 SET @saved_cs_client     = @@character_set_client */;
/*!50503 SET character_set_client = utf8mb4 */;
CREATE TABLE `partie_powiazania` (
  `id` int NOT NULL AUTO_INCREMENT,
  `partia_zrodlowa_id` int NOT NULL,
  `partia_docelowa_id` int NOT NULL,
  `typ_powiazania` enum('DZIELENIE','LACZENIE','TRANSFORMACJA') CHARACTER SET utf8mb4 COLLATE utf8mb4_0900_ai_ci NOT NULL,
  `procent_udzialu` decimal(5,2) DEFAULT NULL,
  `data_powiazania` timestamp NULL DEFAULT CURRENT_TIMESTAMP,
  `id_operacji_log` int DEFAULT NULL,
  `uwagi` text CHARACTER SET utf8mb4 COLLATE utf8mb4_0900_ai_ci,
  PRIMARY KEY (`id`),
  KEY `idx_partia_zrodlowa` (`partia_zrodlowa_id`),
  KEY `idx_partia_docelowa` (`partia_docelowa_id`),
  KEY `idx_typ_powiazania` (`typ_powiazania`),
  KEY `id_operacji_log` (`id_operacji_log`),
  CONSTRAINT `partie_powiazania_ibfk_1` FOREIGN KEY (`partia_zrodlowa_id`) REFERENCES `partie_surowca` (`id`) ON DELETE CASCADE,
  CONSTRAINT `partie_powiazania_ibfk_2` FOREIGN KEY (`partia_docelowa_id`) REFERENCES `partie_surowca` (`id`) ON DELETE CASCADE,
  CONSTRAINT `partie_powiazania_ibfk_3` FOREIGN KEY (`id_operacji_log`) REFERENCES `operacje_log` (`id`) ON DELETE SET NULL
) ENGINE=InnoDB DEFAULT CHARSET=utf8mb4 COLLATE=utf8mb4_unicode_ci;
/*!40101 SET character_set_client = @saved_cs_client */;

--
-- Dumping data for table `partie_powiazania`
--

LOCK TABLES `partie_powiazania` WRITE;
/*!40000 ALTER TABLE `partie_powiazania` DISABLE KEYS */;
/*!40000 ALTER TABLE `partie_powiazania` ENABLE KEYS */;
UNLOCK TABLES;

--
-- Table structure for table `partie_probki`
--

DROP TABLE IF EXISTS `partie_probki`;
/*!40101 SET @saved_cs_client     = @@character_set_client */;
/*!50503 SET character_set_client = utf8mb4 */;
CREATE TABLE `partie_probki` (
  `id` int NOT NULL AUTO_INCREMENT,
  `id_partii_surowca` int NOT NULL,
  `numer_probki` varchar(50) CHARACTER SET utf8mb4 COLLATE utf8mb4_0900_ai_ci NOT NULL,
  `data_pobrania` timestamp NULL DEFAULT CURRENT_TIMESTAMP,
  `pobrana_przez` varchar(100) CHARACTER SET utf8mb4 COLLATE utf8mb4_0900_ai_ci DEFAULT NULL,
  `lokalizacja_pobrania` varchar(100) CHARACTER SET utf8mb4 COLLATE utf8mb4_0900_ai_ci DEFAULT NULL,
  `typ_probki` enum('RUTYNOWA','KONTROLNA','REKLAMACYJNA','WALIDACYJNA') CHARACTER SET utf8mb4 COLLATE utf8mb4_0900_ai_ci DEFAULT 'RUTYNOWA',
  `status_probki` enum('POBRANA','W_ANALIZIE','ZATWIERDZONA','ODRZUCONA') CHARACTER SET utf8mb4 COLLATE utf8mb4_0900_ai_ci DEFAULT 'POBRANA',
  `wyniki_analizy` json DEFAULT NULL,
  `data_analizy` timestamp NULL DEFAULT NULL,
  `analizowana_przez` varchar(100) CHARACTER SET utf8mb4 COLLATE utf8mb4_0900_ai_ci DEFAULT NULL,
  `uwagi` text CHARACTER SET utf8mb4 COLLATE utf8mb4_0900_ai_ci,
  PRIMARY KEY (`id`),
  UNIQUE KEY `numer_probki` (`numer_probki`),
  KEY `idx_partia` (`id_partii_surowca`),
  KEY `idx_numer_probki` (`numer_probki`),
  KEY `idx_status` (`status_probki`),
  KEY `idx_data_pobrania` (`data_pobrania`),
  CONSTRAINT `partie_probki_ibfk_1` FOREIGN KEY (`id_partii_surowca`) REFERENCES `partie_surowca` (`id`) ON DELETE CASCADE
) ENGINE=InnoDB DEFAULT CHARSET=utf8mb4 COLLATE=utf8mb4_unicode_ci;
/*!40101 SET character_set_client = @saved_cs_client */;

--
-- Dumping data for table `partie_probki`
--

LOCK TABLES `partie_probki` WRITE;
/*!40000 ALTER TABLE `partie_probki` DISABLE KEYS */;
/*!40000 ALTER TABLE `partie_probki` ENABLE KEYS */;
UNLOCK TABLES;

--
-- Table structure for table `partie_skladniki`
--

DROP TABLE IF EXISTS `partie_skladniki`;
/*!40101 SET @saved_cs_client     = @@character_set_client */;
/*!50503 SET character_set_client = utf8mb4 */;
CREATE TABLE `partie_skladniki` (
  `id` int NOT NULL AUTO_INCREMENT,
  `id_partii_wynikowej` int NOT NULL,
  `id_partii_skladowej` int NOT NULL,
  `waga_skladowa_kg` decimal(10,2) NOT NULL,
  `data_dodania` timestamp NULL DEFAULT CURRENT_TIMESTAMP,
  PRIMARY KEY (`id`),
  KEY `idx_partia_wynikowa` (`id_partii_wynikowej`),
  KEY `idx_partia_skladowa` (`id_partii_skladowej`),
  CONSTRAINT `fk_partia_skladowa` FOREIGN KEY (`id_partii_skladowej`) REFERENCES `partie_surowca` (`id`) ON DELETE RESTRICT,
  CONSTRAINT `fk_partia_wynikowa` FOREIGN KEY (`id_partii_wynikowej`) REFERENCES `partie_surowca` (`id`) ON DELETE CASCADE
) ENGINE=InnoDB AUTO_INCREMENT=54 DEFAULT CHARSET=utf8mb4 COLLATE=utf8mb4_unicode_ci COMMENT='Tabela czca partie-mieszaniny z ich skadnikami.';
/*!40101 SET character_set_client = @saved_cs_client */;

--
-- Dumping data for table `partie_skladniki`
--

LOCK TABLES `partie_skladniki` WRITE;
/*!40000 ALTER TABLE `partie_skladniki` DISABLE KEYS */;
INSERT INTO `partie_skladniki` VALUES (33,72,71,1800.00,'2025-08-08 19:04:13'),(34,73,71,5000.00,'2025-08-09 17:57:43'),(35,75,65,7500.00,'2025-08-12 22:05:14'),(36,75,74,1000.00,'2025-08-12 22:05:14'),(37,76,72,1800.00,'2025-08-13 17:52:04'),(38,76,74,1000.00,'2025-08-13 17:52:04'),(39,78,74,1500.00,'2025-08-13 19:26:18'),(40,79,76,2800.00,'2025-08-13 20:11:32'),(41,79,74,700.00,'2025-08-13 20:11:32'),(42,81,75,8500.00,'2025-08-13 20:19:11'),(43,81,80,20.00,'2025-08-13 20:19:11'),(44,82,81,8520.00,'2025-08-13 20:30:13'),(45,82,80,200.00,'2025-08-13 20:30:13'),(46,83,82,8720.00,'2025-08-13 20:30:33'),(47,83,80,200.00,'2025-08-13 20:30:33'),(48,84,83,8920.00,'2025-08-13 20:31:31'),(49,84,80,300.00,'2025-08-13 20:31:31'),(50,86,84,9220.00,'2025-08-13 20:34:11'),(51,86,85,5.00,'2025-08-13 20:34:11'),(52,87,86,9225.00,'2025-08-13 21:28:29'),(53,87,85,100.00,'2025-08-13 21:28:29');
/*!40000 ALTER TABLE `partie_skladniki` ENABLE KEYS */;
UNLOCK TABLES;

--
-- Table structure for table `partie_statusy`
--

DROP TABLE IF EXISTS `partie_statusy`;
/*!40101 SET @saved_cs_client     = @@character_set_client */;
/*!50503 SET character_set_client = utf8mb4 */;
CREATE TABLE `partie_statusy` (
  `id_partii` int NOT NULL,
  `id_statusu` int NOT NULL,
  `data_nadania` timestamp NULL DEFAULT CURRENT_TIMESTAMP,
  PRIMARY KEY (`id_partii`,`id_statusu`),
  KEY `id_statusu` (`id_statusu`),
  CONSTRAINT `partie_statusy_ibfk_1` FOREIGN KEY (`id_partii`) REFERENCES `partie_surowca` (`id`) ON DELETE CASCADE,
  CONSTRAINT `partie_statusy_ibfk_2` FOREIGN KEY (`id_statusu`) REFERENCES `statusy` (`id`) ON DELETE CASCADE
) ENGINE=InnoDB DEFAULT CHARSET=utf8mb4 COLLATE=utf8mb4_unicode_ci COMMENT='Przypisuje wiele statusw do jednej partii';
/*!40101 SET character_set_client = @saved_cs_client */;

--
-- Dumping data for table `partie_statusy`
--

LOCK TABLES `partie_statusy` WRITE;
/*!40000 ALTER TABLE `partie_statusy` DISABLE KEYS */;
/*!40000 ALTER TABLE `partie_statusy` ENABLE KEYS */;
UNLOCK TABLES;

--
-- Table structure for table `partie_surowca`
--

DROP TABLE IF EXISTS `partie_surowca`;
/*!40101 SET @saved_cs_client     = @@character_set_client */;
/*!50503 SET character_set_client = utf8mb4 */;
CREATE TABLE `partie_surowca` (
  `id` int NOT NULL AUTO_INCREMENT,
  `unikalny_kod` varchar(50) CHARACTER SET utf8mb4 COLLATE utf8mb4_0900_ai_ci NOT NULL COMMENT 'Identyfikator partii, np. T10-20231027-1430-APOLLO',
  `typ_surowca` varchar(50) CHARACTER SET utf8mb4 COLLATE utf8mb4_0900_ai_ci DEFAULT NULL,
  `zrodlo_pochodzenia` enum('apollo','cysterna') CHARACTER SET utf8mb4 COLLATE utf8mb4_0900_ai_ci NOT NULL,
  `waga_poczatkowa_kg` decimal(10,2) NOT NULL,
  `waga_aktualna_kg` decimal(10,2) DEFAULT NULL,
  `data_utworzenia` timestamp NULL DEFAULT CURRENT_TIMESTAMP,
  `id_sprzetu` int DEFAULT NULL,
  `nazwa_partii` varchar(100) CHARACTER SET utf8mb4 COLLATE utf8mb4_0900_ai_ci NOT NULL,
  `rodzaj_surowca` varchar(50) CHARACTER SET utf8mb4 COLLATE utf8mb4_0900_ai_ci DEFAULT NULL,
  `id_aktualnego_sprzetu` int DEFAULT NULL,
  `status_partii` enum('W magazynie brudnym','Surowy w reaktorze','Budowanie placka','Przelewanie','Filtrowanie','Oczekiwanie na ocen','Do ponownej filtracji','Dobielanie','Gotowy do wysania','W magazynie czystym','Archiwalna') COLLATE utf8mb4_unicode_ci NOT NULL,
  `aktualny_etap_procesu` enum('surowy','placek','przelew','w_kole','ocena_probki','dmuchanie','gotowy','wydmuch') CHARACTER SET utf8mb4 COLLATE utf8mb4_0900_ai_ci DEFAULT 'surowy',
  `numer_cyklu_aktualnego` int DEFAULT '0',
  `czas_rozpoczecia_etapu` datetime DEFAULT NULL,
  `planowany_czas_zakonczenia` datetime DEFAULT NULL,
  `id_aktualnego_filtra` varchar(10) CHARACTER SET utf8mb4 COLLATE utf8mb4_0900_ai_ci DEFAULT NULL,
  `reaktor_docelowy` varchar(10) CHARACTER SET utf8mb4 COLLATE utf8mb4_0900_ai_ci DEFAULT NULL,
  `ilosc_cykli_filtracyjnych` int DEFAULT '0',
  `historia_operacji` json DEFAULT NULL,
  `typ_transformacji` enum('NOWA','TRANSFER','FILTRACJA','MIESZANIE','DZIELENIE') CHARACTER SET utf8mb4 COLLATE utf8mb4_0900_ai_ci DEFAULT 'NOWA',
  `etap_procesu` enum('SUROWA','W_PROCESIE','FILTROWANA','GOTOWA','ZATWIERDZONA','ODRZUCONA') CHARACTER SET utf8mb4 COLLATE utf8mb4_0900_ai_ci DEFAULT 'SUROWA',
  `pochodzenie_opis` text CHARACTER SET utf8mb4 COLLATE utf8mb4_0900_ai_ci,
  `data_ostatniej_modyfikacji` timestamp NULL DEFAULT CURRENT_TIMESTAMP ON UPDATE CURRENT_TIMESTAMP,
  `utworzona_przez` varchar(100) CHARACTER SET utf8mb4 COLLATE utf8mb4_0900_ai_ci DEFAULT NULL,
  `certyfikat_jakosci` text CHARACTER SET utf8mb4 COLLATE utf8mb4_0900_ai_ci,
  `uwagi_operatora` text CHARACTER SET utf8mb4 COLLATE utf8mb4_0900_ai_ci,
  PRIMARY KEY (`id`),
  UNIQUE KEY `unikalny_kod` (`unikalny_kod`),
  UNIQUE KEY `nazwa_partii` (`nazwa_partii`),
  KEY `id_sprzetu` (`id_sprzetu`),
  KEY `idx_typ_transformacji` (`typ_transformacji`),
  KEY `idx_etap_procesu` (`etap_procesu`),
  CONSTRAINT `partie_surowca_ibfk_1` FOREIGN KEY (`id_sprzetu`) REFERENCES `sprzet` (`id`) ON DELETE SET NULL
) ENGINE=InnoDB AUTO_INCREMENT=98 DEFAULT CHARSET=utf8mb4 COLLATE=utf8mb4_unicode_ci COMMENT='Kady wiersz to unikalna partia produkcyjna surowca';
/*!40101 SET character_set_client = @saved_cs_client */;

--
-- Dumping data for table `partie_surowca`
--

LOCK TABLES `partie_surowca` WRITE;
/*!40000 ALTER TABLE `partie_surowca` DISABLE KEYS */;
INSERT INTO `partie_surowca` VALUES (64,'BRUD-20250804-AP1-B1b-001','T10','apollo',10000.00,10000.00,'2025-08-04 17:54:32',8,'BRUD-20250804-AP1-B1b-001',NULL,NULL,'W magazynie brudnym','surowy',0,NULL,NULL,NULL,NULL,0,NULL,'TRANSFER','SUROWA','Roztankowanie z AP1 w ramach operacji ID: 155','2025-08-04 17:54:32',NULL,NULL,NULL),(65,'SUR-20250805-AP1-R1-001','T10','apollo',7500.00,7500.00,'2025-08-05 15:02:05',NULL,'SUR-20250805-AP1-R1-001',NULL,NULL,'Archiwalna','surowy',0,NULL,NULL,NULL,NULL,0,NULL,'TRANSFER','SUROWA','Roztankowanie z AP1 w ramach operacji ID: 156','2025-08-12 22:05:14',NULL,NULL,NULL),(66,'P-R2-250805-01','T10','apollo',5000.00,7170.00,'2025-08-05 17:10:31',2,'P-R2-250805-01',NULL,NULL,'Surowy w reaktorze','surowy',0,NULL,NULL,NULL,NULL,0,NULL,'TRANSFER','SUROWA','Roztankowanie z AP1 w ramach operacji ID: 157','2025-08-13 21:30:49',NULL,NULL,NULL),(71,'AP1-20250808-191052','T10','apollo',1500.00,-800.00,'2025-08-08 17:10:52',NULL,'Partia w AP1 (T10) - 20250808-191052',NULL,NULL,'Archiwalna','surowy',0,NULL,NULL,NULL,NULL,0,NULL,'NOWA','SUROWA',NULL,'2025-08-10 13:38:50',NULL,NULL,NULL),(72,'T10-20250808_210413-AP1-R3','T10','apollo',1800.00,1800.00,'2025-08-08 19:04:13',NULL,'T10-20250808_210413-AP1-R3',NULL,NULL,'Archiwalna','surowy',0,NULL,NULL,NULL,NULL,0,NULL,'TRANSFER','SUROWA','Roztankowanie z AP1 w ramach operacji ID: 161','2025-08-13 17:52:04',NULL,NULL,NULL),(73,'T10-20250809_195743-AP1-R4','T10','apollo',5000.00,5400.00,'2025-08-09 17:57:43',4,'T10-20250809_195743-AP1-R4',NULL,NULL,'Surowy w reaktorze','surowy',0,NULL,NULL,NULL,NULL,0,NULL,'TRANSFER','SUROWA','Roztankowanie z AP1 w ramach operacji ID: 162','2025-08-13 21:32:54',NULL,NULL,NULL),(74,'AP1-20250810-153906','38-2/L','apollo',6000.00,5800.00,'2025-08-10 13:39:06',NULL,'Partia w AP1 (38-2/L) - 20250810-153906',NULL,NULL,'Archiwalna','surowy',0,NULL,NULL,NULL,NULL,0,NULL,'NOWA','SUROWA',NULL,'2025-08-13 20:12:21',NULL,NULL,NULL),(75,'MIX-20250813_000515-AP1-R1','MIX(38-2/L, T10)','apollo',8500.00,8500.00,'2025-08-12 22:05:14',NULL,'MIX-20250813_000515-AP1-R1',NULL,NULL,'Archiwalna','surowy',0,NULL,NULL,NULL,NULL,0,NULL,'MIESZANIE','SUROWA','Mieszanina stworzona z: 7500.00kg partii \'SUR-20250805-AP1-R1-001\' (T10) oraz 1000.0kg transferu z Apollo (38-2/L).','2025-08-13 20:19:11',NULL,NULL,NULL),(76,'MIX-20250813_195206-AP1-R3','MIX(38-2/L, T10)','apollo',2800.00,2800.00,'2025-08-13 17:52:04',NULL,'MIX-20250813_195206-AP1-R3',NULL,NULL,'Archiwalna','surowy',0,NULL,NULL,NULL,NULL,0,NULL,'MIESZANIE','SUROWA','Mieszanina stworzona z: 1800.00kg partii \'T10-20250808_210413-AP1-R3\' (T10) oraz 1000.0kg transferu z Apollo (38-2/L).','2025-08-13 20:11:32',NULL,NULL,NULL),(77,'19-20250813_195226-DOSTAWA','19','cysterna',0.02,0.02,'2025-08-13 17:52:26',37,'19-20250813_195226-DOSTAWA',NULL,NULL,'Surowy w reaktorze','surowy',0,NULL,NULL,NULL,NULL,0,NULL,'NOWA','SUROWA','Dostawca: www, Pojazd: sc 12345, Dokument: wz xyz, Surowiec: 19, Waga: 0.02 kg','2025-08-13 17:52:26',NULL,NULL,NULL),(78,'38-2/L-20250813_212618-AP1-R5','38-2/L','apollo',1500.00,1500.00,'2025-08-13 19:26:18',5,'38-2/L-20250813_212618-AP1-R5',NULL,NULL,'Surowy w reaktorze','surowy',0,NULL,NULL,NULL,NULL,0,NULL,'TRANSFER','SUROWA','Roztankowanie z AP1 w ramach operacji ID: 166','2025-08-13 19:26:18',NULL,NULL,NULL),(79,'MIX-20250813_221132-AP1-R3','MIX(38-2/L, T10)','apollo',3500.00,3500.00,'2025-08-13 20:11:32',3,'MIX-20250813_221132-AP1-R3',NULL,NULL,'Surowy w reaktorze','surowy',0,NULL,NULL,NULL,NULL,0,NULL,'MIESZANIE','SUROWA','Mieszanina stworzona z: 2800.00kg partii \'MIX-20250813_195206-AP1-R3\' (MIX(38-2/L, T10)) oraz 700.0kg transferu z Apollo (38-2/L).','2025-08-13 20:11:32',NULL,NULL,NULL),(80,'AP1-20250813-221234','T10','apollo',7000.00,6260.00,'2025-08-13 20:12:34',NULL,'Partia w AP1 (T10) - 20250813-221234',NULL,NULL,'Archiwalna','surowy',0,NULL,NULL,NULL,NULL,0,NULL,'NOWA','SUROWA',NULL,'2025-08-13 20:33:35',NULL,NULL,NULL),(81,'MIX-20250813_221911-AP1-R1','MIX(38-2/L, T10)','apollo',8520.00,8520.00,'2025-08-13 20:19:11',NULL,'MIX-20250813_221911-AP1-R1',NULL,NULL,'Archiwalna','surowy',0,NULL,NULL,NULL,NULL,0,NULL,'MIESZANIE','SUROWA','Mieszanina stworzona z: 8500.00kg partii \'MIX-20250813_000515-AP1-R1\' (MIX(38-2/L, T10)) oraz 20.0kg transferu z Apollo (T10).','2025-08-13 20:30:13',NULL,NULL,NULL),(82,'MIX-20250813_223013-AP1-R1','MIX(38-2/L, T10)','apollo',8720.00,8720.00,'2025-08-13 20:30:13',NULL,'MIX-20250813_223013-AP1-R1',NULL,NULL,'Archiwalna','surowy',0,NULL,NULL,NULL,NULL,0,NULL,'MIESZANIE','SUROWA','Mieszanina stworzona z: 8520.00kg partii \'MIX-20250813_221911-AP1-R1\' (MIX(38-2/L, T10)) oraz 200.0kg transferu z Apollo (T10).','2025-08-13 20:30:33',NULL,NULL,NULL),(83,'MIX-20250813_223033-AP1-R1','MIX(38-2/L, T10)','apollo',8920.00,8920.00,'2025-08-13 20:30:33',NULL,'MIX-20250813_223033-AP1-R1',NULL,NULL,'Archiwalna','surowy',0,NULL,NULL,NULL,NULL,0,NULL,'MIESZANIE','SUROWA','Mieszanina stworzona z: 8720.00kg partii \'MIX-20250813_223013-AP1-R1\' (MIX(38-2/L, T10)) oraz 200.0kg transferu z Apollo (T10).','2025-08-13 20:31:31',NULL,NULL,NULL),(84,'MIX-20250813_223131-AP1-R1','MIX(38-2/L, T10)','apollo',9220.00,9220.00,'2025-08-13 20:31:31',NULL,'MIX-20250813_223131-AP1-R1',NULL,NULL,'Archiwalna','surowy',0,NULL,NULL,NULL,NULL,0,NULL,'MIESZANIE','SUROWA','Mieszanina stworzona z: 8920.00kg partii \'MIX-20250813_223033-AP1-R1\' (MIX(38-2/L, T10)) oraz 300.0kg transferu z Apollo (T10).','2025-08-13 20:34:11',NULL,NULL,NULL),(85,'AP1-20250813-223344','T10','apollo',4000.00,1595.00,'2025-08-13 20:33:44',NULL,'Partia w AP1 (T10) - 20250813-223344',NULL,NULL,'Archiwalna','surowy',0,NULL,NULL,NULL,NULL,0,NULL,'NOWA','SUROWA',NULL,'2025-08-16 06:39:32',NULL,NULL,NULL),(86,'MIX-20250813_223411-AP1-R1','MIX(38-2/L, T10)','apollo',9225.00,9225.00,'2025-08-13 20:34:11',NULL,'MIX-20250813_223411-AP1-R1',NULL,NULL,'Archiwalna','surowy',0,NULL,NULL,NULL,NULL,0,NULL,'MIESZANIE','SUROWA','Mieszanina stworzona z: 9220.00kg partii \'MIX-20250813_223131-AP1-R1\' (MIX(38-2/L, T10)) oraz 5.0kg transferu z Apollo (T10).','2025-08-13 21:28:29',NULL,NULL,NULL),(87,'MIX-20250813_232829-AP1-R1','MIX(38-2/L, T10)','apollo',9325.00,9325.00,'2025-08-13 21:28:29',1,'MIX-20250813_232829-AP1-R1',NULL,NULL,'Surowy w reaktorze','surowy',0,NULL,NULL,NULL,NULL,0,NULL,'MIESZANIE','SUROWA','Mieszanina stworzona z: 9225.00kg partii \'MIX-20250813_223411-AP1-R1\' (MIX(38-2/L, T10)) oraz 100.0kg transferu z Apollo (T10).','2025-08-13 21:28:29',NULL,NULL,NULL),(88,'AP2-20250814-002846','19','apollo',5000.00,5000.00,'2025-08-13 22:28:46',NULL,'Partia w AP2 (19) - 20250814-002846',NULL,NULL,'Archiwalna','surowy',0,NULL,NULL,NULL,NULL,0,NULL,'NOWA','SUROWA',NULL,'2025-08-16 06:39:34',NULL,NULL,NULL),(89,'AP1-20250816-063946','T10','apollo',5000.00,5000.00,'2025-08-16 06:39:46',NULL,'Partia w AP1 (T10) - 20250816-063946',NULL,NULL,'Archiwalna','surowy',0,NULL,NULL,NULL,NULL,0,NULL,'NOWA','SUROWA',NULL,'2025-08-16 19:51:52',NULL,NULL,NULL),(90,'AP2-20250816-063957','19','apollo',10000.00,15000.00,'2025-08-16 06:39:57',NULL,'Partia w AP2 (19) - 20250816-063957',NULL,NULL,'Archiwalna','surowy',0,NULL,NULL,NULL,NULL,0,NULL,'NOWA','SUROWA',NULL,'2025-08-16 20:58:24',NULL,NULL,NULL),(91,'AP1-20250816-195513','T10','apollo',15000.00,16000.00,'2025-08-16 19:55:14',NULL,'Partia w AP1 (T10) - 20250816-195513',NULL,NULL,'Archiwalna','surowy',0,NULL,NULL,NULL,NULL,0,NULL,'NOWA','SUROWA',NULL,'2025-08-16 20:57:58',NULL,NULL,NULL),(92,'AP1-20250816-205805','T10','apollo',14000.00,15000.00,'2025-08-16 20:58:04',NULL,'Partia w AP1 (T10) - 20250816-205805',NULL,NULL,'Archiwalna','surowy',0,NULL,NULL,NULL,NULL,0,NULL,'NOWA','SUROWA',NULL,'2025-08-16 21:16:45',NULL,NULL,NULL),(93,'AP2-20250816-205832','T10','apollo',44444.00,44444.00,'2025-08-16 20:58:31',NULL,'Partia w AP2 (T10) - 20250816-205832',NULL,NULL,'Archiwalna','surowy',0,NULL,NULL,NULL,NULL,0,NULL,'NOWA','SUROWA',NULL,'2025-08-16 21:16:49',NULL,NULL,NULL),(94,'AP1-20250816-211701','T10','apollo',100.00,13102.00,'2025-08-16 21:17:02',NULL,'Partia w AP1 (T10) - 20250816-211701',NULL,NULL,'Archiwalna','surowy',0,NULL,NULL,NULL,NULL,0,NULL,'NOWA','SUROWA',NULL,'2025-08-31 18:38:04',NULL,NULL,NULL),(95,'AP2-20250831-183853','38-1/L','apollo',1500.00,1500.00,'2025-08-31 18:38:53',108,'Partia w AP2 (38-1/L) - 20250831-183853',NULL,NULL,'Surowy w reaktorze','surowy',0,NULL,NULL,NULL,NULL,0,NULL,'NOWA','SUROWA',NULL,'2025-08-31 18:38:53',NULL,NULL,NULL),(96,'AP1-20250831-235139','T10','apollo',1000.00,2000.00,'2025-08-31 23:51:39',107,'Partia w AP1 (T10) - 20250831-235139',NULL,NULL,'Surowy w reaktorze','surowy',0,NULL,NULL,NULL,NULL,0,NULL,'NOWA','SUROWA',NULL,'2025-08-31 23:52:16',NULL,NULL,NULL),(97,'AP3-20250906-163507','T10','apollo',1000.00,1000.00,'2025-09-06 16:35:07',117,'Partia w AP3 (T10) - 20250906-163507',NULL,NULL,'Surowy w reaktorze','surowy',0,NULL,NULL,NULL,NULL,0,NULL,'NOWA','SUROWA',NULL,'2025-09-06 16:35:07',NULL,NULL,NULL);
/*!40000 ALTER TABLE `partie_surowca` ENABLE KEYS */;
UNLOCK TABLES;

--
-- Table structure for table `pathfinder_test_history`
--

DROP TABLE IF EXISTS `pathfinder_test_history`;
/*!40101 SET @saved_cs_client     = @@character_set_client */;
/*!50503 SET character_set_client = utf8mb4 */;
CREATE TABLE `pathfinder_test_history` (
  `id` int NOT NULL AUTO_INCREMENT,
  `test_type` varchar(50) CHARACTER SET utf8mb4 COLLATE utf8mb4_0900_ai_ci NOT NULL,
  `start_point` varchar(100) CHARACTER SET utf8mb4 COLLATE utf8mb4_0900_ai_ci DEFAULT NULL,
  `end_point` varchar(100) CHARACTER SET utf8mb4 COLLATE utf8mb4_0900_ai_ci DEFAULT NULL,
  `test_parameters` json DEFAULT NULL,
  `result` json DEFAULT NULL,
  `success` tinyint(1) DEFAULT NULL,
  `execution_time_ms` int DEFAULT NULL,
  `created_at` datetime DEFAULT CURRENT_TIMESTAMP,
  PRIMARY KEY (`id`)
) ENGINE=InnoDB AUTO_INCREMENT=100 DEFAULT CHARSET=utf8mb4 COLLATE=utf8mb4_unicode_ci;
/*!40101 SET character_set_client = @saved_cs_client */;

--
-- Dumping data for table `pathfinder_test_history`
--

LOCK TABLES `pathfinder_test_history` WRITE;
/*!40000 ALTER TABLE `pathfinder_test_history` DISABLE KEYS */;
INSERT INTO `pathfinder_test_history` VALUES (1,'connection_test','R1_IN','R1_OUT','{\"valve_states\": null}','{\"path\": null, \"message\": \"Brak dostpnej cieki z R1_IN do R1_OUT\", \"available\": false, \"path_length\": 0, \"segments_used\": []}',0,9,'2025-07-06 02:03:02'),(2,'connection_test','W_FZ_OUT_MAIN','W_R1_FZ','{\"valve_states\": null}','{\"path\": null, \"message\": \"Brak dostpnej cieki z W_FZ_OUT_MAIN do W_R1_FZ\", \"available\": false, \"path_length\": 0, \"segments_used\": []}',0,16,'2025-07-06 02:03:16'),(3,'connection_test','FZ_IN','FZ_OUT','{\"valve_states\": null}','{\"path\": [\"SEGM_FZ_IN_DO_FZ_OUT\"], \"message\": \"Znaleziono ciek z FZ_IN do FZ_OUT\", \"available\": true, \"path_length\": 1, \"segments_used\": []}',1,9,'2025-07-06 02:07:23'),(4,'connection_test','R1_OUT','R2_IN','{\"valve_states\": null}','{\"path\": [\"SEGM_R1_OUT_DO_W_R1_FZ\", \"SEGM_W_R1_FZ_DO_W_FZ_IN_MAIN\", \"SEGM_W_FZ_IN_MAIN_DO_FZ_IN\", \"SEGM_FZ_IN_DO_FZ_OUT\", \"SEGM_FZ_OUT_DO_W_FZ_OUT_MAIN\", \"SEGM_W_FZ_OUT_MAIN_DO_R2_IN\"], \"message\": \"Znaleziono ciek z R1_OUT do R2_IN\", \"available\": true, \"path_length\": 6, \"segments_used\": []}',1,30,'2025-07-06 02:10:30'),(5,'find_paths','R1_OUT','R2_IN','{\"max_paths\": 5}','{\"count\": 1, \"paths\": [{\"path\": [\"SEGM_R1_OUT_DO_W_R1_FZ\", \"SEGM_W_R1_FZ_DO_W_FZ_IN_MAIN\", \"SEGM_W_FZ_IN_MAIN_DO_FZ_IN\", \"SEGM_FZ_IN_DO_FZ_OUT\", \"SEGM_FZ_OUT_DO_W_FZ_OUT_MAIN\", \"SEGM_W_FZ_OUT_MAIN_DO_R2_IN\"], \"length\": 6, \"segments\": [], \"estimated_cost\": 5}], \"message\": \"Znaleziono 1 cieek z R1_OUT do R2_IN\"}',1,138,'2025-07-06 02:10:39'),(6,'connection_test','R1_OUT','R7_IN','{\"valve_states\": null}','{\"path\": null, \"message\": \"Brak dostpnej cieki z R1_OUT do R7_IN\", \"available\": false, \"path_length\": 0, \"segments_used\": []}',0,11,'2025-07-06 02:11:06'),(7,'valve_simulation',NULL,NULL,'{\"valve_changes\": [{\"new_state\": \"OTWARTY\", \"valve_name\": \"V_FN_IN_FN_OUT\", \"test_routes\": [{\"end\": \"R2_IN\", \"start\": \"R1_IN\"}]}]}','{\"message\": \"Wykonano symulacj dla 1 zmian zaworw\", \"simulation_results\": [{\"valve_change\": \"V_FN_IN_FN_OUT: OTWARTY\", \"route_results\": [{\"route\": \"R1_IN -> R2_IN\", \"message\": \"Brak dostpnej cieki z R1_IN do R2_IN\", \"available\": false, \"path_length\": 0}], \"overall_impact\": \"duy_wpyw\"}]}',1,135,'2025-07-06 02:22:00'),(8,'valve_simulation',NULL,NULL,'{\"valve_changes\": [{\"new_state\": \"ZAMKNIETY\", \"valve_name\": \"V_R1_OUT_W_R1_FZ\", \"test_routes\": [{\"end\": \"R2_IN\", \"start\": \"R1_IN\"}]}]}','{\"message\": \"Wykonano symulacj dla 1 zmian zaworw\", \"simulation_results\": [{\"valve_change\": \"V_R1_OUT_W_R1_FZ: ZAMKNIETY\", \"route_results\": [{\"route\": \"R1_IN -> R2_IN\", \"message\": \"Brak dostpnej cieki z R1_IN do R2_IN\", \"available\": false, \"path_length\": 0}], \"overall_impact\": \"duy_wpyw\"}]}',1,44,'2025-07-06 02:23:10'),(9,'valve_simulation',NULL,NULL,'{\"valve_changes\": [{\"new_state\": \"OTWARTY\", \"valve_name\": \"V_FZ_OUT_W_FZ_OUT\", \"test_routes\": [{\"end\": \"R2_IN\", \"start\": \"R1_IN\"}]}]}','{\"message\": \"Wykonano symulacj dla 1 zmian zaworw\", \"simulation_results\": [{\"valve_change\": \"V_FZ_OUT_W_FZ_OUT: OTWARTY\", \"route_results\": [{\"route\": \"R1_IN -> R2_IN\", \"message\": \"Brak dostpnej cieki z R1_IN do R2_IN\", \"available\": false, \"path_length\": 0}], \"overall_impact\": \"duy_wpyw\"}]}',1,53,'2025-07-06 02:23:55'),(10,'connection_test','R1_OUT','R9_IN','{\"valve_states\": null}','{\"path\": null, \"message\": \"Brak dostpnej cieki z R1_OUT do R9_IN\", \"available\": false, \"path_length\": 0, \"segments_used\": []}',0,11,'2025-07-06 04:40:47'),(11,'find_paths','R1_OUT','R9_IN','{\"max_paths\": 5}','{\"count\": 0, \"paths\": [], \"message\": \"Brak dostpnych cieek z R1_OUT do R9_IN\"}',0,10,'2025-07-06 04:40:54'),(12,'connection_test','R6_OUT','R9_IN','{\"valve_states\": null}','{\"path\": null, \"message\": \"Brak dostpnej cieki z R6_OUT do R9_IN\", \"available\": false, \"path_length\": 0, \"segments_used\": []}',0,8,'2025-07-06 04:41:16'),(13,'connection_test','R1_OUT','R3_IN','{\"valve_states\": null}','{\"path\": [\"SEGM_R1_OUT_DO_W_R1_FZ\", \"SEGM_W_R1_FZ_DO_W_FZ_IN_MAIN\", \"SEGM_W_FZ_IN_MAIN_DO_FZ_IN\", \"SEGM_FZ_IN_DO_FZ_OUT\", \"SEGM_FZ_OUT_DO_W_FZ_OUT_MAIN\", \"SEGM_W_FZ_OUT_MAIN_DO_R3_IN\"], \"message\": \"Znaleziono ciek z R1_OUT do R3_IN\", \"available\": true, \"path_length\": 6, \"segments_used\": []}',1,29,'2025-07-06 04:46:22'),(14,'connection_test','R4_OUT','R6_IN','{\"valve_states\": null}','{\"path\": null, \"message\": \"Brak dostpnej cieki z R4_OUT do R6_IN\", \"available\": false, \"path_length\": 0, \"segments_used\": []}',0,12,'2025-07-06 04:51:40'),(15,'connection_test','R6_OUT','R8_OUT','{\"valve_states\": null}','{\"path\": null, \"message\": \"Brak dostpnej cieki z R6_OUT do R8_OUT\", \"available\": false, \"path_length\": 0, \"segments_used\": []}',0,16,'2025-07-06 05:11:43'),(16,'connection_test','R7_OUT','R7_IN','{\"valve_states\": null}','{\"path\": [\"SEGM_R7_OUT_W_R7_FN\", \"SEGM_W_R7_FN_FN_IN\", \"SEGM_FN_IN_DO_FN_OUT\", \"SEGM_FN_OUT_DO_W_FN_OUT\", \"SEGM_W_FN_OUT_MAIN_DO_R7_IN\"], \"message\": \"Znaleziono ciek z R7_OUT do R7_IN\", \"available\": true, \"path_length\": 5, \"segments_used\": []}',1,119,'2025-07-06 05:13:24'),(17,'connection_test','R4_OUT','R8_IN','{\"valve_states\": null}','{\"path\": null, \"message\": \"Brak dostpnej cieki z R4_OUT do R8_IN\", \"available\": false, \"path_length\": 0, \"segments_used\": []}',0,11,'2025-07-06 11:40:46'),(18,'find_paths','R1_IN','R8_IN','{\"max_paths\": 5}','{\"count\": 0, \"paths\": [], \"message\": \"Brak dostpnych cieek z R1_IN do R8_IN\"}',0,11,'2025-07-06 11:41:59'),(19,'connection_test','R1_IN','R8_IN','{\"valve_states\": null}','{\"path\": null, \"message\": \"Brak dostpnej cieki z R1_IN do R8_IN\", \"available\": false, \"path_length\": 0, \"segments_used\": []}',0,12,'2025-07-06 11:42:06'),(20,'connection_test','R1_OUT','R8_IN','{\"valve_states\": null}','{\"path\": [\"SEGM_R1_OUT_DO_W_R1_FZ\", \"SEGM_W_R1_FZ_DO_W_R1_R2\", \"SEGM_W_R1_R2_DO_W_R2_R3\", \"SEGM_W_R2_R3_DO_W_R3_R6_R9\", \"SEGM_W_R8_R9_DO_W_R3_R6_R9\", \"SEGM_W_R7_R8_W_R8_R9\", \"SEGM_W_R7_FN_W_R7_R8\", \"SEGM_W_R7_FN_FN_IN\", \"SEGM_FN_IN_DO_FN_OUT\", \"SEGM_FN_OUT_DO_W_FN_OUT\", \"SEGM_W_FN_OUT_MAIN_DO_R8_IN\"], \"message\": \"Znaleziono ciek z R1_OUT do R8_IN\", \"available\": true, \"path_length\": 11, \"segments_used\": []}',1,28,'2025-07-06 11:42:42'),(21,'find_paths','R1_OUT','R8_IN','{\"max_paths\": 5}','{\"count\": 1, \"paths\": [{\"path\": [\"SEGM_R1_OUT_DO_W_R1_FZ\", \"SEGM_W_R1_FZ_DO_W_R1_R2\", \"SEGM_W_R1_R2_DO_W_R2_R3\", \"SEGM_W_R2_R3_DO_W_R3_R6_R9\", \"SEGM_W_R8_R9_DO_W_R3_R6_R9\", \"SEGM_W_R7_R8_W_R8_R9\", \"SEGM_W_R7_FN_W_R7_R8\", \"SEGM_W_R7_FN_FN_IN\", \"SEGM_FN_IN_DO_FN_OUT\", \"SEGM_FN_OUT_DO_W_FN_OUT\", \"SEGM_W_FN_OUT_MAIN_DO_R8_IN\"], \"length\": 11, \"segments\": [], \"estimated_cost\": 10}], \"message\": \"Znaleziono 1 cieek z R1_OUT do R8_IN\"}',1,83,'2025-07-06 11:42:55'),(22,'connection_test','R9_OUT','R1_IN','{\"valve_states\": null}','{\"path\": [\"SEGM_R9_OUT_W_R8_R9\", \"SEGM_W_R8_R9_W_R3_R6_R9\", \"SEGM_W_R3_R6_R9_W_R3_R2\", \"SEGM_W_R2_R3_DO_W_R1_R2\", \"SEGM_W_R1_R2_DO_W_R1_FZ\", \"SEGM_W_R1_FZ_DO_W_FZ_IN_MAIN\", \"SEGM_W_FZ_IN_MAIN_DO_FZ_IN\", \"SEGM_FZ_IN_DO_FZ_OUT\", \"SEGM_FZ_OUT_DO_W_FZ_OUT_MAIN\", \"SEGM_W_FZ_OUT_MAIN_DO_R1_IN\"], \"message\": \"Znaleziono ciek z R9_OUT do R1_IN\", \"available\": true, \"path_length\": 10, \"segments_used\": []}',1,50,'2025-07-06 11:49:33'),(23,'connection_test','R9_OUT','R1_IN','{\"valve_states\": null}','{\"path\": [\"SEGM_R9_OUT_W_R8_R9\", \"SEGM_W_R8_R9_W_R3_R6_R9\", \"SEGM_W_R3_R6_R9_W_R3_R2\", \"SEGM_W_R2_R3_DO_W_R1_R2\", \"SEGM_W_R1_R2_DO_W_R1_FZ\", \"SEGM_W_R1_FZ_DO_W_FZ_IN_MAIN\", \"SEGM_W_FZ_IN_MAIN_DO_FZ_IN\", \"SEGM_FZ_IN_DO_FZ_OUT\", \"SEGM_FZ_OUT_DO_W_FZ_OUT_MAIN\", \"SEGM_W_FZ_OUT_MAIN_DO_R1_IN\"], \"message\": \"Znaleziono ciek z R9_OUT do R1_IN\", \"available\": true, \"path_length\": 10, \"segments_used\": []}',1,33,'2025-07-06 11:49:47'),(24,'find_paths','R9_OUT','R1_IN','{\"max_paths\": 5}','{\"count\": 1, \"paths\": [{\"path\": [\"SEGM_R9_OUT_W_R8_R9\", \"SEGM_W_R8_R9_W_R3_R6_R9\", \"SEGM_W_R3_R6_R9_W_R3_R2\", \"SEGM_W_R2_R3_DO_W_R1_R2\", \"SEGM_W_R1_R2_DO_W_R1_FZ\", \"SEGM_W_R1_FZ_DO_W_FZ_IN_MAIN\", \"SEGM_W_FZ_IN_MAIN_DO_FZ_IN\", \"SEGM_FZ_IN_DO_FZ_OUT\", \"SEGM_FZ_OUT_DO_W_FZ_OUT_MAIN\", \"SEGM_W_FZ_OUT_MAIN_DO_R1_IN\"], \"length\": 10, \"segments\": [], \"estimated_cost\": 9}], \"message\": \"Znaleziono 1 cieek z R9_OUT do R1_IN\"}',1,109,'2025-07-06 11:49:49'),(25,'connection_test','R9_OUT','R1_IN','{\"valve_states\": null}','{\"path\": [\"SEGM_R9_OUT_W_R8_R9\", \"SEGM_W_R8_R9_W_R3_R6_R9\", \"SEGM_W_R3_R6_R9_W_R3_R2\", \"SEGM_W_R2_R3_DO_W_R1_R2\", \"SEGM_W_R1_R2_DO_W_R1_FZ\", \"SEGM_W_R1_FZ_DO_W_FZ_IN_MAIN\", \"SEGM_W_FZ_IN_MAIN_DO_FZ_IN\", \"SEGM_FZ_IN_DO_FZ_OUT\", \"SEGM_FZ_OUT_DO_W_FZ_OUT_MAIN\", \"SEGM_W_FZ_OUT_MAIN_DO_R1_IN\"], \"message\": \"Znaleziono ciek z R9_OUT do R1_IN\", \"available\": true, \"path_length\": 10, \"segments_used\": []}',1,38,'2025-07-06 11:49:51'),(26,'connection_test','R7_OUT','R1_IN','{\"valve_states\": null}','{\"path\": [\"SEGM_R7_OUT_W_R7_FN\", \"SEGM_W_R7_FN_DO_W_R7_R8\", \"SEGM_W_R7_R8_DO_W_R8_R9\", \"SEGM_W_R8_R9_W_R3_R6_R9\", \"SEGM_W_R3_R6_R9_W_R3_R2\", \"SEGM_W_R2_R3_DO_W_R1_R2\", \"SEGM_W_R1_R2_DO_W_R1_FZ\", \"SEGM_W_R1_FZ_DO_W_FZ_IN_MAIN\", \"SEGM_W_FZ_IN_MAIN_DO_FZ_IN\", \"SEGM_FZ_IN_DO_FZ_OUT\", \"SEGM_FZ_OUT_DO_W_FZ_OUT_MAIN\", \"SEGM_W_FZ_OUT_MAIN_DO_R1_IN\"], \"message\": \"Znaleziono ciek z R7_OUT do R1_IN\", \"available\": true, \"path_length\": 12, \"segments_used\": []}',1,45,'2025-07-06 11:50:05'),(27,'connection_test','B9b_OUT','B7b_IN','{\"valve_states\": null}','{\"path\": null, \"message\": \"Brak dostpnej cieki z B9b_OUT do B7b_IN\", \"available\": false, \"path_length\": 0, \"segments_used\": []}',0,16,'2025-07-17 20:19:42'),(28,'connection_test','B9b_OUT','B7b_IN','{\"valve_states\": null}','{\"path\": null, \"message\": \"Brak dostpnej cieki z B9b_OUT do B7b_IN\", \"available\": false, \"path_length\": 0, \"segments_used\": []}',0,14,'2025-07-17 20:20:33'),(29,'connection_test','B10b_OUT','B1b_IN','{\"valve_states\": null}','{\"path\": null, \"message\": \"Brak dostpnej cieki z B10b_OUT do B1b_IN\", \"available\": false, \"path_length\": 0, \"segments_used\": []}',0,12,'2025-07-17 20:20:56'),(30,'connection_test','B10b_OUT','B1b_IN','{\"valve_states\": null}','{\"path\": null, \"message\": \"Brak dostpnej cieki z B10b_OUT do B1b_IN\", \"available\": false, \"path_length\": 0, \"segments_used\": []}',0,12,'2025-07-17 20:30:25'),(31,'connection_test','B10b_OUT','B1b_IN','{\"valve_states\": null}','{\"path\": null, \"message\": \"Brak dostpnej cieki z B10b_OUT do B1b_IN\", \"available\": false, \"path_length\": 0, \"segments_used\": []}',0,12,'2025-07-17 20:35:34'),(32,'find_paths','B10b_OUT','B1b_IN','{\"max_paths\": 5}','{\"count\": 0, \"paths\": [], \"message\": \"Brak dostpnych cieek z B10b_OUT do B1b_IN\"}',0,11,'2025-07-17 20:35:43'),(33,'connection_test','R1_OUT','B1b_IN','{\"valve_states\": null}','{\"path\": null, \"message\": \"Brak dostpnej cieki z R1_OUT do B1b_IN\", \"available\": false, \"path_length\": 0, \"segments_used\": []}',0,13,'2025-07-17 20:36:46'),(34,'connection_test','R1_OUT','R2_IN','{\"valve_states\": null}','{\"path\": [\"SEGM_R1_OUT_DO_W_R1_FZ\", \"SEGM_W_R1_FZ_DO_W_FZ_IN_MAIN\", \"SEGM_W_FZ_IN_MAIN_DO_FZ_IN\", \"SEGM_FZ_IN_DO_FZ_OUT\", \"SEGM_FZ_OUT_DO_W_FZ_OUT_MAIN\", \"SEGM_W_FZ_OUT_MAIN_DO_R2_IN\"], \"message\": \"Znaleziono ciek z R1_OUT do R2_IN\", \"available\": true, \"path_length\": 6, \"segments_used\": []}',1,31,'2025-07-17 20:36:54'),(35,'connection_test','B10b_OUT','R1_IN','{\"valve_states\": null}','{\"path\": null, \"message\": \"Brak dostpnej cieki z B10b_OUT do R1_IN\", \"available\": false, \"path_length\": 0, \"segments_used\": []}',0,14,'2025-07-17 20:39:00'),(36,'connection_test','B10b_OUT','B2b_IN','{\"valve_states\": null}','{\"path\": null, \"message\": \"Brak dostpnej cieki z B10b_OUT do B2b_IN\", \"available\": false, \"path_length\": 0, \"segments_used\": []}',0,13,'2025-07-17 20:39:34'),(37,'connection_test','B10b_OUT','B2b_IN','{\"valve_states\": null}','{\"path\": null, \"message\": \"Brak dostpnej cieki z B10b_OUT do B2b_IN\", \"available\": false, \"path_length\": 0, \"segments_used\": []}',0,12,'2025-07-17 20:39:49'),(38,'connection_test','B7b_OUT','B3b_IN','{\"valve_states\": null}','{\"path\": null, \"message\": \"Brak dostpnej cieki z B7b_OUT do B3b_IN\", \"available\": false, \"path_length\": 0, \"segments_used\": []}',0,13,'2025-07-17 20:41:13'),(39,'connection_test','B9b_OUT','R9_IN','{\"valve_states\": null}','{\"path\": [\"segm_b9b_out_w_b9b_out\", \"segm_w_b8b_out_w_b9b_out\", \"SEGM_W_R3_R6_R9_W_p3_down\", \"segm_w_p3_down_w_tankowanie\", \"segm_w_tankowanie_r9_in\"], \"message\": \"Znaleziono ciek z B9b_OUT do R9_IN\", \"available\": true, \"path_length\": 5, \"segments_used\": []}',1,28,'2025-07-17 20:48:34'),(40,'connection_test','B9b_OUT','B7b_IN','{\"valve_states\": null}','{\"path\": [\"segm_b9b_out_w_b9b_out\", \"segm_w_b8b_out_w_b9b_out\", \"SEGM_W_R3_R6_R9_W_p3_down\", \"segm_w_p3_down_w_p3_up\", \"segm_w_p3_up_w_b8b_in\", \"segm_w_b8b_in_w_b7b_in\", \"segm_w_b7b_in_b7b_in\"], \"message\": \"Znaleziono ciek z B9b_OUT do B7b_IN\", \"available\": true, \"path_length\": 7, \"segments_used\": []}',1,36,'2025-07-17 20:49:42'),(41,'connection_test','B1b_OUT','B7b_IN','{\"valve_states\": null}','{\"path\": [\"segm_b1b_out_w_b1b_out\", \"segm_w_b1b_out_w_b2b_out\", \"segm_w_b2b_out_w_b3b_out\", \"segm_w_b3b_out_w_b4b_out\", \"segm_w_b4b_out_w_b5b_out\", \"segm_w_b5b_out_w_b6b_out\", \"segm_w_b6b_out_w_b7b_out\", \"segm_w_b7b_out_w_b8b_out\", \"segm_w_b8b_out_w_p3_down\", \"segm_w_p3_down_w_p3_up\", \"segm_w_p3_up_w_b8b_in\", \"segm_w_b8b_in_w_b7b_in\", \"segm_w_b7b_in_b7b_in\"], \"message\": \"Znaleziono ciek z B1b_OUT do B7b_IN\", \"available\": true, \"path_length\": 13, \"segments_used\": []}',1,38,'2025-07-17 20:50:13'),(42,'find_paths','B1b_OUT','B7b_IN','{\"max_paths\": 5}','{\"count\": 1, \"paths\": [{\"path\": [\"segm_b1b_out_w_b1b_out\", \"segm_w_b1b_out_w_b2b_out\", \"segm_w_b2b_out_w_b3b_out\", \"segm_w_b3b_out_w_b4b_out\", \"segm_w_b4b_out_w_b5b_out\", \"segm_w_b5b_out_w_b6b_out\", \"segm_w_b6b_out_w_b7b_out\", \"segm_w_b7b_out_w_b8b_out\", \"segm_w_b8b_out_w_p3_down\", \"segm_w_p3_down_w_p3_up\", \"segm_w_p3_up_w_b8b_in\", \"segm_w_b8b_in_w_b7b_in\", \"segm_w_b7b_in_b7b_in\"], \"length\": 13, \"segments\": [], \"estimated_cost\": 12}], \"message\": \"Znaleziono 1 cieek z B1b_OUT do B7b_IN\"}',1,118,'2025-07-17 20:51:09'),(43,'find_paths','B1b_OUT','B2b_IN','{\"max_paths\": 5}','{\"count\": 1, \"paths\": [{\"path\": [\"segm_b1b_out_w_b1b_out\", \"segm_w_b1b_out_w_b2b_out\", \"segm_w_b2b_out_w_b3b_out\", \"segm_w_b3b_out_w_b4b_out\", \"segm_w_b4b_out_w_b5b_out\", \"segm_w_b5b_out_w_b6b_out\", \"segm_w_b6b_out_w_b7b_out\", \"segm_w_b7b_out_w_b8b_out\", \"segm_w_b8b_out_w_p3_down\", \"segm_w_p3_down_w_p3_up\", \"segm_w_p3_up_w_b8b_in\", \"segm_w_b8b_in_w_b7b_in\", \"segm_w_b7b_in_w_b6b_in\", \"segm_w_b6b_in_w_b5b_in\", \"segm_w_b5b_in_w_b4b_in\", \"segm_w_b4b_in_w_b3b_in\", \"segm_w_b3b_in_w_b2b_in\", \"segm_w_b2b_in_b2b_in\"], \"length\": 18, \"segments\": [], \"estimated_cost\": 17}], \"message\": \"Znaleziono 1 cieek z B1b_OUT do B2b_IN\"}',1,138,'2025-07-17 20:51:33'),(44,'connection_test','B1b_OUT','R1_IN','{\"valve_states\": null}','{\"path\": [\"segm_b1b_out_w_b1b_out\", \"segm_w_b1b_out_w_b2b_out\", \"segm_w_b2b_out_w_b3b_out\", \"segm_w_b3b_out_w_b4b_out\", \"segm_w_b4b_out_w_b5b_out\", \"segm_w_b5b_out_w_b6b_out\", \"segm_w_b6b_out_w_b7b_out\", \"segm_w_b7b_out_w_b8b_out\", \"segm_w_b8b_out_w_p3_down\", \"segm_w_p3_down_w_tankowanie\", \"segm_w_tankowanie_r1_in\"], \"message\": \"Znaleziono ciek z B1b_OUT do R1_IN\", \"available\": true, \"path_length\": 11, \"segments_used\": []}',1,36,'2025-07-17 20:52:07'),(45,'connection_test','B10b_OUT','R1_IN','{\"valve_states\": null}','{\"path\": null, \"message\": \"Brak dostpnej cieki z B10b_OUT do R1_IN\", \"available\": false, \"path_length\": 0, \"segments_used\": []}',0,12,'2025-07-17 20:55:51'),(46,'connection_test','B10b_OUT','R1_IN','{\"valve_states\": null}','{\"path\": [\"segm_b10b_out_w_b10b_out\", \"segm_w_b9b_out_w_b10b_out\", \"segm_w_b8b_out_w_b9b_out\", \"SEGM_W_R3_R6_R9_W_p3_down\", \"segm_w_p3_down_w_tankowanie\", \"segm_w_tankowanie_r1_in\"], \"message\": \"Znaleziono ciek z B10b_OUT do R1_IN\", \"available\": true, \"path_length\": 6, \"segments_used\": []}',1,33,'2025-07-17 20:56:35'),(47,'connection_test','AP1_OUT','R6_IN','{\"valve_states\": null}','{\"path\": [\"segm_ap1_out_w_ap1_out\", \"segm_w_ap1_w_niebieska_out\", \"segm_w_niebieska_out_w_cys_mauzer_out\", \"segm_w_cys_mauzer_out_w_b10b_out\", \"segm_w_b10b_out_w_b9b_out\", \"segm_w_b9b_out_w_p2_down\", \"segm_w_p2_down_w_p2_up\", \"segm_w_p2_up_w_r3_r6_r9\", \"SEGM_W_R3_R6_R9_W_p3_down\", \"segm_w_p3_down_w_tankowanie\", \"segm_w_tankowanie_r6_in\"], \"message\": \"Znaleziono ciek z AP1_OUT do R6_IN\", \"available\": true, \"path_length\": 11, \"segments_used\": []}',1,39,'2025-07-17 21:56:50'),(48,'connection_test','AP1_OUT','R6_IN','{\"valve_states\": null}','{\"path\": [\"segm_ap1_out_w_ap1_out\", \"segm_w_ap1_w_niebieska_out\", \"segm_w_niebieska_out_w_cys_mauzer_out\", \"segm_w_cys_mauzer_out_w_b10b_out\", \"segm_w_b10b_out_w_b9b_out\", \"segm_w_b9b_out_w_p2_down\", \"segm_w_p2_down_w_p2_up\", \"segm_w_p2_up_w_r3_r6_r9\", \"SEGM_W_R3_R6_R9_W_p3_down\", \"segm_w_p3_down_w_tankowanie\", \"segm_w_tankowanie_r6_in\"], \"message\": \"Znaleziono ciek z AP1_OUT do R6_IN\", \"available\": true, \"path_length\": 11, \"segments_used\": []}',1,47,'2025-07-18 19:39:01'),(49,'connection_test','AP1_OUT','B2c_IN','{\"valve_states\": null}','{\"path\": null, \"message\": \"Brak dostpnej cieki z AP1_OUT do B2c_IN\", \"available\": false, \"path_length\": 0, \"segments_used\": []}',0,11,'2025-07-18 19:39:43'),(50,'connection_test','R1_OUT','B2c_IN','{\"valve_states\": null}','{\"path\": null, \"message\": \"Brak dostpnej cieki z R1_OUT do B2c_IN\", \"available\": false, \"path_length\": 0, \"segments_used\": []}',0,18,'2025-07-18 19:40:07'),(51,'connection_test','R1_OUT','B2c_IN','{\"valve_states\": null}','{\"path\": null, \"message\": \"Brak dostpnej cieki z R1_OUT do B2c_IN\", \"available\": false, \"path_length\": 0, \"segments_used\": []}',0,12,'2025-07-18 19:40:22'),(52,'find_paths','R1_OUT','B2c_IN','{\"max_paths\": 5}','{\"count\": 0, \"paths\": [], \"message\": \"Brak dostpnych cieek z R1_OUT do B2c_IN\"}',0,23,'2025-07-18 19:40:34'),(53,'connection_test','R1_OUT','B2c_IN','{\"valve_states\": null}','{\"path\": null, \"message\": \"Brak dostpnej cieki z R1_OUT do B2c_IN\", \"available\": false, \"path_length\": 0, \"segments_used\": []}',0,9,'2025-07-18 19:40:44'),(54,'connection_test','R1_OUT','B5c_IN','{\"valve_states\": null}','{\"path\": [\"SEGM_R1_OUT_DO_W_R1_FZ\", \"SEGM_W_R1_FZ_DO_W_FZ_IN_MAIN\", \"SEGM_W_FZ_IN_MAIN_DO_FZ_IN\", \"SEGM_FZ_IN_DO_FZ_OUT\", \"segm_fz_out_w_fz_fn_oczyszczalnia\", \"segm_w_fz_fn_oczyszczalnia_w_pompa_mieszanki_up\", \"segm_w_pompa_mieszanki_up_w_b8c_in\", \"SEGM_W_B8c_IN_W_B7c_IN\", \"SEGM_W_B7c_IN_W_B6c_IN\", \"SEGM_W_B6c_IN_W_B5c_IN\", \"SEGM_W_B5c_IN_B5c_IN\"], \"message\": \"Znaleziono ciek z R1_OUT do B5c_IN\", \"available\": true, \"path_length\": 11, \"segments_used\": []}',1,44,'2025-07-18 19:41:17'),(55,'connection_test','R1_OUT','B4c_IN','{\"valve_states\": null}','{\"path\": [\"SEGM_R1_OUT_DO_W_R1_FZ\", \"SEGM_W_R1_FZ_DO_W_FZ_IN_MAIN\", \"SEGM_W_FZ_IN_MAIN_DO_FZ_IN\", \"SEGM_FZ_IN_DO_FZ_OUT\", \"segm_fz_out_w_fz_fn_oczyszczalnia\", \"segm_w_fz_fn_oczyszczalnia_w_pompa_mieszanki_up\", \"segm_w_pompa_mieszanki_up_w_b8c_in\", \"SEGM_W_B8c_IN_W_B7c_IN\", \"SEGM_W_B7c_IN_W_B6c_IN\", \"SEGM_W_B6c_IN_W_B5c_IN\", \"SEGM_W_B5c_IN_W_B4c_IN\", \"SEGM_W_B4c_IN_B4c_IN\"], \"message\": \"Znaleziono ciek z R1_OUT do B4c_IN\", \"available\": true, \"path_length\": 12, \"segments_used\": []}',1,43,'2025-07-18 19:41:28'),(56,'connection_test','R1_OUT','B3c_IN','{\"valve_states\": null}','{\"path\": null, \"message\": \"Brak dostpnej cieki z R1_OUT do B3c_IN\", \"available\": false, \"path_length\": 0, \"segments_used\": []}',0,13,'2025-07-18 19:41:33'),(57,'connection_test','R6_OUT','B12c_IN','{\"valve_states\": null}','{\"path\": [\"SEGM_R6_OUT_W_R5_R6\", \"SEGM_W_R5_R6_DO_W_R4_R5\", \"SEGM_W_R4_R5_DO_W_R4_FZ\", \"SEGM_W_R4_FZ_DO_W_FZ_IN_MAIN\", \"SEGM_W_FZ_IN_MAIN_DO_FZ_IN\", \"SEGM_FZ_IN_DO_FZ_OUT\", \"segm_fz_out_w_fz_fn_oczyszczalnia\", \"segm_w_fz_fn_oczyszczalnia_w_pompa_mieszanki_up\", \"segm_w_pompa_mieszanki_up_w_b9c_in\", \"SEGM_W_B9c_IN_W_B10c_IN\", \"SEGM_W_B10c_IN_W_B11c_IN\", \"SEGM_W_B11c_IN_W_B12c_IN\", \"SEGM_W_B12c_IN_B12c_IN\"], \"message\": \"Znaleziono ciek z R6_OUT do B12c_IN\", \"available\": true, \"path_length\": 13, \"segments_used\": []}',1,50,'2025-07-18 19:45:22'),(58,'connection_test','R6_OUT','B12c_IN','{\"valve_states\": null}','{\"path\": [\"SEGM_R6_OUT_W_R5_R6\", \"SEGM_W_R5_R6_DO_W_R4_R5\", \"SEGM_W_R4_R5_DO_W_R4_FZ\", \"SEGM_W_R4_FZ_DO_W_FZ_IN_MAIN\", \"SEGM_W_FZ_IN_MAIN_DO_FZ_IN\", \"SEGM_FZ_IN_DO_FZ_OUT\", \"segm_fz_out_w_fz_fn_oczyszczalnia\", \"segm_w_fz_fn_oczyszczalnia_w_pompa_mieszanki_up\", \"segm_w_pompa_mieszanki_up_w_b9c_in\", \"SEGM_W_B9c_IN_W_B10c_IN\", \"SEGM_W_B10c_IN_W_B11c_IN\", \"SEGM_W_B11c_IN_W_B12c_IN\", \"SEGM_W_B12c_IN_B12c_IN\"], \"message\": \"Znaleziono ciek z R6_OUT do B12c_IN\", \"available\": true, \"path_length\": 13, \"segments_used\": []}',1,49,'2025-07-18 19:45:28'),(59,'connection_test','R6_OUT','B1c_IN','{\"valve_states\": null}','{\"path\": null, \"message\": \"Brak dostpnej cieki z R6_OUT do B1c_IN\", \"available\": false, \"path_length\": 0, \"segments_used\": []}',0,17,'2025-07-18 19:49:24'),(60,'connection_test','R6_OUT','B1c_IN','{\"valve_states\": null}','{\"path\": null, \"message\": \"Brak dostpnej cieki z R6_OUT do B1c_IN\", \"available\": false, \"path_length\": 0, \"segments_used\": []}',0,15,'2025-07-18 19:49:52'),(61,'connection_test','R6_OUT','B2c_IN','{\"valve_states\": null}','{\"path\": null, \"message\": \"Brak dostpnej cieki z R6_OUT do B2c_IN\", \"available\": false, \"path_length\": 0, \"segments_used\": []}',0,11,'2025-07-18 19:50:00'),(62,'connection_test','R6_OUT','B3c_IN','{\"valve_states\": null}','{\"path\": null, \"message\": \"Brak dostpnej cieki z R6_OUT do B3c_IN\", \"available\": false, \"path_length\": 0, \"segments_used\": []}',0,8,'2025-07-18 19:50:08'),(63,'connection_test','R6_OUT','B11c_IN','{\"valve_states\": null}','{\"path\": [\"SEGM_R6_OUT_W_R5_R6\", \"SEGM_W_R5_R6_DO_W_R4_R5\", \"SEGM_W_R4_R5_DO_W_R4_FZ\", \"SEGM_W_R4_FZ_DO_W_FZ_IN_MAIN\", \"SEGM_W_FZ_IN_MAIN_DO_FZ_IN\", \"SEGM_FZ_IN_DO_FZ_OUT\", \"segm_fz_out_w_fz_fn_oczyszczalnia\", \"segm_w_fz_fn_oczyszczalnia_w_pompa_mieszanki_up\", \"segm_w_pompa_mieszanki_up_w_b9c_in\", \"SEGM_W_B9c_IN_W_B10c_IN\", \"SEGM_W_B10c_IN_W_B11c_IN\", \"SEGM_W_B11c_IN_B11c_IN\"], \"message\": \"Znaleziono ciek z R6_OUT do B11c_IN\", \"available\": true, \"path_length\": 12, \"segments_used\": []}',1,39,'2025-07-18 19:51:05'),(64,'connection_test','R6_OUT','B6c_IN','{\"valve_states\": null}','{\"path\": [\"SEGM_R6_OUT_W_R5_R6\", \"SEGM_W_R5_R6_DO_W_R4_R5\", \"SEGM_W_R4_R5_DO_W_R4_FZ\", \"SEGM_W_R4_FZ_DO_W_FZ_IN_MAIN\", \"SEGM_W_FZ_IN_MAIN_DO_FZ_IN\", \"SEGM_FZ_IN_DO_FZ_OUT\", \"segm_fz_out_w_fz_fn_oczyszczalnia\", \"segm_w_fz_fn_oczyszczalnia_w_pompa_mieszanki_up\", \"segm_w_pompa_mieszanki_up_w_b8c_in\", \"SEGM_W_B8c_IN_W_B7c_IN\", \"SEGM_W_B7c_IN_W_B6c_IN\", \"SEGM_W_B6c_IN_B6c_IN\"], \"message\": \"Znaleziono ciek z R6_OUT do B6c_IN\", \"available\": true, \"path_length\": 12, \"segments_used\": []}',1,36,'2025-07-18 19:52:27'),(65,'connection_test','R6_OUT','B5c_IN','{\"valve_states\": null}','{\"path\": [\"SEGM_R6_OUT_W_R5_R6\", \"SEGM_W_R5_R6_DO_W_R4_R5\", \"SEGM_W_R4_R5_DO_W_R4_FZ\", \"SEGM_W_R4_FZ_DO_W_FZ_IN_MAIN\", \"SEGM_W_FZ_IN_MAIN_DO_FZ_IN\", \"SEGM_FZ_IN_DO_FZ_OUT\", \"segm_fz_out_w_fz_fn_oczyszczalnia\", \"segm_w_fz_fn_oczyszczalnia_w_pompa_mieszanki_up\", \"segm_w_pompa_mieszanki_up_w_b8c_in\", \"SEGM_W_B8c_IN_W_B7c_IN\", \"SEGM_W_B7c_IN_W_B6c_IN\", \"SEGM_W_B6c_IN_W_B5c_IN\", \"SEGM_W_B5c_IN_B5c_IN\"], \"message\": \"Znaleziono ciek z R6_OUT do B5c_IN\", \"available\": true, \"path_length\": 13, \"segments_used\": []}',1,39,'2025-07-18 19:53:02'),(66,'connection_test','R6_OUT','B4c_IN','{\"valve_states\": null}','{\"path\": [\"SEGM_R6_OUT_W_R5_R6\", \"SEGM_W_R5_R6_DO_W_R4_R5\", \"SEGM_W_R4_R5_DO_W_R4_FZ\", \"SEGM_W_R4_FZ_DO_W_FZ_IN_MAIN\", \"SEGM_W_FZ_IN_MAIN_DO_FZ_IN\", \"SEGM_FZ_IN_DO_FZ_OUT\", \"segm_fz_out_w_fz_fn_oczyszczalnia\", \"segm_w_fz_fn_oczyszczalnia_w_pompa_mieszanki_up\", \"segm_w_pompa_mieszanki_up_w_b8c_in\", \"SEGM_W_B8c_IN_W_B7c_IN\", \"SEGM_W_B7c_IN_W_B6c_IN\", \"SEGM_W_B6c_IN_W_B5c_IN\", \"SEGM_W_B5c_IN_W_B4c_IN\", \"SEGM_W_B4c_IN_B4c_IN\"], \"message\": \"Znaleziono ciek z R6_OUT do B4c_IN\", \"available\": true, \"path_length\": 14, \"segments_used\": []}',1,52,'2025-07-18 19:53:11'),(67,'connection_test','R6_OUT','B3c_IN','{\"valve_states\": null}','{\"path\": null, \"message\": \"Brak dostpnej cieki z R6_OUT do B3c_IN\", \"available\": false, \"path_length\": 0, \"segments_used\": []}',0,11,'2025-07-18 19:53:29'),(68,'connection_test','R6_OUT','B3c_IN','{\"valve_states\": null}','{\"path\": null, \"message\": \"Brak dostpnej cieki z R6_OUT do B3c_IN\", \"available\": false, \"path_length\": 0, \"segments_used\": []}',0,11,'2025-07-18 19:54:41'),(69,'connection_test','B11c_IN','B6c_IN','{\"valve_states\": null}','{\"path\": null, \"message\": \"Brak dostpnej cieki z B11c_IN do B6c_IN\", \"available\": false, \"path_length\": 0, \"segments_used\": []}',0,12,'2025-07-18 19:58:51'),(70,'connection_test','B7c_IN','B6c_IN','{\"valve_states\": null}','{\"path\": null, \"message\": \"Brak dostpnej cieki z B7c_IN do B6c_IN\", \"available\": false, \"path_length\": 0, \"segments_used\": []}',0,10,'2025-07-18 19:59:11'),(71,'connection_test','B7c_IN','B6c_IN','{\"valve_states\": null}','{\"path\": null, \"message\": \"Brak dostpnej cieki z B7c_IN do B6c_IN\", \"available\": false, \"path_length\": 0, \"segments_used\": []}',0,8,'2025-07-18 19:59:25'),(72,'connection_test','B7c_IN','B6c_IN','{\"valve_states\": null}','{\"path\": null, \"message\": \"Brak dostpnej cieki z B7c_IN do B6c_IN\", \"available\": false, \"path_length\": 0, \"segments_used\": []}',0,9,'2025-07-18 19:59:26'),(73,'connection_test','B7c_IN','B6c_IN','{\"valve_states\": null}','{\"path\": null, \"message\": \"Brak dostpnej cieki z B7c_IN do B6c_IN\", \"available\": false, \"path_length\": 0, \"segments_used\": []}',0,10,'2025-07-18 19:59:27'),(74,'connection_test','B7c_IN','B6c_IN','{\"valve_states\": null}','{\"path\": null, \"message\": \"Brak dostpnej cieki z B7c_IN do B6c_IN\", \"available\": false, \"path_length\": 0, \"segments_used\": []}',0,8,'2025-07-18 19:59:27'),(75,'connection_test','w_b7c_in','w_b6c_in','{\"valve_states\": null}','{\"path\": [\"SEGM_W_B7c_IN_W_B6c_IN\"], \"message\": \"Znaleziono ciek z w_b7c_in do w_b6c_in\", \"available\": true, \"path_length\": 1, \"segments_used\": []}',1,12,'2025-07-18 19:59:53'),(76,'connection_test','w_b7c_in','w_b1c_in','{\"valve_states\": null}','{\"path\": null, \"message\": \"Brak dostpnej cieki z w_b7c_in do w_b1c_in\", \"available\": false, \"path_length\": 0, \"segments_used\": []}',0,10,'2025-07-18 20:00:10'),(77,'connection_test','w_b7c_in','w_b4c_in','{\"valve_states\": null}','{\"path\": [\"SEGM_W_B7c_IN_W_B6c_IN\", \"SEGM_W_B6c_IN_W_B5c_IN\", \"SEGM_W_B5c_IN_W_B4c_IN\"], \"message\": \"Znaleziono ciek z w_b7c_in do w_b4c_in\", \"available\": true, \"path_length\": 3, \"segments_used\": []}',1,23,'2025-07-18 20:00:57'),(78,'connection_test','w_b7c_in','w_b4c_b3c_b2c_b1c_in','{\"valve_states\": null}','{\"path\": null, \"message\": \"Brak dostpnej cieki z w_b7c_in do w_b4c_b3c_b2c_b1c_in\", \"available\": false, \"path_length\": 0, \"segments_used\": []}',0,11,'2025-07-18 20:01:13'),(79,'connection_test','w_b7c_in','w_b4c_b3c_b2c_b1c_in','{\"valve_states\": null}','{\"path\": [\"SEGM_W_B7c_IN_W_B6c_IN\", \"SEGM_W_B6c_IN_W_B5c_IN\", \"SEGM_W_B5c_IN_W_B4c_IN\", \"SEGM_W_B4c_B3c_B2c_B1c_IN_W_B4c_IN\"], \"message\": \"Znaleziono ciek z w_b7c_in do w_b4c_b3c_b2c_b1c_in\", \"available\": true, \"path_length\": 4, \"segments_used\": []}',1,24,'2025-07-18 20:09:38'),(80,'connection_test','w_b7c_in','w_b2c_b1c_in','{\"valve_states\": null}','{\"path\": [\"SEGM_W_B7c_IN_W_B6c_IN\", \"SEGM_W_B6c_IN_W_B5c_IN\", \"SEGM_W_B5c_IN_W_B4c_IN\", \"SEGM_W_B4c_B3c_B2c_B1c_IN_W_B4c_IN\", \"SEGM_W_B4c_B3c_B2c_B1c_IN_W_B2c_B1c_IN\"], \"message\": \"Znaleziono ciek z w_b7c_in do w_b2c_b1c_in\", \"available\": true, \"path_length\": 5, \"segments_used\": []}',1,29,'2025-07-18 20:10:00'),(81,'connection_test','w_b7c_in','w_b1c_in','{\"valve_states\": null}','{\"path\": null, \"message\": \"Brak dostpnej cieki z w_b7c_in do w_b1c_in\", \"available\": false, \"path_length\": 0, \"segments_used\": []}',0,7,'2025-07-18 20:10:40'),(82,'connection_test','w_b7c_in','B1c_IN','{\"valve_states\": null}','{\"path\": [\"SEGM_W_B7c_IN_W_B6c_IN\", \"SEGM_W_B6c_IN_W_B5c_IN\", \"SEGM_W_B5c_IN_W_B4c_IN\", \"SEGM_W_B4c_B3c_B2c_B1c_IN_W_B4c_IN\", \"SEGM_W_B4c_B3c_B2c_B1c_IN_W_B2c_B1c_IN\", \"segm_w_b2c_b1c_in_b1c_in\"], \"message\": \"Znaleziono ciek z w_b7c_in do B1c_IN\", \"available\": true, \"path_length\": 6, \"segments_used\": []}',1,28,'2025-07-18 20:11:27'),(83,'connection_test','R6_OUT','B1c_IN','{\"valve_states\": null}','{\"path\": [\"SEGM_R6_OUT_W_R5_R6\", \"SEGM_W_R5_R6_DO_W_R4_R5\", \"SEGM_W_R4_R5_DO_W_R4_FZ\", \"SEGM_W_R4_FZ_DO_W_FZ_IN_MAIN\", \"SEGM_W_FZ_IN_MAIN_DO_FZ_IN\", \"SEGM_FZ_IN_DO_FZ_OUT\", \"segm_fz_out_w_fz_fn_oczyszczalnia\", \"segm_w_fz_fn_oczyszczalnia_w_pompa_mieszanki_up\", \"segm_w_pompa_mieszanki_up_w_b8c_in\", \"SEGM_W_B8c_IN_W_B7c_IN\", \"SEGM_W_B7c_IN_W_B6c_IN\", \"SEGM_W_B6c_IN_W_B5c_IN\", \"SEGM_W_B5c_IN_W_B4c_IN\", \"SEGM_W_B4c_B3c_B2c_B1c_IN_W_B4c_IN\", \"SEGM_W_B4c_B3c_B2c_B1c_IN_W_B2c_B1c_IN\", \"segm_w_b2c_b1c_in_b1c_in\"], \"message\": \"Znaleziono ciek z R6_OUT do B1c_IN\", \"available\": true, \"path_length\": 16, \"segments_used\": []}',1,60,'2025-07-18 20:11:41'),(84,'find_paths','CYSTERNA_B12C_OUT','B11c_IN','{\"max_paths\": 5}','{\"count\": 0, \"paths\": [], \"message\": \"Brak dostpnych cieek z CYSTERNA_B12C_OUT do B11c_IN\"}',0,19,'2025-07-27 19:11:03'),(85,'connection_test','CYSTERNA_B12C_OUT','B11c_IN','{\"valve_states\": null}','{\"path\": null, \"message\": \"Brak dostpnej cieki z CYSTERNA_B12C_OUT do B11c_IN\", \"available\": false, \"path_length\": 0, \"segments_used\": []}',0,16,'2025-07-27 19:11:08'),(86,'connection_test','B11c_OUT','B10c_IN','{\"valve_states\": null}','{\"path\": null, \"message\": \"Brak dostpnej cieki z B11c_OUT do B10c_IN\", \"available\": false, \"path_length\": 0, \"segments_used\": []}',0,23,'2025-07-27 19:27:52'),(87,'connection_test','B10c_OUT','B11c_OUT','{\"valve_states\": null}','{\"path\": null, \"message\": \"Brak dostpnej cieki z B10c_OUT do B11c_OUT\", \"available\": false, \"path_length\": 0, \"segments_used\": []}',0,19,'2025-07-27 19:31:13'),(88,'connection_test','B10c_OUT','w_b8c_in','{\"valve_states\": null}','{\"path\": null, \"message\": \"Brak dostpnej cieki z B10c_OUT do w_b8c_in\", \"available\": false, \"path_length\": 0, \"segments_used\": []}',0,21,'2025-07-27 19:31:55'),(89,'connection_test','FN_OUT','w_b8c_in','{\"valve_states\": null}','{\"path\": null, \"message\": \"Brak dostpnej cieki z FN_OUT do w_b8c_in\", \"available\": false, \"path_length\": 0, \"segments_used\": []}',0,23,'2025-07-27 19:32:27'),(90,'connection_test','FN_OUT','w_b4c_in','{\"valve_states\": null}','{\"path\": null, \"message\": \"Brak dostpnej cieki z FN_OUT do w_b4c_in\", \"available\": false, \"path_length\": 0, \"segments_used\": []}',0,16,'2025-07-27 19:32:40'),(91,'connection_test','w_pompa_mieszanki_up','w_b4c_in','{\"valve_states\": null}','{\"path\": null, \"message\": \"Brak dostpnej cieki z w_pompa_mieszanki_up do w_b4c_in\", \"available\": false, \"path_length\": 0, \"segments_used\": []}',0,20,'2025-07-27 19:33:04'),(92,'connection_test','w_b6c_in','w_b4c_in','{\"valve_states\": null}','{\"path\": null, \"message\": \"Brak dostpnej cieki z w_b6c_in do w_b4c_in\", \"available\": false, \"path_length\": 0, \"segments_used\": []}',0,17,'2025-07-27 19:33:24'),(93,'connection_test','w_pompa_mieszanki_up','B3c_IN','{\"valve_states\": null}','{\"path\": [\"segm_w_pompa_mieszanki_up_w_b8c_in\", \"SEGM_W_B8c_IN_W_B7c_IN\", \"SEGM_W_B7c_IN_W_B6c_IN\", \"SEGM_W_B6c_IN_W_B5c_IN\", \"SEGM_W_B5c_IN_W_B4c_IN\", \"SEGM_W_B4c_B3c_B2c_B1c_IN_W_B4c_IN\", \"segm_w_b4c_b3c_b2c_b1c_in_b3c_in\"], \"message\": \"Znaleziono ciek z w_pompa_mieszanki_up do B3c_IN\", \"available\": true, \"path_length\": 7, \"segments_used\": []}',1,51,'2025-07-27 19:35:24'),(94,'connection_test','w_pompa_mieszanki_up','B4c_IN','{\"valve_states\": null}','{\"path\": [\"segm_w_pompa_mieszanki_up_w_b8c_in\", \"SEGM_W_B8c_IN_W_B7c_IN\", \"SEGM_W_B7c_IN_W_B6c_IN\", \"SEGM_W_B6c_IN_W_B5c_IN\", \"SEGM_W_B5c_IN_W_B4c_IN\", \"SEGM_W_B4c_IN_B4c_IN\"], \"message\": \"Znaleziono ciek z w_pompa_mieszanki_up do B4c_IN\", \"available\": true, \"path_length\": 6, \"segments_used\": []}',1,47,'2025-07-27 19:36:17'),(95,'connection_test','CYSTERNA_B12C_OUT','B10c_IN','{\"valve_states\": null}','{\"path\": [\"segm_cysterna_b12c_out_w_pompa_b12c\", \"SEGM_W_POMPA_B12c_W_B12c_IN\", \"SEGM_W_B12c_IN_W_B11c_IN\", \"SEGM_W_B11c_IN_W_B10c_IN\", \"SEGM_W_B10c_IN_B10c_IN\"], \"message\": \"Znaleziono ciek z CYSTERNA_B12C_OUT do B10c_IN\", \"available\": true, \"path_length\": 5, \"segments_used\": []}',1,45,'2025-07-27 19:39:56'),(96,'connection_test','AP1_OUT','B10b_IN','{\"valve_states\": null}','{\"path\": null, \"message\": \"Brak dostpnej cieki z AP1_OUT do B10b_IN\", \"available\": false, \"path_length\": 0, \"segments_used\": []}',0,8,'2025-08-13 19:51:02'),(97,'connection_test','AP1_OUT','B10b_IN','{\"valve_states\": null}','{\"path\": [\"segm_ap1_out_w_ap1_out\", \"segm_w_ap1_w_niebieska_out\", \"segm_w_niebieska_out_w_cys_mauzer_out\", \"segm_w_cys_mauzer_out_w_b10b_out\", \"segm_w_b10b_out_w_b9b_out\", \"segm_w_b9b_out_w_p2_down\", \"segm_w_p2_down_w_p2_up\", \"segm_w_p2_up_w_b9b_in\", \"segm_w_b9b_in_w_b10b_in\", \"segm_w_b10b_in_b10b_in\"], \"message\": \"Znaleziono ciek z AP1_OUT do B10b_IN\", \"available\": true, \"path_length\": 10, \"segments_used\": []}',1,48,'2025-08-13 19:52:32'),(98,'connection_test','CYSTERNA_B1b_OUT','B10b_IN','{\"valve_states\": null}','{\"path\": null, \"message\": \"Brak dostpnej cieki z CYSTERNA_B1b_OUT do B10b_IN\", \"available\": false, \"path_length\": 0, \"segments_used\": []}',0,12,'2025-08-13 19:52:57'),(99,'connection_test','CYSTERNA_B1b_OUT','R1_IN','{\"valve_states\": null}','{\"path\": [\"segm_cysterna_b1b_out_w_cysterna_bypass\", \"segm_w_cysterna_bypass_w_b1b_out\", \"segm_w_b1b_out_w_b2b_out\", \"segm_w_b2b_out_w_b3b_out\", \"segm_w_b3b_out_w_b4b_out\", \"segm_w_b4b_out_w_b5b_out\", \"segm_w_b5b_out_w_b6b_out\", \"segm_w_b6b_out_w_b7b_out\", \"segm_w_b7b_out_w_b8b_out\", \"segm_w_b8b_out_w_p3_down\", \"segm_w_p3_down_w_tankowanie\", \"segm_w_tankowanie_r1_in\"], \"message\": \"Znaleziono ciek z CYSTERNA_B1b_OUT do R1_IN\", \"available\": true, \"path_length\": 12, \"segments_used\": []}',1,51,'2025-08-13 19:53:40');
/*!40000 ALTER TABLE `pathfinder_test_history` ENABLE KEYS */;
UNLOCK TABLES;

--
-- Table structure for table `porty_sprzetu`
--

DROP TABLE IF EXISTS `porty_sprzetu`;
/*!40101 SET @saved_cs_client     = @@character_set_client */;
/*!50503 SET character_set_client = utf8mb4 */;
CREATE TABLE `porty_sprzetu` (
  `id` int NOT NULL AUTO_INCREMENT,
  `id_sprzetu` int NOT NULL,
  `nazwa_portu` varchar(50) CHARACTER SET utf8mb4 COLLATE utf8mb4_0900_ai_ci NOT NULL,
  `typ_portu` enum('IN','OUT') CHARACTER SET utf8mb4 COLLATE utf8mb4_0900_ai_ci NOT NULL,
  PRIMARY KEY (`id`),
  UNIQUE KEY `nazwa_portu` (`nazwa_portu`),
  KEY `id_sprzetu` (`id_sprzetu`),
  CONSTRAINT `porty_sprzetu_ibfk_1` FOREIGN KEY (`id_sprzetu`) REFERENCES `sprzet` (`id`) ON DELETE CASCADE
) ENGINE=InnoDB AUTO_INCREMENT=126 DEFAULT CHARSET=utf8mb4 COLLATE=utf8mb4_unicode_ci COMMENT='Punkty wejciowe/wyjciowe na sprzcie (reaktorach, filtrach)';
/*!40101 SET character_set_client = @saved_cs_client */;

--
-- Dumping data for table `porty_sprzetu`
--

LOCK TABLES `porty_sprzetu` WRITE;
/*!40000 ALTER TABLE `porty_sprzetu` DISABLE KEYS */;
INSERT INTO `porty_sprzetu` VALUES (1,1,'R1_IN','IN'),(2,1,'R1_OUT','OUT'),(3,2,'R2_IN','IN'),(4,2,'R2_OUT','OUT'),(5,3,'R3_IN','IN'),(6,3,'R3_OUT','OUT'),(7,4,'R4_IN','IN'),(8,4,'R4_OUT','OUT'),(9,5,'R5_IN','IN'),(10,5,'R5_OUT','OUT'),(11,6,'FZ_IN','IN'),(12,6,'FZ_OUT','OUT'),(13,7,'FN_IN','IN'),(14,7,'FN_OUT','OUT'),(16,10,'R6_IN','IN'),(17,11,'R7_IN','IN'),(18,12,'R8_IN','IN'),(19,13,'R9_IN','IN'),(23,10,'R6_OUT','OUT'),(24,11,'R7_OUT','OUT'),(25,12,'R8_OUT','OUT'),(26,13,'R9_OUT','OUT'),(27,8,'B1b_OUT','OUT'),(28,18,'B2b_OUT','OUT'),(29,19,'B3b_OUT','OUT'),(30,20,'B4b_OUT','OUT'),(31,21,'B5b_OUT','OUT'),(32,22,'B6b_OUT','OUT'),(33,23,'B7b_OUT','OUT'),(34,24,'B8b_OUT','OUT'),(35,25,'B9b_OUT','OUT'),(36,26,'B10b_OUT','OUT'),(43,8,'B1b_IN','IN'),(44,18,'B2b_IN','IN'),(45,19,'B3b_IN','IN'),(46,20,'B4b_IN','IN'),(47,21,'B5b_IN','IN'),(48,22,'B6b_IN','IN'),(49,23,'B7b_IN','IN'),(50,24,'B8b_IN','IN'),(51,25,'B9b_IN','IN'),(52,26,'B10b_IN','IN'),(58,9,'B1c_IN','IN'),(59,28,'B2c_IN','IN'),(60,29,'B3c_IN','IN'),(61,30,'B4c_IN','IN'),(62,31,'B5c_IN','IN'),(63,32,'B6c_IN','IN'),(64,33,'B7c_IN','IN'),(65,34,'B8c_IN','IN'),(66,35,'B9c_IN','IN'),(67,36,'B10c_IN','IN'),(68,37,'B11c_IN','IN'),(69,38,'B12c_IN','IN'),(73,9,'B1c_OUT','OUT'),(74,28,'B2c_OUT','OUT'),(75,29,'B3c_OUT','OUT'),(76,30,'B4c_OUT','OUT'),(77,31,'B5c_OUT','OUT'),(78,32,'B6c_OUT','OUT'),(79,33,'B7c_OUT','OUT'),(80,34,'B8c_OUT','OUT'),(81,35,'B9c_OUT','OUT'),(82,36,'B10c_OUT','OUT'),(83,37,'B11c_OUT','OUT'),(84,38,'B12c_OUT','OUT'),(106,107,'AP1_IN','IN'),(107,107,'AP1_OUT','OUT'),(108,108,'AP2_IN','IN'),(109,108,'AP2_OUT','OUT'),(110,109,'NIEBIESKI_IN','IN'),(111,109,'NIEBIESKI_OUT','OUT'),(112,111,'MAUZER_IN','IN'),(113,111,'MAUZER_OUT','OUT'),(118,110,'CYSTERNA_B1b_IN','IN'),(119,110,'CYSTERNA_B1b_OUT','OUT'),(120,114,'CYSTERNA_B10b_IN','IN'),(121,114,'CYSTERNA_B10b_OUT','OUT'),(122,115,'BIALA_IN','IN'),(123,115,'BIALA_OUT','OUT'),(124,116,'CYSTERNA_B12c_IN','IN'),(125,116,'CYSTERNA_B12c_OUT','OUT');
/*!40000 ALTER TABLE `porty_sprzetu` ENABLE KEYS */;
UNLOCK TABLES;

--
-- Table structure for table `probki_ocena`
--

DROP TABLE IF EXISTS `probki_ocena`;
/*!40101 SET @saved_cs_client     = @@character_set_client */;
/*!50503 SET character_set_client = utf8mb4 */;
CREATE TABLE `probki_ocena` (
  `id` int NOT NULL AUTO_INCREMENT,
  `id_partii` int NOT NULL,
  `id_cyklu_filtracyjnego` int NOT NULL,
  `czas_pobrania` datetime NOT NULL,
  `czas_oceny` datetime DEFAULT NULL,
  `wynik_oceny` enum('pozytywna','negatywna','oczekuje') CHARACTER SET utf8mb4 COLLATE utf8mb4_0900_ai_ci DEFAULT 'oczekuje',
  `ocena_koloru` varchar(50) CHARACTER SET utf8mb4 COLLATE utf8mb4_0900_ai_ci DEFAULT NULL,
  `decyzja` enum('kontynuuj_filtracje','wyslij_do_magazynu','dodaj_ziemie') CHARACTER SET utf8mb4 COLLATE utf8mb4_0900_ai_ci DEFAULT NULL,
  `operator_oceniajacy` varchar(100) CHARACTER SET utf8mb4 COLLATE utf8mb4_0900_ai_ci DEFAULT NULL,
  `uwagi` text CHARACTER SET utf8mb4 COLLATE utf8mb4_0900_ai_ci,
  PRIMARY KEY (`id`),
  KEY `id_cyklu_filtracyjnego` (`id_cyklu_filtracyjnego`),
  KEY `idx_partia_czas` (`id_partii`,`czas_pobrania`),
  CONSTRAINT `probki_ocena_ibfk_1` FOREIGN KEY (`id_partii`) REFERENCES `partie_surowca` (`id`) ON DELETE CASCADE,
  CONSTRAINT `probki_ocena_ibfk_2` FOREIGN KEY (`id_cyklu_filtracyjnego`) REFERENCES `cykle_filtracyjne` (`id`) ON DELETE CASCADE
) ENGINE=InnoDB DEFAULT CHARSET=utf8mb4 COLLATE=utf8mb4_unicode_ci COMMENT='Rejestr prbek i ich ocen podczas procesu filtracji';
/*!40101 SET character_set_client = @saved_cs_client */;

--
-- Dumping data for table `probki_ocena`
--

LOCK TABLES `probki_ocena` WRITE;
/*!40000 ALTER TABLE `probki_ocena` DISABLE KEYS */;
/*!40000 ALTER TABLE `probki_ocena` ENABLE KEYS */;
UNLOCK TABLES;

--
-- Table structure for table `segmenty`
--

DROP TABLE IF EXISTS `segmenty`;
/*!40101 SET @saved_cs_client     = @@character_set_client */;
/*!50503 SET character_set_client = utf8mb4 */;
CREATE TABLE `segmenty` (
  `id` int NOT NULL AUTO_INCREMENT,
  `nazwa_segmentu` varchar(100) CHARACTER SET utf8mb4 COLLATE utf8mb4_0900_ai_ci NOT NULL,
  `id_portu_startowego` int DEFAULT NULL,
  `id_wezla_startowego` int DEFAULT NULL,
  `id_portu_koncowego` int DEFAULT NULL,
  `id_wezla_koncowego` int DEFAULT NULL,
  `id_zaworu` int NOT NULL,
  PRIMARY KEY (`id`),
  UNIQUE KEY `nazwa_segmentu` (`nazwa_segmentu`),
  KEY `id_portu_startowego` (`id_portu_startowego`),
  KEY `id_wezla_startowego` (`id_wezla_startowego`),
  KEY `id_portu_koncowego` (`id_portu_koncowego`),
  KEY `id_wezla_koncowego` (`id_wezla_koncowego`),
  KEY `id_zaworu` (`id_zaworu`),
  CONSTRAINT `segmenty_ibfk_1` FOREIGN KEY (`id_portu_startowego`) REFERENCES `porty_sprzetu` (`id`),
  CONSTRAINT `segmenty_ibfk_2` FOREIGN KEY (`id_wezla_startowego`) REFERENCES `wezly_rurociagu` (`id`),
  CONSTRAINT `segmenty_ibfk_3` FOREIGN KEY (`id_portu_koncowego`) REFERENCES `porty_sprzetu` (`id`),
  CONSTRAINT `segmenty_ibfk_4` FOREIGN KEY (`id_wezla_koncowego`) REFERENCES `wezly_rurociagu` (`id`),
  CONSTRAINT `segmenty_ibfk_5` FOREIGN KEY (`id_zaworu`) REFERENCES `zawory` (`id`)
) ENGINE=InnoDB AUTO_INCREMENT=241 DEFAULT CHARSET=utf8mb4 COLLATE=utf8mb4_unicode_ci COMMENT='Definiuje fizyczne poczenia (krawdzie grafu)';
/*!40101 SET character_set_client = @saved_cs_client */;

--
-- Dumping data for table `segmenty`
--

LOCK TABLES `segmenty` WRITE;
/*!40000 ALTER TABLE `segmenty` DISABLE KEYS */;
INSERT INTO `segmenty` VALUES (1,'SEGM_R3_OUT_DO_W_R2_R3',6,NULL,NULL,1,1),(2,'SEGM_W_R2_R3_DO_W_R1_R2',NULL,1,NULL,2,2),(3,'SEGM_W_R1_R2_DO_W_R1_FZ',NULL,2,NULL,3,3),(4,'SEGM_R5_OUT_DO_W_R4_R5',10,NULL,NULL,4,4),(5,'SEGM_W_R4_R5_DO_W_R4_FZ',NULL,4,NULL,5,5),(6,'SEGM_W_R1_FZ_DO_W_FZ_IN_MAIN',NULL,3,NULL,6,6),(7,'SEGM_W_R4_FZ_DO_W_FZ_IN_MAIN',NULL,5,NULL,6,7),(8,'SEGM_W_FZ_IN_MAIN_DO_FZ_IN',NULL,6,11,NULL,8),(9,'SEGM_FZ_OUT_DO_W_FZ_OUT_MAIN',12,NULL,NULL,7,9),(10,'SEGM_W_FZ_OUT_MAIN_DO_R1_IN',NULL,7,1,NULL,10),(11,'SEGM_W_FZ_OUT_MAIN_DO_R2_IN',NULL,7,3,NULL,11),(12,'SEGM_W_FZ_OUT_MAIN_DO_R3_IN',NULL,7,5,NULL,12),(13,'SEGM_W_FZ_OUT_MAIN_DO_R4_IN',NULL,7,7,NULL,13),(14,'SEGM_W_FZ_OUT_MAIN_DO_R5_IN',NULL,7,9,NULL,14),(15,'SEGM_FZ_IN_DO_FZ_OUT',11,NULL,12,NULL,15),(16,'SEGM_R2_OUT_DO_W_R1_R2',4,NULL,NULL,2,16),(17,'SEGM_R1_OUT_DO_W_R1_FZ',2,NULL,NULL,3,17),(18,'SEGM_R4_OUT_DO_W_R4_FZ',8,NULL,NULL,5,18),(21,'SEGM_FN_IN_DO_FN_OUT',13,NULL,14,NULL,21),(22,'SEGM_W_R3_R6_R9_W_R3_R2',NULL,13,NULL,1,30),(23,'SEGM_W_R7_R8_W_R8_R9',NULL,11,NULL,10,27),(24,'SEGM_W_R7_FN_W_R7_R8',NULL,10,NULL,9,26),(25,'SEGM_R7_OUT_W_R7_FN',24,NULL,NULL,9,22),(26,'SEGM_R8_OUT_W_R7_R8',25,NULL,NULL,10,23),(27,'SEGM_R9_OUT_W_R8_R9',26,NULL,NULL,11,24),(28,'SEGM_W_R8_R9_W_R3_R6_R9',NULL,11,NULL,13,28),(31,'SEGM_W_R3_R6_R9_W_R5_R6',NULL,13,NULL,15,29),(32,'SEGM_W_R7_FN_FN_IN',NULL,9,13,NULL,25),(33,'SEGM_R6_OUT_W_R5_R6',23,NULL,NULL,15,31),(34,'SEGM_W_R4_R5_W_R5_R6',NULL,4,NULL,15,32),(36,'SEGM_FN_OUT_DO_W_FN_OUT',14,NULL,NULL,8,33),(37,'SEGM_W_FN_OUT_MAIN_DO_R6_IN',NULL,8,16,NULL,34),(38,'SEGM_W_FN_OUT_MAIN_DO_R7_IN',NULL,8,17,NULL,35),(39,'SEGM_W_FN_OUT_MAIN_DO_R8_IN',NULL,8,18,NULL,36),(40,'SEGM_W_FN_OUT_MAIN_DO_R9_IN',NULL,8,19,NULL,37),(48,'SEGM_W_R1_FZ_DO_W_R1_R2',NULL,3,NULL,2,3),(49,'SEGM_W_R1_R2_DO_W_R2_R3',NULL,2,NULL,1,2),(50,'SEGM_W_R4_FZ_DO_W_R4_R5',NULL,5,NULL,4,5),(51,'SEGM_W_R5_R6_DO_W_R4_R5',NULL,15,NULL,4,32),(52,'SEGM_W_R2_R3_DO_W_R3_R6_R9',NULL,1,NULL,13,30),(53,'SEGM_W_R5_R6_DO_W_R3_R6_R9',NULL,15,NULL,13,29),(54,'SEGM_W_R7_FN_DO_W_R7_R8',NULL,9,NULL,10,26),(55,'SEGM_W_R7_R8_DO_W_R8_R9',NULL,10,NULL,11,27),(56,'SEGM_W_R8_R9_DO_W_R3_R6_R9',NULL,13,NULL,11,28),(57,'segm_b1b_out_w_b1b_out',27,NULL,NULL,16,38),(58,'segm_b2b_out_w_b2b_out',28,NULL,NULL,17,39),(59,'segm_b3b_out_w_b3b_out',29,NULL,NULL,18,40),(60,'segm_b4b_out_w_b4b_out',30,NULL,NULL,19,41),(61,'segm_b5b_out_w_b5b_out',31,NULL,NULL,20,42),(62,'segm_b6b_out_w_b6b_out',32,NULL,NULL,21,43),(63,'segm_b7b_out_w_b7b_out',33,NULL,NULL,22,44),(64,'segm_b8b_out_w_b8b_out',34,NULL,NULL,23,45),(65,'segm_w_b1b_in_b1b_in',NULL,24,43,NULL,46),(66,'segm_w_b2b_in_b2b_in',NULL,25,44,NULL,47),(67,'segm_w_b3b_in_b3b_in',NULL,26,45,NULL,48),(68,'segm_w_b4b_in_b4b_in',NULL,27,46,NULL,49),(69,'segm_w_b5b_in_b5b_in',NULL,28,47,NULL,50),(70,'segm_w_b6b_in_b6b_in',NULL,29,48,NULL,51),(71,'segm_w_b7b_in_b7b_in',NULL,30,49,NULL,52),(72,'segm_w_b8b_in_b8b_in',NULL,31,50,NULL,53),(73,'segm_w_b1b_out_w_b2b_out',NULL,16,NULL,17,54),(74,'segm_w_b2b_out_w_b1b_out',NULL,17,NULL,16,54),(75,'segm_w_b2b_out_w_b3b_out',NULL,17,NULL,18,55),(76,'segm_w_b3b_out_w_b2b_out',NULL,18,NULL,17,55),(77,'segm_w_b3b_out_w_b4b_out',NULL,18,NULL,19,56),(78,'segm_w_b4b_out_w_b3b_out',NULL,19,NULL,18,56),(79,'segm_w_b4b_out_w_b5b_out',NULL,19,NULL,20,57),(80,'segm_w_b5b_out_w_b4b_out',NULL,20,NULL,19,57),(81,'segm_w_b5b_out_w_b6b_out',NULL,20,NULL,21,58),(82,'segm_w_b6b_out_w_b5b_out',NULL,21,NULL,20,58),(83,'segm_w_b6b_out_w_b7b_out',NULL,21,NULL,22,59),(84,'segm_w_b7b_out_w_b6b_out',NULL,22,NULL,21,59),(85,'segm_w_b7b_out_w_b8b_out',NULL,22,NULL,23,60),(86,'segm_w_b8b_out_w_b7b_out',NULL,23,NULL,22,60),(87,'segm_w_b8b_in_w_b7b_in',NULL,31,NULL,30,61),(88,'segm_w_b7b_in_w_b8b_in',NULL,30,NULL,31,61),(89,'segm_w_b7b_in_w_b6b_in',NULL,30,NULL,29,62),(90,'segm_w_b6b_in_w_b7b_in',NULL,29,NULL,30,62),(91,'segm_w_b6b_in_w_b5b_in',NULL,29,NULL,28,63),(92,'segm_w_b5b_in_w_b6b_in',NULL,28,NULL,29,63),(93,'segm_w_b5b_in_w_b4b_in',NULL,28,NULL,27,64),(94,'segm_w_b4b_in_w_b5b_in',NULL,27,NULL,28,64),(95,'segm_w_b4b_in_w_b3b_in',NULL,27,NULL,26,65),(96,'segm_w_b3b_in_w_b4b_in',NULL,26,NULL,27,65),(97,'segm_w_b3b_in_w_b2b_in',NULL,26,NULL,25,66),(98,'segm_w_b2b_in_w_b3b_in',NULL,25,NULL,26,66),(99,'segm_w_b2b_in_w_b1b_in',NULL,25,NULL,24,67),(100,'segm_w_b1b_in_w_b2b_in',NULL,24,NULL,25,67),(101,'segm_w_b8b_out_w_p3_down',NULL,23,NULL,34,68),(102,'segm_w_p3_down_w_p3_up',NULL,34,NULL,33,69),(103,'segm_w_p3_down_w_tankowanie',NULL,34,NULL,35,70),(104,'segm_w_p3_up_w_b8b_in',NULL,33,NULL,31,71),(105,'segm_w_tankowanie_r1_in',NULL,35,1,NULL,72),(106,'segm_w_tankowanie_r2_in',NULL,35,3,NULL,73),(107,'segm_w_tankowanie_r3_in',NULL,35,5,NULL,74),(108,'segm_w_tankowanie_r4_in',NULL,35,7,NULL,75),(109,'segm_w_tankowanie_r5_in',NULL,35,9,NULL,76),(110,'segm_w_tankowanie_r6_in',NULL,35,16,NULL,77),(111,'segm_w_tankowanie_r7_in',NULL,35,17,NULL,78),(112,'segm_w_tankowanie_r8_in',NULL,35,18,NULL,79),(113,'segm_w_tankowanie_r9_in',NULL,35,19,NULL,80),(114,'segm_w_b1b_in_w_cysterna_bypass',NULL,24,NULL,32,81),(115,'segm_w_cysterna_bypass_w_b1b_out',NULL,32,NULL,16,82),(116,'segm_b9b_out_w_b9b_out',35,NULL,NULL,52,83),(117,'segm_b10b_out_w_b10b_out',36,NULL,NULL,53,84),(118,'segm_w_b9b_in_b9b_in',NULL,54,51,NULL,85),(119,'segm_w_b10b_in_b10b_in',NULL,55,52,NULL,86),(122,'segm_ap1_out_w_ap1_out',107,NULL,NULL,57,88),(123,'segm_ap2_out_w_ap2_out',109,NULL,NULL,59,90),(128,'segm_w_b9b_out_w_b10b_out',NULL,53,NULL,52,106),(129,'segm_w_b10b_in_w_b9b_in',NULL,55,NULL,54,107),(130,'SEGM_W_R3_R6_R9_W_p3_down',NULL,13,NULL,34,109),(131,'segm_w_ap2_out_w_ap1_out',NULL,59,NULL,57,110),(132,'segm_w_ap1_w_niebieska_out',NULL,57,NULL,68,111),(133,'segm_w_niebieska_out_w_cys_mauzer_out',NULL,68,NULL,69,112),(134,'segm_w_cys_mauzer_out_w_b10b_out',NULL,69,NULL,53,113),(135,'segm_w_b10b_out_w_b9b_out',NULL,53,NULL,52,114),(136,'segm_w_b9b_out_w_p2_down',NULL,52,NULL,70,115),(137,'segm_w_p2_down_w_p2_up',NULL,70,NULL,71,116),(138,'segm_w_p2_up_w_b9b_in',NULL,71,NULL,54,117),(139,'segm_w_b9b_in_w_b10b_in',NULL,54,NULL,55,118),(140,'segm_w_p2_up_w_r3_r6_r9',NULL,71,NULL,13,119),(141,'SEGM_CYSTERNA_B10b_out_w_cyst_mauzer',121,NULL,NULL,69,120),(142,'SEGM_B12c_OUT_W_B12c_OUT',84,NULL,NULL,74,121),(143,'SEGM_B11c_OUT_W_B11c_OUT',83,NULL,NULL,76,123),(144,'SEGM_B10c_OUT_W_B10c_OUT',82,NULL,NULL,78,125),(145,'SEGM_B9c_OUT_W_B9c_OUT',81,NULL,NULL,80,127),(146,'SEGM_B8c_OUT_W_B8c_OUT',80,NULL,NULL,82,129),(147,'SEGM_B7c_OUT_W_B7c_OUT',79,NULL,NULL,84,131),(148,'SEGM_B6c_OUT_W_B6c_OUT',78,NULL,NULL,86,133),(149,'SEGM_B5c_OUT_W_B5c_OUT',77,NULL,NULL,88,135),(150,'SEGM_B4c_OUT_W_B4c_OUT',76,NULL,NULL,90,137),(151,'SEGM_B3c_OUT_W_B3c_OUT',75,NULL,NULL,92,139),(152,'SEGM_B2c_OUT_W_B2c_OUT',74,NULL,NULL,94,141),(153,'SEGM_B1c_OUT_W_B1c_OUT',73,NULL,NULL,96,143),(154,'SEGM_W_B12c_IN_B12c_IN',NULL,73,69,NULL,122),(155,'SEGM_W_B11c_IN_B11c_IN',NULL,75,68,NULL,124),(156,'SEGM_W_B10c_IN_B10c_IN',NULL,77,67,NULL,126),(157,'SEGM_W_B9c_IN_B9c_IN',NULL,79,66,NULL,128),(158,'SEGM_W_B8c_IN_B8c_IN',NULL,81,65,NULL,130),(159,'SEGM_W_B7c_IN_B7c_IN',NULL,83,64,NULL,132),(160,'SEGM_W_B6c_IN_B6c_IN',NULL,85,63,NULL,134),(161,'SEGM_W_B5c_IN_B5c_IN',NULL,87,62,NULL,136),(162,'SEGM_W_B4c_IN_B4c_IN',NULL,89,61,NULL,138),(166,'SEGM_W_B12c_OUT_W_B11c_OUT',NULL,74,NULL,76,145),(167,'SEGM_W_B11c_OUT_W_B12c_OUT',NULL,76,NULL,74,145),(168,'SEGM_W_B11c_OUT_W_B10c_OUT',NULL,76,NULL,78,146),(169,'SEGM_W_B10c_OUT_W_B11c_OUT',NULL,78,NULL,76,146),(176,'SEGM_W_B7c_OUT_W_B6c_OUT',NULL,84,NULL,86,150),(177,'SEGM_W_B6c_OUT_W_B7c_OUT',NULL,86,NULL,84,150),(178,'SEGM_W_B6c_OUT_W_B5c_OUT',NULL,86,NULL,88,151),(179,'SEGM_W_B5c_OUT_W_B6c_OUT',NULL,88,NULL,86,151),(180,'SEGM_W_B5c_OUT_W_B4c_OUT',NULL,88,NULL,90,152),(181,'SEGM_W_B4c_OUT_W_B5c_OUT',NULL,90,NULL,88,152),(182,'SEGM_W_B4c_OUT_W_B3c_OUT',NULL,90,NULL,92,153),(183,'SEGM_W_B3c_OUT_W_B4c_OUT',NULL,92,NULL,90,153),(184,'SEGM_W_B3c_OUT_W_B2c_OUT',NULL,92,NULL,94,154),(185,'SEGM_W_B2c_OUT_W_B3c_OUT',NULL,94,NULL,92,154),(186,'SEGM_W_B2c_OUT_W_B1c_OUT',NULL,94,NULL,96,155),(187,'SEGM_W_B1c_OUT_W_B2c_OUT',NULL,96,NULL,94,155),(188,'SEGM_W_B12c_IN_W_B11c_IN',NULL,73,NULL,75,156),(189,'SEGM_W_B11c_IN_W_B12c_IN',NULL,75,NULL,73,156),(190,'SEGM_W_B11c_IN_W_B10c_IN',NULL,75,NULL,77,157),(191,'SEGM_W_B10c_IN_W_B11c_IN',NULL,77,NULL,75,157),(192,'SEGM_W_B10c_IN_W_B9c_IN',NULL,77,NULL,79,158),(193,'SEGM_W_B9c_IN_W_B10c_IN',NULL,79,NULL,77,158),(196,'SEGM_W_B8c_IN_W_B7c_IN',NULL,81,NULL,83,160),(197,'SEGM_W_B7c_IN_W_B8c_IN',NULL,83,NULL,81,160),(198,'SEGM_W_B7c_IN_W_B6c_IN',NULL,83,NULL,85,161),(199,'SEGM_W_B6c_IN_W_B7c_IN',NULL,85,NULL,83,161),(200,'SEGM_W_B6c_IN_W_B5c_IN',NULL,85,NULL,87,162),(201,'SEGM_W_B5c_IN_W_B6c_IN',NULL,87,NULL,85,162),(202,'SEGM_W_B5c_IN_W_B4c_IN',NULL,87,NULL,89,163),(203,'SEGM_W_B4c_IN_W_B5c_IN',NULL,89,NULL,87,163),(210,'SEGM_W_B4c_B3c_B2c_B1c_IN_W_B4c_IN',NULL,89,NULL,97,167),(211,'SEGM_W_B4c_B3c_B2c_B1c_IN_W_B2c_B1c_IN',NULL,97,NULL,98,168),(214,'SEGM_W_POMPA_B12c_W_B12c_IN',NULL,99,NULL,73,171),(217,'segm_w_b9c_w_pompa_mieszanki_down',NULL,80,NULL,100,182),(218,'segm_w_b8c_w_pompa_mieszanki_down',NULL,82,NULL,100,183),(219,'segm_w_pompa_mieszanki_down_w_pompa_mieszanki_up',NULL,100,NULL,101,177),(220,'segm_w_pompa_mieszanki_rurociag_w_pompa_mieszanki_down',NULL,102,NULL,100,176),(221,'segm_w_pompa_mieszanki_up_w_b9c_in',NULL,101,NULL,79,178),(222,'segm_w_pompa_mieszanki_up_w_b8c_in',NULL,101,NULL,81,179),(223,'segm_w_fz_fn_oczyszczalnia_w_pompa_mieszanki_up',NULL,103,NULL,101,184),(224,'segm_w_b10c_out_w_pompa_mieszanki_rurociag',NULL,78,NULL,102,185),(225,'segm_w_b7c_out_w_pompa_mieszanki_rurociag',NULL,84,NULL,102,186),(226,'segm_w_b12c_out_w_pompa_b12c',NULL,74,NULL,99,187),(227,'segm_biala_out_w_pompa_b12c',123,NULL,NULL,99,188),(228,'segm_cysterna_b12c_out_w_pompa_b12c',125,NULL,NULL,99,189),(229,'segm_w_pompa_b12c_cysterna_b12c_in',NULL,99,124,NULL,190),(230,'segm_w_b4c_b3c_b2c_b1c_in_b3c_in',NULL,97,60,NULL,191),(231,'segm_w_b2c_b1c_in_b2c_in',NULL,98,59,NULL,192),(232,'segm_w_b2c_b1c_in_b1c_in',NULL,98,58,NULL,193),(234,'segm_fn_out_w_fz_fn_oczyszczalnia',14,NULL,NULL,103,199),(235,'segm_fz_out_w_fz_fn_oczyszczalnia',12,NULL,NULL,103,200),(236,'segm_niebieska_out_w_niebieska_out',111,NULL,NULL,68,121),(237,'segm_cysterna_b1b_out_w_cysterna_bypass',119,NULL,NULL,32,122),(238,'segm_mauzer_out_w_cys_mauzer_out',113,NULL,NULL,69,124),(239,'segm_w_cysterna_bypass_cysterna_b1b_in',NULL,32,118,NULL,123),(240,'segm_w_b12c_out_w_pompa_b12c_reverse',NULL,99,NULL,74,187);
/*!40000 ALTER TABLE `segmenty` ENABLE KEYS */;
UNLOCK TABLES;

--
-- Table structure for table `sprzet`
--

DROP TABLE IF EXISTS `sprzet`;
/*!40101 SET @saved_cs_client     = @@character_set_client */;
/*!50503 SET character_set_client = utf8mb4 */;
CREATE TABLE `sprzet` (
  `id` int NOT NULL AUTO_INCREMENT,
  `nazwa_unikalna` varchar(20) CHARACTER SET utf8mb4 COLLATE utf8mb4_0900_ai_ci NOT NULL COMMENT 'Np. R1, FZ, B1b, B7c',
  `typ_sprzetu` enum('reaktor','filtr','beczka_brudna','beczka_czysta','apollo','magazyn','cysterna','mauzer') CHARACTER SET utf8mb4 COLLATE utf8mb4_0900_ai_ci DEFAULT NULL,
  `pojemnosc_kg` decimal(10,2) DEFAULT NULL,
  `stan_sprzetu` varchar(50) CHARACTER SET utf8mb4 COLLATE utf8mb4_0900_ai_ci DEFAULT NULL COMMENT 'Np. Pusty, W koo, Przelew, Dmuchanie filtra',
  `temperatura_aktualna` decimal(10,6) DEFAULT NULL,
  `cisnienie_aktualne` decimal(5,2) DEFAULT NULL,
  `poziom_aktualny_procent` decimal(5,2) DEFAULT NULL,
  `ostatnia_aktualizacja` datetime DEFAULT NULL,
  `temperatura_max` decimal(10,6) DEFAULT '120.000000',
  `cisnienie_max` decimal(5,2) DEFAULT '6.00',
  `id_partii_surowca` int DEFAULT NULL,
  `temperatura_docelowa` decimal(10,6) DEFAULT NULL COMMENT 'Temperatura zadana przez operatora',
  `szybkosc_topnienia_kg_h` decimal(10,2) DEFAULT '1000.00' COMMENT 'Szacowana szybko topnienia surowca w kg na godzin',
  `uwagi_serwisowe` text COLLATE utf8mb4_unicode_ci,
  `active_mix_id` int DEFAULT NULL,
  `szybkosc_grzania_c_na_minute` decimal(10,6) DEFAULT NULL COMMENT 'Szacowana szybko grzania w C/min',
  `szybkosc_chlodzenia_c_na_minute` decimal(10,6) DEFAULT NULL COMMENT 'Szacowana szybko chodzenia w C/min',
  `stan_palnika` enum('WLACZONY','WYLACZONY') COLLATE utf8mb4_unicode_ci DEFAULT NULL COMMENT 'Aktualny stan palnika reaktora',
  `filter_cake_status` varchar(50) COLLATE utf8mb4_unicode_ci DEFAULT NULL COMMENT 'Status placka na filtrze (np. CZYSTY, T10_GOTOWY)',
  `filter_cake_origin_mix_id` int DEFAULT NULL COMMENT 'ID mieszaniny (TankMix), z ktrej pochodzi obecny placek',
  PRIMARY KEY (`id`),
  UNIQUE KEY `nazwa_unikalna` (`nazwa_unikalna`),
  KEY `ix_sprzet_active_mix_id` (`active_mix_id`)
) ENGINE=InnoDB AUTO_INCREMENT=118 DEFAULT CHARSET=utf8mb4 COLLATE=utf8mb4_unicode_ci COMMENT='Lista caego sprztu produkcyjnego i magazynowego';
/*!40101 SET character_set_client = @saved_cs_client */;

--
-- Dumping data for table `sprzet`
--

LOCK TABLES `sprzet` WRITE;
/*!40000 ALTER TABLE `sprzet` DISABLE KEYS */;
INSERT INTO `sprzet` VALUES (1,'R1','reaktor',9000.00,'Zatankowany',120.000000,1.85,NULL,'2025-09-12 17:13:04',120.000000,6.00,NULL,120.000000,1000.00,NULL,8,10.000000,0.100000,'WLACZONY',NULL,NULL),(2,'R2','reaktor',9000.00,'Zatankowany',120.000000,1.91,NULL,'2025-09-12 17:13:04',120.000000,6.00,NULL,120.000000,1000.00,NULL,9,0.170000,0.100000,'WLACZONY',NULL,NULL),(3,'R3','reaktor',9000.00,'Zatankowany',20.000000,1.15,NULL,'2025-09-12 17:13:04',120.000000,6.00,NULL,120.000000,1000.00,NULL,10,0.150000,0.100000,'WYLACZONY',NULL,NULL),(4,'R4','reaktor',9000.00,'Zatankowany',120.000000,1.28,NULL,'2025-09-12 17:13:04',120.000000,6.00,NULL,120.000000,1000.00,NULL,12,0.130000,0.100000,'WLACZONY',NULL,NULL),(5,'R5','reaktor',9000.00,'Zatankowany',120.000000,0.49,NULL,'2025-09-12 17:13:04',120.000000,6.00,NULL,120.000000,1000.00,NULL,13,NULL,NULL,'WLACZONY',NULL,NULL),(6,'FZ','filtr',NULL,'Wyczony',60.000000,4.72,NULL,'2025-08-29 15:45:32',120.000000,6.00,NULL,NULL,1000.00,NULL,NULL,NULL,NULL,NULL,NULL,NULL),(7,'FN','filtr',NULL,'Wyczony',60.000000,4.39,NULL,'2025-08-29 15:45:32',120.000000,6.00,NULL,NULL,1000.00,NULL,NULL,NULL,NULL,NULL,NULL,NULL),(8,'B01b','beczka_brudna',45000.00,'Wyczony',119.600000,0.00,NULL,'2025-08-29 15:43:17',120.000000,6.00,NULL,120.000000,1000.00,NULL,NULL,NULL,NULL,NULL,NULL,NULL),(9,'B01c','beczka_czysta',10000.00,'Wyczony',119.600000,0.00,NULL,'2025-08-29 15:43:17',120.000000,6.00,NULL,120.000000,1000.00,NULL,NULL,NULL,NULL,NULL,NULL,NULL),(10,'R6','reaktor',NULL,'Zatankowany',120.000000,1.98,NULL,'2025-09-12 17:13:04',120.000000,6.00,NULL,120.000000,1000.00,NULL,14,NULL,NULL,'WLACZONY',NULL,NULL),(11,'R7','reaktor',NULL,'Zatankowany',120.000000,1.85,NULL,'2025-09-12 17:13:04',120.000000,6.00,NULL,120.000000,1000.00,NULL,15,NULL,NULL,'WLACZONY',NULL,NULL),(12,'R8','reaktor',NULL,'Zatankowany',120.000000,1.76,NULL,'2025-09-12 17:13:04',120.000000,6.00,NULL,120.000000,1000.00,NULL,16,NULL,NULL,'WLACZONY',NULL,NULL),(13,'R9','reaktor',NULL,'Zatankowany',120.000000,0.59,NULL,'2025-09-12 17:13:04',120.000000,6.00,NULL,120.000000,1000.00,NULL,17,NULL,NULL,'WLACZONY',NULL,NULL),(18,'B02b','beczka_brudna',45000.00,'Wyczony',119.600000,0.00,NULL,'2025-08-29 15:44:27',120.000000,6.00,NULL,120.000000,1000.00,NULL,11,NULL,NULL,NULL,NULL,NULL),(19,'B03b','beczka_brudna',45000.00,'Wyczony',119.600000,0.00,NULL,'2025-08-29 15:44:27',120.000000,6.00,NULL,120.000000,1000.00,NULL,NULL,NULL,NULL,NULL,NULL,NULL),(20,'B04b','beczka_brudna',45000.00,'Wyczony',119.600000,0.00,NULL,'2025-08-29 15:44:27',120.000000,6.00,NULL,120.000000,1000.00,NULL,NULL,NULL,NULL,NULL,NULL,NULL),(21,'B05b','beczka_brudna',45000.00,'Wyczony',119.600000,0.00,NULL,'2025-08-29 15:44:27',120.000000,6.00,NULL,120.000000,1000.00,NULL,NULL,NULL,NULL,NULL,NULL,NULL),(22,'B06b','beczka_brudna',45000.00,'Wyczony',119.600000,0.00,NULL,'2025-08-29 15:44:27',120.000000,6.00,NULL,120.000000,1000.00,NULL,NULL,NULL,NULL,NULL,NULL,NULL),(23,'B07b','beczka_brudna',45000.00,'Wyczony',119.600000,0.00,NULL,'2025-08-29 15:44:27',120.000000,6.00,NULL,120.000000,1000.00,NULL,NULL,NULL,NULL,NULL,NULL,NULL),(24,'B08b','beczka_brudna',45000.00,'Wyczony',119.600000,0.00,NULL,'2025-08-29 15:44:27',120.000000,6.00,NULL,120.000000,1000.00,NULL,NULL,NULL,NULL,NULL,NULL,NULL),(25,'B09b','beczka_brudna',75000.00,'Wyczony',119.600000,0.00,NULL,'2025-08-29 15:44:27',120.000000,6.00,NULL,120.000000,1000.00,NULL,NULL,NULL,NULL,NULL,NULL,NULL),(26,'B10b','beczka_brudna',75000.00,'Wyczony',119.600000,0.00,NULL,'2025-08-29 15:44:27',120.000000,6.00,NULL,120.000000,1000.00,NULL,NULL,NULL,NULL,NULL,NULL,NULL),(28,'B02c','beczka_czysta',NULL,'Wyczony',119.600000,0.00,NULL,'2025-08-29 15:44:27',120.000000,6.00,NULL,120.000000,1000.00,NULL,NULL,NULL,NULL,NULL,NULL,NULL),(29,'B03c','beczka_czysta',NULL,'Wyczony',119.600000,0.00,NULL,'2025-08-29 15:44:27',120.000000,6.00,NULL,120.000000,1000.00,NULL,NULL,NULL,NULL,NULL,NULL,NULL),(30,'B04c','beczka_czysta',NULL,'Wyczony',119.600000,0.00,NULL,'2025-08-29 15:44:27',120.000000,6.00,NULL,120.000000,1000.00,NULL,NULL,NULL,NULL,NULL,NULL,NULL),(31,'B05c','beczka_czysta',NULL,'Wyczony',119.600000,0.00,NULL,'2025-08-29 15:44:27',120.000000,6.00,NULL,120.000000,1000.00,NULL,NULL,NULL,NULL,NULL,NULL,NULL),(32,'B06c','beczka_czysta',NULL,'Wyczony',119.600000,0.00,NULL,'2025-08-29 15:44:27',120.000000,6.00,NULL,120.000000,1000.00,NULL,NULL,NULL,NULL,NULL,NULL,NULL),(33,'B07c','beczka_czysta',NULL,'Wyczony',119.600000,0.00,NULL,'2025-08-29 15:44:27',120.000000,6.00,NULL,120.000000,1000.00,NULL,NULL,NULL,NULL,NULL,NULL,NULL),(34,'B08c','beczka_czysta',NULL,'Wyczony',119.600000,0.00,NULL,'2025-08-29 15:44:27',120.000000,6.00,NULL,120.000000,1000.00,NULL,NULL,NULL,NULL,NULL,NULL,NULL),(35,'B09c','beczka_czysta',NULL,'Wyczony',119.600000,0.00,NULL,'2025-08-29 15:44:27',120.000000,6.00,NULL,120.000000,1000.00,NULL,NULL,NULL,NULL,NULL,NULL,NULL),(36,'B10c','beczka_czysta',NULL,'Wyczony',119.600000,0.00,NULL,'2025-08-29 15:44:27',120.000000,6.00,NULL,120.000000,1000.00,NULL,NULL,NULL,NULL,NULL,NULL,NULL),(37,'B11c','beczka_czysta',NULL,'Wyczony',119.600000,0.00,NULL,'2025-08-29 15:44:27',120.000000,6.00,NULL,120.000000,1000.00,NULL,NULL,NULL,NULL,NULL,NULL,NULL),(38,'B12c','beczka_czysta',NULL,'Wyczony',119.600000,0.00,NULL,'2025-08-29 15:44:27',120.000000,6.00,NULL,120.000000,1000.00,NULL,NULL,NULL,NULL,NULL,NULL,NULL),(107,'AP1','apollo',NULL,'Gotowy',119.600000,0.00,NULL,'2025-09-12 17:13:04',120.000000,6.00,NULL,120.000000,1000.00,NULL,NULL,NULL,NULL,NULL,NULL,NULL),(108,'AP2','apollo',NULL,'Wyczony',119.600000,0.00,NULL,'2025-08-29 15:45:32',120.000000,6.00,NULL,120.000000,1000.00,NULL,NULL,NULL,NULL,NULL,NULL,NULL),(109,'NIEBIESKA','beczka_brudna',NULL,'Wyczony',119.600000,0.00,NULL,'2025-08-29 15:44:27',120.000000,6.00,NULL,120.000000,1000.00,NULL,NULL,NULL,NULL,NULL,NULL,NULL),(110,'CYSTERNA_B01b','cysterna',25000.00,'Wyczony',60.000000,0.00,NULL,'2025-08-29 15:44:27',120.000000,6.00,NULL,NULL,1000.00,NULL,NULL,NULL,NULL,NULL,NULL,NULL),(111,'MAUZER','mauzer',NULL,'Wyczony',60.000000,0.00,NULL,'2025-08-29 15:44:27',120.000000,6.00,NULL,NULL,1000.00,NULL,NULL,NULL,NULL,NULL,NULL,NULL),(114,'CYSTERNA_B10b','cysterna',25000.00,'Wyczony',60.000000,0.00,NULL,'2025-08-29 15:44:27',120.000000,6.00,NULL,NULL,1000.00,NULL,NULL,NULL,NULL,NULL,NULL,NULL),(115,'BIALA','beczka_brudna',NULL,'Wyczony',119.600000,0.00,NULL,'2025-08-29 15:44:27',120.000000,6.00,NULL,120.000000,1000.00,NULL,NULL,NULL,NULL,NULL,NULL,NULL),(116,'CYSTERNA_B12c','cysterna',25000.00,'Wyczony',60.000000,0.00,NULL,'2025-08-29 15:44:27',120.000000,6.00,NULL,NULL,1000.00,NULL,NULL,NULL,NULL,NULL,NULL,NULL),(117,'AP3','apollo',NULL,NULL,NULL,NULL,NULL,NULL,120.000000,6.00,NULL,NULL,1000.00,NULL,NULL,NULL,NULL,NULL,NULL,NULL);
/*!40000 ALTER TABLE `sprzet` ENABLE KEYS */;
UNLOCK TABLES;

--
-- Table structure for table `statusy`
--

DROP TABLE IF EXISTS `statusy`;
/*!40101 SET @saved_cs_client     = @@character_set_client */;
/*!50503 SET character_set_client = utf8mb4 */;
CREATE TABLE `statusy` (
  `id` int NOT NULL AUTO_INCREMENT,
  `nazwa_statusu` varchar(50) CHARACTER SET utf8mb4 COLLATE utf8mb4_0900_ai_ci NOT NULL COMMENT 'Np. Surowy, Filtrowany, Dobielony, Wydmuch',
  PRIMARY KEY (`id`),
  UNIQUE KEY `nazwa_statusu` (`nazwa_statusu`)
) ENGINE=InnoDB AUTO_INCREMENT=8 DEFAULT CHARSET=utf8mb4 COLLATE=utf8mb4_unicode_ci COMMENT='Sownik moliwych statusw partii surowca';
/*!40101 SET character_set_client = @saved_cs_client */;

--
-- Dumping data for table `statusy`
--

LOCK TABLES `statusy` WRITE;
/*!40000 ALTER TABLE `statusy` DISABLE KEYS */;
INSERT INTO `statusy` VALUES (3,'Dobielony'),(4,'Dobielony (placek)'),(2,'Filtrowany'),(7,'Prbka Odrzucona'),(6,'Prbka OK'),(1,'Surowy'),(5,'Zawiera wydmuch');
/*!40000 ALTER TABLE `statusy` ENABLE KEYS */;
UNLOCK TABLES;

--
-- Table structure for table `statusy_partii`
--

DROP TABLE IF EXISTS `statusy_partii`;
/*!40101 SET @saved_cs_client     = @@character_set_client */;
/*!50503 SET character_set_client = utf8mb4 */;
CREATE TABLE `statusy_partii` (
  `id` int NOT NULL AUTO_INCREMENT,
  `nazwa_statusu` varchar(50) NOT NULL,
  `opis` text,
  PRIMARY KEY (`id`),
  UNIQUE KEY `nazwa_statusu` (`nazwa_statusu`)
) ENGINE=InnoDB DEFAULT CHARSET=utf8mb4 COLLATE=utf8mb4_0900_ai_ci;
/*!40101 SET character_set_client = @saved_cs_client */;

--
-- Dumping data for table `statusy_partii`
--

LOCK TABLES `statusy_partii` WRITE;
/*!40000 ALTER TABLE `statusy_partii` DISABLE KEYS */;
/*!40000 ALTER TABLE `statusy_partii` ENABLE KEYS */;
UNLOCK TABLES;

--
-- Table structure for table `tank_mixes`
--

DROP TABLE IF EXISTS `tank_mixes`;
/*!40101 SET @saved_cs_client     = @@character_set_client */;
/*!50503 SET character_set_client = utf8mb4 */;
CREATE TABLE `tank_mixes` (
  `id` int NOT NULL AUTO_INCREMENT,
  `unique_code` varchar(50) NOT NULL,
  `tank_id` int NOT NULL,
  `creation_date` datetime NOT NULL DEFAULT CURRENT_TIMESTAMP,
  `status` enum('ACTIVE','ARCHIVED') NOT NULL,
  `process_status` varchar(50) NOT NULL COMMENT 'Jawny status etapu przetwarzania mieszaniny',
  `main_composition` json DEFAULT NULL COMMENT 'Sownik gwnych skadnikw z procentami, np. {"T10": 99.0}',
  `wydmuch_percentage` decimal(5,2) NOT NULL,
  `filter_remains_percentage` decimal(5,2) NOT NULL,
  `filtration_cycles_count` int NOT NULL,
  `wydmuch_cycles_count` int NOT NULL,
  `bleaching_earth_bags_total` int NOT NULL,
  `whiteboard_id` varchar(10) DEFAULT NULL COMMENT 'Identyfikator z whiteboardu, np. (A), (B)',
  `is_wydmuch_mix` tinyint(1) NOT NULL COMMENT 'Oznacza, czy ta mieszanina skada si wycznie z wydmuchw.',
  PRIMARY KEY (`id`),
  UNIQUE KEY `unique_code` (`unique_code`),
  KEY `tank_id` (`tank_id`),
  CONSTRAINT `tank_mixes_ibfk_1` FOREIGN KEY (`tank_id`) REFERENCES `sprzet` (`id`)
) ENGINE=InnoDB AUTO_INCREMENT=18 DEFAULT CHARSET=utf8mb4 COLLATE=utf8mb4_0900_ai_ci;
/*!40101 SET character_set_client = @saved_cs_client */;

--
-- Dumping data for table `tank_mixes`
--

LOCK TABLES `tank_mixes` WRITE;
/*!40000 ALTER TABLE `tank_mixes` DISABLE KEYS */;
INSERT INTO `tank_mixes` VALUES (6,'B-R1-250812-01',1,'2025-08-12 20:29:09','ARCHIVED','',NULL,0.00,0.00,0,0,0,NULL,0),(7,'B-R2-250812-01',2,'2025-08-12 20:30:54','ARCHIVED','',NULL,0.00,0.00,0,0,0,NULL,0),(8,'B-R1-250812-02',1,'2025-08-12 20:33:41','ACTIVE','',NULL,0.00,0.00,0,0,0,NULL,0),(9,'B-R2-250812-02',2,'2025-08-12 20:50:41','ACTIVE','',NULL,0.00,0.00,0,0,0,NULL,0),(10,'B-R3-250814-01',3,'2025-08-14 00:28:18','ACTIVE','',NULL,0.00,0.00,0,0,0,NULL,0),(11,'B-B02b-250826-01',18,'2025-08-26 05:52:33','ACTIVE','SUROWY',NULL,0.00,0.00,0,0,0,NULL,0),(12,'B-R4-250826-01',4,'2025-08-26 19:35:04','ACTIVE','PODGRZEWANY',NULL,0.00,0.00,0,0,0,NULL,0),(13,'B-R5-250831-01',5,'2025-08-31 15:23:32','ACTIVE','PODGRZEWANY',NULL,0.00,0.00,0,0,0,NULL,0),(14,'B-R6-250831-01',10,'2025-08-31 15:24:07','ACTIVE','PODGRZEWANY',NULL,0.00,0.00,0,0,0,NULL,0),(15,'B-R7-250831-01',11,'2025-08-31 15:24:29','ACTIVE','PODGRZEWANY',NULL,0.00,0.00,0,0,0,NULL,0),(16,'B-R8-250831-01',12,'2025-08-31 15:24:38','ACTIVE','PODGRZEWANY',NULL,0.00,0.00,0,0,0,NULL,0),(17,'B-R9-250831-01',13,'2025-08-31 15:24:44','ACTIVE','PODGRZEWANY',NULL,0.00,0.00,0,0,0,NULL,0);
/*!40000 ALTER TABLE `tank_mixes` ENABLE KEYS */;
UNLOCK TABLES;

--
-- Table structure for table `typy_surowca`
--

DROP TABLE IF EXISTS `typy_surowca`;
/*!40101 SET @saved_cs_client     = @@character_set_client */;
/*!50503 SET character_set_client = utf8mb4 */;
CREATE TABLE `typy_surowca` (
  `id` int NOT NULL AUTO_INCREMENT,
  `nazwa` varchar(50) CHARACTER SET utf8mb4 COLLATE utf8mb4_0900_ai_ci NOT NULL,
  `opis` varchar(255) CHARACTER SET utf8mb4 COLLATE utf8mb4_0900_ai_ci DEFAULT NULL,
  PRIMARY KEY (`id`),
  UNIQUE KEY `nazwa` (`nazwa`)
) ENGINE=InnoDB AUTO_INCREMENT=6 DEFAULT CHARSET=utf8mb4 COLLATE=utf8mb4_unicode_ci COMMENT='Sownik typw surowca';
/*!40101 SET character_set_client = @saved_cs_client */;

--
-- Dumping data for table `typy_surowca`
--

LOCK TABLES `typy_surowca` WRITE;
/*!40000 ALTER TABLE `typy_surowca` DISABLE KEYS */;
INSERT INTO `typy_surowca` VALUES (1,'T-10','Typ surowca T-10'),(2,'19','Typ surowca 19'),(3,'44','Typ surowca 44'),(4,'GC43','Typ surowca GC43'),(5,'GC42','Typ surowca GC42');
/*!40000 ALTER TABLE `typy_surowca` ENABLE KEYS */;
UNLOCK TABLES;

--
-- Table structure for table `wezly_rurociagu`
--

DROP TABLE IF EXISTS `wezly_rurociagu`;
/*!40101 SET @saved_cs_client     = @@character_set_client */;
/*!50503 SET character_set_client = utf8mb4 */;
CREATE TABLE `wezly_rurociagu` (
  `id` int NOT NULL AUTO_INCREMENT,
  `nazwa_wezla` varchar(50) CHARACTER SET utf8mb4 COLLATE utf8mb4_0900_ai_ci NOT NULL,
  PRIMARY KEY (`id`),
  UNIQUE KEY `nazwa_wezla` (`nazwa_wezla`)
) ENGINE=InnoDB AUTO_INCREMENT=138 DEFAULT CHARSET=utf8mb4 COLLATE=utf8mb4_unicode_ci COMMENT='Punkty czeniowe w rurocigu (trjniki, kolektory)';
/*!40101 SET character_set_client = @saved_cs_client */;

--
-- Dumping data for table `wezly_rurociagu`
--

LOCK TABLES `wezly_rurociagu` WRITE;
/*!40000 ALTER TABLE `wezly_rurociagu` DISABLE KEYS */;
INSERT INTO `wezly_rurociagu` VALUES (57,'w_ap1_out'),(59,'w_ap2_out'),(55,'w_b10b_in'),(53,'w_b10b_out'),(77,'w_b10c_in'),(78,'w_b10c_out'),(75,'w_b11c_in'),(76,'w_b11c_out'),(73,'w_b12c_in'),(74,'w_b12c_out'),(24,'w_b1b_in'),(16,'w_b1b_out'),(96,'w_b1c_out'),(25,'w_b2b_in'),(17,'w_b2b_out'),(98,'w_b2c_b1c_in'),(94,'w_b2c_out'),(26,'w_b3b_in'),(18,'w_b3b_out'),(92,'w_b3c_out'),(27,'w_b4b_in'),(19,'w_b4b_out'),(97,'w_b4c_b3c_b2c_b1c_in'),(89,'w_b4c_in'),(90,'w_b4c_out'),(28,'w_b5b_in'),(20,'w_b5b_out'),(87,'w_b5c_in'),(88,'w_b5c_out'),(29,'w_b6b_in'),(21,'w_b6b_out'),(85,'w_b6c_in'),(86,'w_b6c_out'),(30,'w_b7b_in'),(22,'w_b7b_out'),(83,'w_b7c_in'),(84,'w_b7c_out'),(31,'w_b8b_in'),(23,'w_b8b_out'),(81,'w_b8c_in'),(82,'w_b8c_out'),(54,'w_b9b_in'),(52,'w_b9b_out'),(79,'w_b9c_in'),(80,'w_b9c_out'),(69,'w_cys_mauzer_out'),(32,'w_cysterna_bypass'),(8,'W_FN_OUT_MAIN'),(103,'w_fz_fn_oczyszczalnia'),(6,'W_FZ_IN_MAIN'),(7,'W_FZ_OUT_MAIN'),(68,'w_niebieska_out'),(70,'w_p2_down'),(71,'w_p2_up'),(34,'w_p3_down'),(33,'w_p3_up'),(99,'w_pompa_b12c'),(100,'w_pompa_mieszanki_down'),(102,'w_pompa_mieszanki_rurociag'),(101,'w_pompa_mieszanki_up'),(3,'W_R1_FZ'),(2,'W_R1_R2'),(1,'W_R2_R3'),(13,'W_R3_R6_R9'),(5,'W_R4_FZ'),(4,'W_R4_R5'),(15,'W_R5_R6'),(9,'W_R7_FN'),(10,'W_R7_R8'),(11,'W_R8_R9'),(35,'w_tankowanie');
/*!40000 ALTER TABLE `wezly_rurociagu` ENABLE KEYS */;
UNLOCK TABLES;

--
-- Table structure for table `zawory`
--

DROP TABLE IF EXISTS `zawory`;
/*!40101 SET @saved_cs_client     = @@character_set_client */;
/*!50503 SET character_set_client = utf8mb4 */;
CREATE TABLE `zawory` (
  `id` int NOT NULL AUTO_INCREMENT,
  `nazwa_zaworu` varchar(80) COLLATE utf8mb4_unicode_ci DEFAULT NULL,
  `stan` enum('OTWARTY','ZAMKNIETY') CHARACTER SET utf8mb4 COLLATE utf8mb4_0900_ai_ci NOT NULL DEFAULT 'ZAMKNIETY',
  PRIMARY KEY (`id`),
  UNIQUE KEY `nazwa_zaworu` (`nazwa_zaworu`)
) ENGINE=InnoDB AUTO_INCREMENT=205 DEFAULT CHARSET=utf8mb4 COLLATE=utf8mb4_unicode_ci COMMENT='Lista zaworw sterujcych przepywem';
/*!40101 SET character_set_client = @saved_cs_client */;

--
-- Dumping data for table `zawory`
--

LOCK TABLES `zawory` WRITE;
/*!40000 ALTER TABLE `zawory` DISABLE KEYS */;
INSERT INTO `zawory` VALUES (1,'V_R3_OUT_W_R2_R3','ZAMKNIETY'),(2,'V_W_R2_R3_W_R1_R2','ZAMKNIETY'),(3,'V_W_R1_R2_W_R1_FZ','ZAMKNIETY'),(4,'V_R5_OUT_W_R4_R5','ZAMKNIETY'),(5,'V_W_R4_R5_W_R4_FZ','ZAMKNIETY'),(6,'V_W_R1_FZ_W_FZ_IN','ZAMKNIETY'),(7,'V_W_R4_FZ_W_FZ_IN','ZAMKNIETY'),(8,'V_W_FZ_IN_FZ_IN','ZAMKNIETY'),(9,'V_FZ_OUT_W_FZ_OUT','ZAMKNIETY'),(10,'V_W_FZ_OUT_R1_IN','ZAMKNIETY'),(11,'V_W_FZ_OUT_R2_IN','ZAMKNIETY'),(12,'V_W_FZ_OUT_R3_IN','ZAMKNIETY'),(13,'V_W_FZ_OUT_R4_IN','ZAMKNIETY'),(14,'V_W_FZ_OUT_R5_IN','ZAMKNIETY'),(15,'V_FZ_IN_FZ_OUT','ZAMKNIETY'),(16,'V_R2_OUT_W_R1_R2','ZAMKNIETY'),(17,'V_R1_OUT_W_R1_FZ','ZAMKNIETY'),(18,'V_R4_OUT_W_R4_FZ','ZAMKNIETY'),(21,'V_FN_IN_FN_OUT','ZAMKNIETY'),(22,'V_R7_OUT_W_R7_FN','ZAMKNIETY'),(23,'V_R8_OUT_W_R7_R8','ZAMKNIETY'),(24,'V_R9_OUT_W_R8_R9','ZAMKNIETY'),(25,'V_W_R7_FN_FN_IN','ZAMKNIETY'),(26,'V_W_R7_FN_W_R7_R8','ZAMKNIETY'),(27,'V_W_R7_R8_W_R8_R9','ZAMKNIETY'),(28,'V_W_R8_R9_W_R3_R6_R9','ZAMKNIETY'),(29,'V_W_R3_R6_R9_W_R5_R6','ZAMKNIETY'),(30,'V_W_R3_R6_R9_W_R3_R2','ZAMKNIETY'),(31,'V_R6_OUT_W_R5_R6','ZAMKNIETY'),(32,'V_W_R4_R5_W_R5_R6','ZAMKNIETY'),(33,'V_FN_OUT_DO_W_FN_OUT','ZAMKNIETY'),(34,'V_W_FN_OUT_MAIN_DO_R6_IN','ZAMKNIETY'),(35,'V_W_FN_OUT_MAIN_DO_R7_IN','ZAMKNIETY'),(36,'V_W_FN_OUT_MAIN_DO_R8_IN','ZAMKNIETY'),(37,'V_W_FN_OUT_MAIN_DO_R9_IN','ZAMKNIETY'),(38,'v_b1b_out_w_b1b_out','ZAMKNIETY'),(39,'v_b2b_out_w_b2b_out','ZAMKNIETY'),(40,'v_b3b_out_w_b3b_out','ZAMKNIETY'),(41,'v_b4b_out_w_b4b_out','ZAMKNIETY'),(42,'v_b5b_out_w_b5b_out','ZAMKNIETY'),(43,'v_b6b_out_w_b6b_out','ZAMKNIETY'),(44,'v_b7b_out_w_b7b_out','ZAMKNIETY'),(45,'v_b8b_out_w_b8b_out','ZAMKNIETY'),(46,'v_w_b1b_in_b1b_in','ZAMKNIETY'),(47,'v_w_b2b_in_b2b_in','ZAMKNIETY'),(48,'v_w_b3b_in_b3b_in','ZAMKNIETY'),(49,'v_w_b4b_in_b4b_in','ZAMKNIETY'),(50,'v_w_b5b_in_b5b_in','ZAMKNIETY'),(51,'v_w_b6b_in_b6b_in','ZAMKNIETY'),(52,'v_w_b7b_in_b7b_in','ZAMKNIETY'),(53,'v_w_b8b_in_b8b_in','ZAMKNIETY'),(54,'v_w_b1b_out_w_b2b_out','ZAMKNIETY'),(55,'v_w_b2b_out_w_b3b_out','ZAMKNIETY'),(56,'v_w_b3b_out_w_b4b_out','ZAMKNIETY'),(57,'v_w_b4b_out_w_b5b_out','ZAMKNIETY'),(58,'v_w_b5b_out_w_b6b_out','ZAMKNIETY'),(59,'v_w_b6b_out_w_b7b_out','ZAMKNIETY'),(60,'v_w_b7b_out_w_b8b_out','ZAMKNIETY'),(61,'v_w_b8b_in_w_b7b_in','ZAMKNIETY'),(62,'v_w_b7b_in_w_b6b_in','ZAMKNIETY'),(63,'v_w_b6b_in_w_b5b_in','ZAMKNIETY'),(64,'v_w_b5b_in_w_b4b_in','ZAMKNIETY'),(65,'v_w_b4b_in_w_b3b_in','ZAMKNIETY'),(66,'v_w_b3b_in_w_b2b_in','ZAMKNIETY'),(67,'v_w_b2b_in_w_b1b_in','ZAMKNIETY'),(68,'v_w_b8b_out_w_p3_down','ZAMKNIETY'),(69,'v_w_p3_down_w_p3_up','ZAMKNIETY'),(70,'v_w_p3_down_w_tankowanie','ZAMKNIETY'),(71,'v_w_p3_up_w_b8b_in','ZAMKNIETY'),(72,'v_w_tankowanie_r1_in','ZAMKNIETY'),(73,'v_w_tankowanie_r2_in','ZAMKNIETY'),(74,'v_w_tankowanie_r3_in','ZAMKNIETY'),(75,'v_w_tankowanie_r4_in','ZAMKNIETY'),(76,'v_w_tankowanie_r5_in','ZAMKNIETY'),(77,'v_w_tankowanie_r6_in','ZAMKNIETY'),(78,'v_w_tankowanie_r7_in','ZAMKNIETY'),(79,'v_w_tankowanie_r8_in','ZAMKNIETY'),(80,'v_w_tankowanie_r9_in','ZAMKNIETY'),(81,'v_w_b1b_in_w_cysterna_bypass','ZAMKNIETY'),(82,'v_w_cysterna_bypass_w_b1b_out','ZAMKNIETY'),(83,'v_b9b_out_w_b9b_out','ZAMKNIETY'),(84,'v_b10b_out_w_b10b_out','ZAMKNIETY'),(85,'v_w_b9b_in_b9b_in','ZAMKNIETY'),(86,'v_w_b10b_in_b10b_in','ZAMKNIETY'),(88,'v_w_ap1_out_ap1_out','ZAMKNIETY'),(90,'v_w_ap2_out_ap2_out','ZAMKNIETY'),(106,'v_w_b9b_out_w_b10b_out','ZAMKNIETY'),(107,'v_w_b10b_in_w_b9b_in','ZAMKNIETY'),(109,'v_W_R3_R6_R9_W_p3_down','ZAMKNIETY'),(110,'v_w_ap2_out_w_ap1_out','ZAMKNIETY'),(111,'v_w_ap1_w_niebieska_out','ZAMKNIETY'),(112,'v_w_niebieska_out_w_cys_mauzer_out','ZAMKNIETY'),(113,'v_w_cys_mauzer_out_w_b10b_out','ZAMKNIETY'),(114,'v_w_b10b_out_w_b9b_out','ZAMKNIETY'),(115,'v_w_b9b_out_w_p2_down','ZAMKNIETY'),(116,'v_w_p2_down_w_p2_up','ZAMKNIETY'),(117,'v_w_p2_up_w_b9b_in','ZAMKNIETY'),(118,'v_w_b9b_in_w_b10b_in','ZAMKNIETY'),(119,'v_w_p2_up_w_r3_r6_r9','ZAMKNIETY'),(120,'V_CYSTERNA_B10b_out_w_cyst_mauzer','ZAMKNIETY'),(121,'V_B12c_OUT_W_B12c_OUT','ZAMKNIETY'),(122,'V_W_B12c_IN_B12c_IN','ZAMKNIETY'),(123,'V_B11c_OUT_W_B11c_OUT','ZAMKNIETY'),(124,'V_W_B11c_IN_B11c_IN','ZAMKNIETY'),(125,'V_B10c_OUT_W_B10c_OUT','ZAMKNIETY'),(126,'V_W_B10c_IN_B10c_IN','ZAMKNIETY'),(127,'V_B9c_OUT_W_B9c_OUT','ZAMKNIETY'),(128,'V_W_B9c_IN_B9c_IN','ZAMKNIETY'),(129,'V_B8c_OUT_W_B8c_OUT','ZAMKNIETY'),(130,'V_W_B8c_IN_B8c_IN','ZAMKNIETY'),(131,'V_B7c_OUT_W_B7c_OUT','ZAMKNIETY'),(132,'V_W_B7c_IN_B7c_IN','ZAMKNIETY'),(133,'V_B6c_OUT_W_B6c_OUT','ZAMKNIETY'),(134,'V_W_B6c_IN_B6c_IN','ZAMKNIETY'),(135,'V_B5c_OUT_W_B5c_OUT','ZAMKNIETY'),(136,'V_W_B5c_IN_B5c_IN','ZAMKNIETY'),(137,'V_B4c_OUT_W_B4c_OUT','ZAMKNIETY'),(138,'V_W_B4c_IN_B4c_IN','ZAMKNIETY'),(139,'V_B3c_OUT_W_B3c_OUT','ZAMKNIETY'),(141,'V_B2c_OUT_W_B2c_OUT','ZAMKNIETY'),(143,'V_B1c_OUT_W_B1c_OUT','ZAMKNIETY'),(145,'V_W_B12c_OUT_W_B11c_OUT','ZAMKNIETY'),(146,'V_W_B11c_OUT_W_B10c_OUT','ZAMKNIETY'),(150,'V_W_B7c_OUT_W_B6c_OUT','ZAMKNIETY'),(151,'V_W_B6c_OUT_W_B5c_OUT','ZAMKNIETY'),(152,'V_W_B5c_OUT_W_B4c_OUT','ZAMKNIETY'),(153,'V_W_B4c_OUT_W_B3c_OUT','ZAMKNIETY'),(154,'V_W_B3c_OUT_W_B2c_OUT','ZAMKNIETY'),(155,'V_W_B2c_OUT_W_B1c_OUT','ZAMKNIETY'),(156,'V_W_B12c_IN_W_B11c_IN','ZAMKNIETY'),(157,'V_W_B11c_IN_W_B10c_IN','ZAMKNIETY'),(158,'V_W_B10c_IN_W_B9c_IN','ZAMKNIETY'),(160,'V_W_B8c_IN_W_B7c_IN','ZAMKNIETY'),(161,'V_W_B7c_IN_W_B6c_IN','ZAMKNIETY'),(162,'V_W_B6c_IN_W_B5c_IN','ZAMKNIETY'),(163,'V_W_B5c_IN_W_B4c_IN','ZAMKNIETY'),(167,'V_W_B4c_B3c_B2c_B1c_IN_W_B4c_IN','ZAMKNIETY'),(168,'V_W_B4c_B3c_B2c_B1c_IN_W_B2c_B1c_IN','ZAMKNIETY'),(171,'V_W_POMPA_B12c_W_B12c_IN','ZAMKNIETY'),(176,'V_W_POMPA_MIESZANKI_RUROCIAG_W_POMPA_MIESZANKI_DOWN','ZAMKNIETY'),(177,'V_W_POMPA_MIESZANKI_DOWN_W_POMPA_MIESZANKI_UP','ZAMKNIETY'),(178,'V_W_POMPA_MIESZANKI_UP_W_B9c_IN','ZAMKNIETY'),(179,'V_W_POMPA_MIESZANKI_UP_W_B8c_IN','ZAMKNIETY'),(182,'v_w_b9c_w_pompa_mieszanki_down','ZAMKNIETY'),(183,'v_w_b8c_w_pompa_mieszanki_down','ZAMKNIETY'),(184,'v_w_fz_fn_oczyszczalnia_w_pompa_mieszanki_up','ZAMKNIETY'),(185,'v_w_b10c_out_w_pompa_mieszanki_rurociag','ZAMKNIETY'),(186,'v_w_b7c_out_w_pompa_mieszanki_rurociag','ZAMKNIETY'),(187,'v_w_b12c_out_w_pompa_b12c','ZAMKNIETY'),(188,'v_biala_out_w_pompa_b12c','ZAMKNIETY'),(189,'v_cysterna_b12c_out_w_pompa_b12c','ZAMKNIETY'),(190,'v_w_pompa_b12c_cysterna_b12c_in','ZAMKNIETY'),(191,'v_w_b4c_b3c_b2c_b1c_in_b3c_in','ZAMKNIETY'),(192,'v_w_b2c_b1c_in_b2c_in','ZAMKNIETY'),(193,'v_w_b2c_b1c_in_b1c_in','ZAMKNIETY'),(199,'v_fn_out_w_fz_fn_oczyszczalnia','ZAMKNIETY'),(200,'v_fz_out_w_fz_fn_oczyszczalnia','ZAMKNIETY');
/*!40000 ALTER TABLE `zawory` ENABLE KEYS */;
UNLOCK TABLES;
/*!40103 SET TIME_ZONE=@OLD_TIME_ZONE */;

/*!40101 SET SQL_MODE=@OLD_SQL_MODE */;
/*!40014 SET FOREIGN_KEY_CHECKS=@OLD_FOREIGN_KEY_CHECKS */;
/*!40014 SET UNIQUE_CHECKS=@OLD_UNIQUE_CHECKS */;
/*!40101 SET CHARACTER_SET_CLIENT=@OLD_CHARACTER_SET_CLIENT */;
/*!40101 SET CHARACTER_SET_RESULTS=@OLD_CHARACTER_SET_RESULTS */;
/*!40101 SET COLLATION_CONNECTION=@OLD_COLLATION_CONNECTION */;
/*!40111 SET SQL_NOTES=@OLD_SQL_NOTES */;

-- Dump completed on 2025-09-12 19:13:07
