-- MySQL dump 10.13  Distrib 8.0.42, for Win64 (x86_64)
--
-- Host: 10.142.237.217    Database: mes_parafina_db
-- ------------------------------------------------------
-- Server version	8.0.42-0ubuntu0.22.04.1

/*!40101 SET @OLD_CHARACTER_SET_CLIENT=@@CHARACTER_SET_CLIENT */;
/*!40101 SET @OLD_CHARACTER_SET_RESULTS=@@CHARACTER_SET_RESULTS */;
/*!40101 SET @OLD_COLLATION_CONNECTION=@@COLLATION_CONNECTION */;
/*!50503 SET NAMES utf8 */;
/*!40103 SET @OLD_TIME_ZONE=@@TIME_ZONE */;
/*!40103 SET TIME_ZONE='+00:00' */;
/*!40014 SET @OLD_UNIQUE_CHECKS=@@UNIQUE_CHECKS, UNIQUE_CHECKS=0 */;
/*!40014 SET @OLD_FOREIGN_KEY_CHECKS=@@FOREIGN_KEY_CHECKS, FOREIGN_KEY_CHECKS=0 */;
/*!40101 SET @OLD_SQL_MODE=@@SQL_MODE, SQL_MODE='NO_AUTO_VALUE_ON_ZERO' */;
/*!40111 SET @OLD_SQL_NOTES=@@SQL_NOTES, SQL_NOTES=0 */;

--
-- Table structure for table `alarmy`
--

DROP TABLE IF EXISTS `alarmy`;
/*!40101 SET @saved_cs_client     = @@character_set_client */;
/*!50503 SET character_set_client = utf8mb4 */;
CREATE TABLE `alarmy` (
  `id` int NOT NULL AUTO_INCREMENT,
  `typ_alarmu` enum('TEMPERATURA','CISNIENIE','POZIOM','SYSTEM') COLLATE utf8mb4_unicode_ci NOT NULL,
  `nazwa_sprzetu` varchar(100) COLLATE utf8mb4_unicode_ci NOT NULL,
  `wartosc` decimal(10,2) NOT NULL,
  `limit_przekroczenia` decimal(10,2) NOT NULL,
  `czas_wystapienia` datetime NOT NULL,
  `status_alarmu` enum('AKTYWNY','POTWIERDZONY','ZAKONCZONY') COLLATE utf8mb4_unicode_ci DEFAULT 'AKTYWNY',
  `czas_potwierdzenia` datetime DEFAULT NULL,
  `czas_zakonczenia` datetime DEFAULT NULL,
  `komentarz` text COLLATE utf8mb4_unicode_ci,
  PRIMARY KEY (`id`)
) ENGINE=InnoDB AUTO_INCREMENT=292 DEFAULT CHARSET=utf8mb4 COLLATE=utf8mb4_unicode_ci;
/*!40101 SET character_set_client = @saved_cs_client */;

--
-- Dumping data for table `alarmy`
--

LOCK TABLES `alarmy` WRITE;
/*!40000 ALTER TABLE `alarmy` DISABLE KEYS */;
INSERT INTO `alarmy` VALUES (143,'TEMPERATURA','R1',117.20,60.00,'2025-07-03 08:21:23','POTWIERDZONY','2025-07-03 08:37:57',NULL,NULL),(144,'TEMPERATURA','R5',126.84,120.00,'2025-07-03 08:21:23','POTWIERDZONY','2025-07-03 08:37:56',NULL,NULL),(145,'TEMPERATURA','R1',117.70,60.00,'2025-07-03 08:21:23','POTWIERDZONY','2025-07-03 08:37:54',NULL,NULL),(146,'TEMPERATURA','R5',127.33,120.00,'2025-07-03 08:21:23','POTWIERDZONY','2025-07-03 08:37:53',NULL,NULL),(147,'TEMPERATURA','R1',67.97,60.00,'2025-07-03 08:26:23','POTWIERDZONY','2025-07-03 08:38:00',NULL,NULL),(148,'TEMPERATURA','R1',68.46,60.00,'2025-07-03 08:26:23','POTWIERDZONY','2025-07-03 08:37:58',NULL,NULL),(149,'TEMPERATURA','R1',70.47,60.00,'2025-07-03 08:31:23','POTWIERDZONY','2025-07-03 08:37:50',NULL,NULL),(150,'TEMPERATURA','R1',70.96,60.00,'2025-07-03 08:31:23','POTWIERDZONY','2025-07-03 08:37:51',NULL,NULL),(151,'TEMPERATURA','R1',73.27,60.00,'2025-07-03 08:36:23','POTWIERDZONY','2025-07-03 08:37:49',NULL,NULL),(152,'TEMPERATURA','R1',80.06,60.00,'2025-07-03 08:41:23','ZAKONCZONY',NULL,'2025-07-03 08:58:22',NULL),(153,'TEMPERATURA','R1',60.08,60.00,'2025-07-03 08:56:23','ZAKONCZONY',NULL,'2025-07-03 08:58:12',NULL),(154,'TEMPERATURA','R1',60.13,60.00,'2025-07-03 09:18:26','POTWIERDZONY','2025-07-03 09:19:27',NULL,NULL),(155,'TEMPERATURA','R1',60.63,60.00,'2025-07-03 09:19:36','ZAKONCZONY',NULL,'2025-07-03 10:14:52',NULL),(156,'TEMPERATURA','R1',61.58,60.00,'2025-07-03 09:21:23','ZAKONCZONY',NULL,'2025-07-03 10:14:42',NULL),(157,'TEMPERATURA','R1',64.08,60.00,'2025-07-03 09:26:23','ZAKONCZONY',NULL,'2025-07-03 10:14:32',NULL),(158,'TEMPERATURA','R1',66.58,60.00,'2025-07-03 09:31:23','ZAKONCZONY',NULL,'2025-07-03 10:14:22',NULL),(159,'TEMPERATURA','R1',69.08,60.00,'2025-07-03 09:36:23','ZAKONCZONY',NULL,'2025-07-03 10:14:12',NULL),(160,'TEMPERATURA','R1',71.58,60.00,'2025-07-03 09:41:23','ZAKONCZONY',NULL,'2025-07-03 10:14:02',NULL),(161,'TEMPERATURA','R1',74.08,60.00,'2025-07-03 09:46:23','ZAKONCZONY',NULL,'2025-07-03 10:13:52',NULL),(162,'TEMPERATURA','R1',76.58,60.00,'2025-07-03 09:51:23','ZAKONCZONY',NULL,'2025-07-03 10:13:42',NULL),(163,'TEMPERATURA','R1',79.08,60.00,'2025-07-03 09:56:23','ZAKONCZONY',NULL,'2025-07-03 10:13:32',NULL),(164,'TEMPERATURA','R1',81.58,60.00,'2025-07-03 10:01:23','ZAKONCZONY',NULL,'2025-07-03 10:13:22',NULL),(165,'TEMPERATURA','R1',83.65,60.00,'2025-07-03 10:06:23','ZAKONCZONY',NULL,'2025-07-03 10:13:12',NULL),(166,'TEMPERATURA','R2',120.42,120.00,'2025-07-03 10:10:25','ZAKONCZONY',NULL,'2025-07-03 10:13:22',NULL),(167,'TEMPERATURA','R3',120.38,120.00,'2025-07-03 10:10:25','ZAKONCZONY',NULL,'2025-07-03 10:13:22',NULL),(168,'TEMPERATURA','R4',120.34,120.00,'2025-07-03 10:10:25','ZAKONCZONY',NULL,'2025-07-03 10:13:22',NULL),(169,'TEMPERATURA','R5',120.31,120.00,'2025-07-03 10:10:25','ZAKONCZONY',NULL,'2025-07-03 10:13:32',NULL),(170,'TEMPERATURA','R1',86.15,60.00,'2025-07-03 10:11:23','ZAKONCZONY',NULL,'2025-07-03 10:13:02',NULL),(171,'TEMPERATURA','R2',120.44,120.00,'2025-07-03 10:11:23','ZAKONCZONY',NULL,'2025-07-03 10:13:12',NULL),(172,'TEMPERATURA','R3',120.40,120.00,'2025-07-03 10:11:23','ZAKONCZONY',NULL,'2025-07-03 10:13:12',NULL),(173,'TEMPERATURA','R4',120.36,120.00,'2025-07-03 10:11:23','ZAKONCZONY',NULL,'2025-07-03 10:13:12',NULL),(174,'TEMPERATURA','R5',120.33,120.00,'2025-07-03 10:11:23','ZAKONCZONY',NULL,'2025-07-03 10:13:22',NULL),(175,'TEMPERATURA','R1',60.11,60.00,'2025-07-03 10:23:22','ZAKONCZONY',NULL,'2025-07-03 11:28:58',NULL),(176,'TEMPERATURA','R1',61.61,60.00,'2025-07-03 10:26:23','ZAKONCZONY',NULL,'2025-07-03 11:28:58',NULL),(177,'TEMPERATURA','R1',64.11,60.00,'2025-07-03 10:31:23','ZAKONCZONY',NULL,'2025-07-03 11:28:48',NULL),(178,'TEMPERATURA','R1',66.61,60.00,'2025-07-03 10:36:23','ZAKONCZONY',NULL,'2025-07-03 11:28:48',NULL),(179,'TEMPERATURA','R1',69.11,60.00,'2025-07-03 10:41:23','ZAKONCZONY',NULL,'2025-07-03 11:28:39',NULL),(180,'TEMPERATURA','R1',71.61,60.00,'2025-07-03 10:46:23','ZAKONCZONY',NULL,'2025-07-03 11:28:38',NULL),(181,'TEMPERATURA','R1',74.11,60.00,'2025-07-03 10:51:23','ZAKONCZONY',NULL,'2025-07-03 11:28:28',NULL),(182,'TEMPERATURA','R1',76.61,60.00,'2025-07-03 10:56:23','ZAKONCZONY',NULL,'2025-07-03 11:28:28',NULL),(183,'TEMPERATURA','R1',79.11,60.00,'2025-07-03 11:01:23','ZAKONCZONY',NULL,'2025-07-03 11:28:18',NULL),(184,'TEMPERATURA','R1',81.61,60.00,'2025-07-03 11:06:23','ZAKONCZONY',NULL,'2025-07-03 11:28:18',NULL),(185,'TEMPERATURA','R1',120.56,60.00,'2025-07-03 11:47:20','ZAKONCZONY',NULL,'2025-07-03 11:49:20',NULL),(186,'TEMPERATURA','R1',120.56,60.00,'2025-07-03 11:47:58','ZAKONCZONY',NULL,'2025-07-03 11:49:10',NULL),(187,'TEMPERATURA','R1',79.19,60.00,'2025-07-03 12:47:23','ZAKONCZONY',NULL,'2025-07-03 12:47:56',NULL),(188,'TEMPERATURA','R1',120.00,60.00,'2025-07-03 12:50:20','ZAKONCZONY',NULL,'2025-07-03 12:50:56',NULL),(189,'TEMPERATURA','R1',60.22,60.00,'2025-07-03 13:11:23','ZAKONCZONY',NULL,'2025-07-03 17:01:54',NULL),(190,'TEMPERATURA','R1',61.72,60.00,'2025-07-03 13:14:55','ZAKONCZONY',NULL,'2025-07-03 17:01:53',NULL),(191,'TEMPERATURA','R1',64.22,60.00,'2025-07-03 13:19:55','ZAKONCZONY',NULL,'2025-07-03 17:01:52',NULL),(192,'TEMPERATURA','R1',66.72,60.00,'2025-07-03 13:24:55','ZAKONCZONY',NULL,'2025-07-03 17:01:51',NULL),(193,'TEMPERATURA','R1',69.22,60.00,'2025-07-03 13:29:55','ZAKONCZONY',NULL,'2025-07-03 17:01:50',NULL),(194,'TEMPERATURA','R1',71.72,60.00,'2025-07-03 13:34:55','ZAKONCZONY',NULL,'2025-07-03 17:01:49',NULL),(195,'TEMPERATURA','R1',74.22,60.00,'2025-07-03 13:39:55','ZAKONCZONY',NULL,'2025-07-03 17:01:48',NULL),(196,'TEMPERATURA','R1',76.72,60.00,'2025-07-03 13:44:55','ZAKONCZONY',NULL,'2025-07-03 17:01:47',NULL),(197,'TEMPERATURA','R2',120.04,120.00,'2025-07-03 13:48:23','ZAKONCZONY',NULL,'2025-07-03 17:01:50',NULL),(198,'TEMPERATURA','R3',120.26,120.00,'2025-07-03 13:48:55','ZAKONCZONY',NULL,'2025-07-03 17:01:58',NULL),(199,'TEMPERATURA','R4',120.23,120.00,'2025-07-03 13:48:55','ZAKONCZONY',NULL,'2025-07-03 17:02:01',NULL),(200,'TEMPERATURA','R5',120.21,120.00,'2025-07-03 13:48:55','ZAKONCZONY',NULL,'2025-07-03 17:02:04',NULL),(201,'TEMPERATURA','R1',79.22,60.00,'2025-07-03 13:49:55','ZAKONCZONY',NULL,'2025-07-03 17:01:46',NULL),(202,'TEMPERATURA','R2',120.54,120.00,'2025-07-03 13:49:55','ZAKONCZONY',NULL,'2025-07-03 17:01:49',NULL),(203,'TEMPERATURA','R3',120.49,120.00,'2025-07-03 13:49:55','ZAKONCZONY',NULL,'2025-07-03 17:01:57',NULL),(204,'TEMPERATURA','R4',120.46,120.00,'2025-07-03 13:49:55','ZAKONCZONY',NULL,'2025-07-03 17:02:00',NULL),(205,'TEMPERATURA','R5',120.44,120.00,'2025-07-03 13:49:55','ZAKONCZONY',NULL,'2025-07-03 17:02:03',NULL),(206,'TEMPERATURA','R1',81.72,60.00,'2025-07-03 13:54:55','ZAKONCZONY',NULL,'2025-07-03 17:01:45',NULL),(207,'TEMPERATURA','R2',123.04,120.00,'2025-07-03 13:54:55','ZAKONCZONY',NULL,'2025-07-03 17:01:48',NULL),(208,'TEMPERATURA','R3',122.99,120.00,'2025-07-03 13:54:55','ZAKONCZONY',NULL,'2025-07-03 17:01:56',NULL),(209,'TEMPERATURA','R4',122.96,120.00,'2025-07-03 13:54:55','ZAKONCZONY',NULL,'2025-07-03 17:01:59',NULL),(210,'TEMPERATURA','R5',122.94,120.00,'2025-07-03 13:54:55','ZAKONCZONY',NULL,'2025-07-03 17:02:02',NULL),(211,'TEMPERATURA','R1',146.72,60.00,'2025-07-03 16:04:55','ZAKONCZONY',NULL,'2025-07-03 17:01:44',NULL),(212,'TEMPERATURA','R2',188.04,120.00,'2025-07-03 16:04:55','ZAKONCZONY',NULL,'2025-07-03 17:01:47',NULL),(213,'TEMPERATURA','R3',187.99,120.00,'2025-07-03 16:04:55','ZAKONCZONY',NULL,'2025-07-03 17:01:55',NULL),(214,'TEMPERATURA','R4',187.96,120.00,'2025-07-03 16:04:55','ZAKONCZONY',NULL,'2025-07-03 17:01:58',NULL),(215,'TEMPERATURA','R5',187.94,120.00,'2025-07-03 16:04:55','ZAKONCZONY',NULL,'2025-07-03 17:02:01',NULL),(216,'TEMPERATURA','R1',149.22,60.00,'2025-07-03 16:09:55','ZAKONCZONY',NULL,'2025-07-03 17:01:43',NULL),(217,'TEMPERATURA','R2',190.54,120.00,'2025-07-03 16:09:55','ZAKONCZONY',NULL,'2025-07-03 17:01:46',NULL),(218,'TEMPERATURA','R3',190.49,120.00,'2025-07-03 16:09:55','ZAKONCZONY',NULL,'2025-07-03 17:01:54',NULL),(219,'TEMPERATURA','R4',190.46,120.00,'2025-07-03 16:09:55','ZAKONCZONY',NULL,'2025-07-03 17:01:57',NULL),(220,'TEMPERATURA','R5',190.44,120.00,'2025-07-03 16:09:55','ZAKONCZONY',NULL,'2025-07-03 17:02:00',NULL),(221,'TEMPERATURA','R1',156.72,60.00,'2025-07-03 16:24:55','ZAKONCZONY',NULL,'2025-07-03 17:01:42',NULL),(222,'TEMPERATURA','R2',198.04,120.00,'2025-07-03 16:24:55','ZAKONCZONY',NULL,'2025-07-03 17:01:45',NULL),(223,'TEMPERATURA','R3',197.99,120.00,'2025-07-03 16:24:55','ZAKONCZONY',NULL,'2025-07-03 17:01:53',NULL),(224,'TEMPERATURA','R4',197.96,120.00,'2025-07-03 16:24:55','ZAKONCZONY',NULL,'2025-07-03 17:01:56',NULL),(225,'TEMPERATURA','R5',197.94,120.00,'2025-07-03 16:24:55','ZAKONCZONY',NULL,'2025-07-03 17:01:59',NULL),(226,'TEMPERATURA','R1',159.22,60.00,'2025-07-03 16:29:55','ZAKONCZONY',NULL,'2025-07-03 17:01:41',NULL),(227,'TEMPERATURA','R2',200.54,120.00,'2025-07-03 16:29:55','ZAKONCZONY',NULL,'2025-07-03 17:01:44',NULL),(228,'TEMPERATURA','R3',200.49,120.00,'2025-07-03 16:29:55','ZAKONCZONY',NULL,'2025-07-03 17:01:52',NULL),(229,'TEMPERATURA','R4',200.46,120.00,'2025-07-03 16:29:55','ZAKONCZONY',NULL,'2025-07-03 17:01:55',NULL),(230,'TEMPERATURA','R5',200.44,120.00,'2025-07-03 16:29:55','ZAKONCZONY',NULL,'2025-07-03 17:01:58',NULL),(231,'TEMPERATURA','R1',161.72,60.00,'2025-07-03 16:34:55','ZAKONCZONY',NULL,'2025-07-03 17:01:40',NULL),(232,'TEMPERATURA','R2',203.04,120.00,'2025-07-03 16:34:55','ZAKONCZONY',NULL,'2025-07-03 17:01:43',NULL),(233,'TEMPERATURA','R3',202.99,120.00,'2025-07-03 16:34:55','ZAKONCZONY',NULL,'2025-07-03 17:01:51',NULL),(234,'TEMPERATURA','R4',202.96,120.00,'2025-07-03 16:34:55','ZAKONCZONY',NULL,'2025-07-03 17:01:54',NULL),(235,'TEMPERATURA','R5',202.94,120.00,'2025-07-03 16:34:55','ZAKONCZONY',NULL,'2025-07-03 17:01:57',NULL),(236,'TEMPERATURA','R1',164.22,60.00,'2025-07-03 16:39:55','ZAKONCZONY',NULL,'2025-07-03 17:01:39',NULL),(237,'TEMPERATURA','R2',205.54,120.00,'2025-07-03 16:39:55','ZAKONCZONY',NULL,'2025-07-03 17:01:42',NULL),(238,'TEMPERATURA','R3',205.49,120.00,'2025-07-03 16:39:55','ZAKONCZONY',NULL,'2025-07-03 17:01:50',NULL),(239,'TEMPERATURA','R4',205.46,120.00,'2025-07-03 16:39:55','ZAKONCZONY',NULL,'2025-07-03 17:01:53',NULL),(240,'TEMPERATURA','R5',205.44,120.00,'2025-07-03 16:39:55','ZAKONCZONY',NULL,'2025-07-03 17:01:56',NULL),(241,'TEMPERATURA','R1',166.72,60.00,'2025-07-03 16:44:55','ZAKONCZONY',NULL,'2025-07-03 17:01:38',NULL),(242,'TEMPERATURA','R2',208.04,120.00,'2025-07-03 16:44:55','ZAKONCZONY',NULL,'2025-07-03 17:01:41',NULL),(243,'TEMPERATURA','R3',207.99,120.00,'2025-07-03 16:44:55','ZAKONCZONY',NULL,'2025-07-03 17:01:49',NULL),(244,'TEMPERATURA','R4',207.96,120.00,'2025-07-03 16:44:55','ZAKONCZONY',NULL,'2025-07-03 17:01:52',NULL),(245,'TEMPERATURA','R5',207.94,120.00,'2025-07-03 16:44:55','ZAKONCZONY',NULL,'2025-07-03 17:01:55',NULL),(246,'TEMPERATURA','R1',169.22,60.00,'2025-07-03 16:49:55','ZAKONCZONY',NULL,'2025-07-03 17:01:37',NULL),(247,'TEMPERATURA','R2',210.54,120.00,'2025-07-03 16:49:55','ZAKONCZONY',NULL,'2025-07-03 17:01:40',NULL),(248,'TEMPERATURA','R3',210.49,120.00,'2025-07-03 16:49:55','ZAKONCZONY',NULL,'2025-07-03 17:01:48',NULL),(249,'TEMPERATURA','R4',210.46,120.00,'2025-07-03 16:49:55','ZAKONCZONY',NULL,'2025-07-03 17:01:51',NULL),(250,'TEMPERATURA','R5',210.44,120.00,'2025-07-03 16:49:55','ZAKONCZONY',NULL,'2025-07-03 17:01:54',NULL),(251,'TEMPERATURA','R1',68.65,60.00,'2025-07-03 17:58:55','POTWIERDZONY','2025-07-03 18:27:26',NULL,NULL),(252,'TEMPERATURA','R1',68.88,60.00,'2025-07-03 17:59:55','POTWIERDZONY','2025-07-03 18:27:27',NULL,NULL),(253,'TEMPERATURA','R1',71.38,60.00,'2025-07-03 18:04:55','POTWIERDZONY','2025-07-03 18:27:28',NULL,NULL),(254,'TEMPERATURA','R1',73.88,60.00,'2025-07-03 18:09:55','POTWIERDZONY','2025-07-03 18:27:29',NULL,NULL),(255,'TEMPERATURA','R1',82.78,60.00,'2025-07-03 18:27:29','ZAKONCZONY',NULL,'2025-07-03 18:28:26',NULL),(256,'TEMPERATURA','R1',60.15,60.00,'2025-07-03 18:49:11','ZAKONCZONY',NULL,'2025-07-03 19:25:38',NULL),(257,'TEMPERATURA','R4',120.16,120.00,'2025-07-03 19:42:11','ZAKONCZONY',NULL,'2025-07-03 20:21:46',NULL),(258,'TEMPERATURA','R5',120.14,120.00,'2025-07-03 19:42:11','ZAKONCZONY',NULL,'2025-07-03 20:21:46',NULL),(259,'TEMPERATURA','R5',130.00,120.00,'2025-07-03 20:24:46','ZAKONCZONY',NULL,'2025-07-03 20:25:46',NULL),(260,'TEMPERATURA','R5',130.00,120.00,'2025-07-03 20:26:46','ZAKONCZONY',NULL,'2025-07-03 20:32:16',NULL),(261,'TEMPERATURA','R5',130.00,120.00,'2025-07-03 20:32:46','ZAKONCZONY',NULL,'2025-07-03 20:43:16',NULL),(262,'TEMPERATURA','R1',60.48,60.00,'2025-07-03 20:34:17','ZAKONCZONY',NULL,'2025-07-03 20:46:16',NULL),(263,'TEMPERATURA','R1',70.00,60.00,'2025-07-03 20:47:16','ZAKONCZONY',NULL,'2025-07-03 21:31:46',NULL),(264,'TEMPERATURA','R2',120.02,120.00,'2025-07-03 20:50:17','ZAKONCZONY',NULL,'2025-07-03 21:31:46',NULL),(265,'TEMPERATURA','R4',200.00,120.00,'2025-07-03 20:53:46','ZAKONCZONY',NULL,'2025-07-03 21:32:16',NULL),(266,'TEMPERATURA','R1',130.00,60.00,'2025-07-03 21:35:46','ZAKONCZONY',NULL,'2025-07-03 21:42:33',NULL),(267,'TEMPERATURA','R1',70.00,60.00,'2025-07-03 21:46:16','ZAKONCZONY',NULL,'2025-07-03 21:54:53',NULL),(268,'TEMPERATURA','R1',70.00,60.00,'2025-07-03 21:57:53','ZAKONCZONY',NULL,'2025-07-03 22:09:53',NULL),(269,'TEMPERATURA','R5',121.72,120.00,'2025-07-03 22:06:25','ZAKONCZONY',NULL,'2025-07-03 22:11:23',NULL),(270,'TEMPERATURA','R3',200.00,120.00,'2025-07-03 22:15:53','ZAKONCZONY',NULL,'2025-07-03 22:25:02',NULL),(271,'TEMPERATURA','R1',61.94,60.00,'2025-07-03 22:33:34','ZAKONCZONY',NULL,'2025-07-03 22:38:02',NULL),(272,'TEMPERATURA','R3',122.43,120.00,'2025-07-03 22:33:34','ZAKONCZONY',NULL,'2025-07-03 22:38:02',NULL),(273,'TEMPERATURA','R3',200.00,120.00,'2025-07-03 22:39:32','ZAKONCZONY',NULL,'2025-07-03 23:00:31',NULL),(274,'TEMPERATURA','R1',60.30,60.00,'2025-07-03 22:48:34','ZAKONCZONY',NULL,'2025-07-03 23:00:31',NULL),(275,'TEMPERATURA','R1',60.19,60.00,'2025-07-03 23:10:32','ZAKONCZONY',NULL,'2025-07-03 23:26:53',NULL),(276,'TEMPERATURA','R1',60.26,60.00,'2025-07-03 23:37:24','ZAKONCZONY',NULL,'2025-07-04 22:29:45',NULL),(277,'TEMPERATURA','R5',120.12,120.00,'2025-07-04 00:31:24','ZAKONCZONY',NULL,'2025-07-04 22:30:15',NULL),(278,'TEMPERATURA','R2',120.49,120.00,'2025-07-04 00:32:24','ZAKONCZONY',NULL,'2025-07-04 22:29:45',NULL),(279,'TEMPERATURA','R4',120.29,120.00,'2025-07-04 00:32:24','ZAKONCZONY',NULL,'2025-07-04 22:30:15',NULL),(280,'TEMPERATURA','R3',120.09,120.00,'2025-07-04 01:10:24','ZAKONCZONY',NULL,'2025-07-04 22:29:46',NULL),(281,'TEMPERATURA','R1',60.23,60.00,'2025-07-04 23:30:15','POTWIERDZONY','2025-07-04 23:56:23',NULL,NULL),(282,'TEMPERATURA','R1',73.35,60.00,'2025-07-04 23:56:45','ZAKONCZONY',NULL,'2025-07-05 03:21:39',NULL),(283,'TEMPERATURA','R2',120.06,120.00,'2025-07-05 01:29:57','ZAKONCZONY',NULL,'2025-07-05 04:24:30',NULL),(284,'TEMPERATURA','R3',120.03,120.00,'2025-07-05 01:29:57','ZAKONCZONY',NULL,'2025-07-06 10:32:21',NULL),(285,'TEMPERATURA','R4',120.01,120.00,'2025-07-05 01:29:57','ZAKONCZONY',NULL,'2025-07-06 10:32:21',NULL),(286,'TEMPERATURA','R5',120.07,120.00,'2025-07-05 01:30:10','ZAKONCZONY',NULL,'2025-07-06 10:32:21',NULL),(287,'TEMPERATURA','R1',60.01,60.00,'2025-07-05 03:53:39','ZAKONCZONY',NULL,'2025-07-05 03:57:19',NULL),(288,'TEMPERATURA','R1',60.04,60.00,'2025-07-05 04:07:19','ZAKONCZONY',NULL,'2025-07-05 04:16:40',NULL),(289,'TEMPERATURA','R1',60.07,60.00,'2025-07-05 04:48:40','ZAKONCZONY',NULL,'2025-07-06 10:32:21',NULL),(290,'TEMPERATURA','R2',351.70,120.00,'2025-07-05 15:00:07','ZAKONCZONY',NULL,'2025-07-06 10:32:21',NULL),(291,'TEMPERATURA','R1',60.36,60.00,'2025-07-06 11:32:51','AKTYWNY',NULL,NULL,NULL);
/*!40000 ALTER TABLE `alarmy` ENABLE KEYS */;
UNLOCK TABLES;

--
-- Table structure for table `cykle_filtracyjne`
--

DROP TABLE IF EXISTS `cykle_filtracyjne`;
/*!40101 SET @saved_cs_client     = @@character_set_client */;
/*!50503 SET character_set_client = utf8mb4 */;
CREATE TABLE `cykle_filtracyjne` (
  `id` int NOT NULL AUTO_INCREMENT,
  `id_partii` int DEFAULT NULL,
  `numer_cyklu` int DEFAULT NULL,
  `typ_cyklu` enum('placek','filtracja','dmuchanie') COLLATE utf8mb4_unicode_ci DEFAULT NULL,
  `id_filtra` varchar(10) COLLATE utf8mb4_unicode_ci DEFAULT NULL,
  `reaktor_startowy` varchar(10) COLLATE utf8mb4_unicode_ci DEFAULT NULL,
  `reaktor_docelowy` varchar(10) COLLATE utf8mb4_unicode_ci DEFAULT NULL,
  `czas_rozpoczecia` datetime DEFAULT NULL,
  `czas_zakonczenia` datetime DEFAULT NULL,
  `czas_trwania_minut` int DEFAULT NULL,
  `wynik_oceny` enum('pozytywna','negatywna','oczekuje') COLLATE utf8mb4_unicode_ci DEFAULT NULL,
  `komentarz` text COLLATE utf8mb4_unicode_ci,
  PRIMARY KEY (`id`),
  KEY `idx_partia_cykl` (`id_partii`,`numer_cyklu`),
  KEY `idx_filtr_czas` (`id_filtra`,`czas_rozpoczecia`),
  CONSTRAINT `cykle_filtracyjne_ibfk_1` FOREIGN KEY (`id_partii`) REFERENCES `partie_surowca` (`id`) ON DELETE CASCADE
) ENGINE=InnoDB AUTO_INCREMENT=14 DEFAULT CHARSET=utf8mb4 COLLATE=utf8mb4_unicode_ci COMMENT='Historia wszystkich cykli filtracyjnych dla każdej partii';
/*!40101 SET character_set_client = @saved_cs_client */;

--
-- Dumping data for table `cykle_filtracyjne`
--

LOCK TABLES `cykle_filtracyjne` WRITE;
/*!40000 ALTER TABLE `cykle_filtracyjne` DISABLE KEYS */;
INSERT INTO `cykle_filtracyjne` VALUES (1,1,1,'placek','FZ','r2',NULL,'2025-07-05 00:46:47','2025-07-05 00:47:32',0,'oczekuje',''),(2,1,2,'placek','FZ','r1',NULL,'2025-07-05 00:51:28','2025-07-05 00:51:57',0,'oczekuje',''),(3,1,3,'placek','FZ','r4',NULL,'2025-07-05 01:06:31','2025-07-05 05:29:46',263,'oczekuje',''),(13,3,1,'placek','FZ','',NULL,'2025-07-05 05:29:08','2025-07-05 05:29:32',0,'oczekuje','');
/*!40000 ALTER TABLE `cykle_filtracyjne` ENABLE KEYS */;
UNLOCK TABLES;

--
-- Table structure for table `historia_pomiarow`
--

DROP TABLE IF EXISTS `historia_pomiarow`;
/*!40101 SET @saved_cs_client     = @@character_set_client */;
/*!50503 SET character_set_client = utf8mb4 */;
CREATE TABLE `historia_pomiarow` (
  `id` int NOT NULL AUTO_INCREMENT,
  `id_sprzetu` int NOT NULL,
  `temperatura` decimal(5,2) DEFAULT NULL,
  `cisnienie` decimal(5,2) DEFAULT NULL,
  `czas_pomiaru` datetime NOT NULL,
  PRIMARY KEY (`id`),
  KEY `idx_historia_sprzet_czas` (`id_sprzetu`,`czas_pomiaru`),
  CONSTRAINT `historia_pomiarow_ibfk_1` FOREIGN KEY (`id_sprzetu`) REFERENCES `sprzet` (`id`)
) ENGINE=InnoDB AUTO_INCREMENT=61572 DEFAULT CHARSET=utf8mb4 COLLATE=utf8mb4_unicode_ci;
/*!40101 SET character_set_client = @saved_cs_client */;

--
-- Dumping data for table `historia_pomiarow`
--

LOCK TABLES `historia_pomiarow` WRITE;
/*!40000 ALTER TABLE `historia_pomiarow` DISABLE KEYS */;
INSERT INTO `historia_pomiarow` VALUES (58322,1,40.90,0.41,'2025-07-06 10:53:51'),(58323,2,40.88,1.33,'2025-07-06 10:53:51'),(58324,3,40.85,1.12,'2025-07-06 10:53:51'),(58325,4,40.81,0.22,'2025-07-06 10:53:51'),(58326,5,40.76,1.67,'2025-07-06 10:53:51'),(58327,6,60.00,4.90,'2025-07-06 10:53:51'),(58328,7,60.00,4.54,'2025-07-06 10:53:51'),(58329,8,60.00,0.00,'2025-07-06 10:53:51'),(58330,9,60.00,0.00,'2025-07-06 10:53:51'),(58331,10,60.00,0.14,'2025-07-06 10:53:51'),(58332,11,60.00,1.26,'2025-07-06 10:53:51'),(58333,12,60.00,0.02,'2025-07-06 10:53:51'),(58334,13,60.00,0.45,'2025-07-06 10:53:51'),(58335,1,40.91,0.95,'2025-07-06 10:53:52'),(58336,2,40.88,1.58,'2025-07-06 10:53:52'),(58337,3,40.86,1.59,'2025-07-06 10:53:52'),(58338,4,40.82,0.83,'2025-07-06 10:53:52'),(58339,5,40.77,1.77,'2025-07-06 10:53:52'),(58340,6,60.00,4.33,'2025-07-06 10:53:52'),(58341,7,60.00,4.38,'2025-07-06 10:53:52'),(58342,8,60.00,0.00,'2025-07-06 10:53:52'),(58343,9,60.00,0.00,'2025-07-06 10:53:52'),(58344,10,60.00,0.26,'2025-07-06 10:53:52'),(58345,11,60.00,0.45,'2025-07-06 10:53:52'),(58346,12,60.00,0.62,'2025-07-06 10:53:52'),(58347,13,60.00,0.56,'2025-07-06 10:53:52'),(58348,1,41.40,1.22,'2025-07-06 10:54:51'),(58349,2,41.38,0.58,'2025-07-06 10:54:51'),(58350,3,41.35,0.80,'2025-07-06 10:54:51'),(58351,4,41.31,1.71,'2025-07-06 10:54:51'),(58352,5,41.26,1.27,'2025-07-06 10:54:51'),(58353,6,60.00,4.75,'2025-07-06 10:54:51'),(58354,7,60.00,4.37,'2025-07-06 10:54:51'),(58355,8,60.00,0.00,'2025-07-06 10:54:51'),(58356,9,60.00,0.00,'2025-07-06 10:54:51'),(58357,10,60.00,0.17,'2025-07-06 10:54:51'),(58358,11,60.00,1.60,'2025-07-06 10:54:51'),(58359,12,60.00,1.90,'2025-07-06 10:54:51'),(58360,13,60.00,1.23,'2025-07-06 10:54:51'),(58361,1,41.41,0.59,'2025-07-06 10:54:52'),(58362,2,41.38,1.73,'2025-07-06 10:54:52'),(58363,3,41.36,0.62,'2025-07-06 10:54:52'),(58364,4,41.32,1.19,'2025-07-06 10:54:52'),(58365,5,41.27,0.89,'2025-07-06 10:54:52'),(58366,6,60.00,4.83,'2025-07-06 10:54:52'),(58367,7,60.00,4.68,'2025-07-06 10:54:52'),(58368,8,60.00,0.00,'2025-07-06 10:54:52'),(58369,9,60.00,0.00,'2025-07-06 10:54:52'),(58370,10,60.00,1.51,'2025-07-06 10:54:52'),(58371,11,60.00,0.87,'2025-07-06 10:54:52'),(58372,12,60.00,0.29,'2025-07-06 10:54:52'),(58373,13,60.00,0.41,'2025-07-06 10:54:52'),(58374,1,41.90,0.83,'2025-07-06 10:55:51'),(58375,2,41.88,0.92,'2025-07-06 10:55:51'),(58376,3,41.85,1.93,'2025-07-06 10:55:51'),(58377,4,41.81,1.81,'2025-07-06 10:55:51'),(58378,5,41.76,0.33,'2025-07-06 10:55:51'),(58379,6,60.00,4.21,'2025-07-06 10:55:51'),(58380,7,60.00,4.20,'2025-07-06 10:55:51'),(58381,8,60.00,0.00,'2025-07-06 10:55:51'),(58382,9,60.00,0.00,'2025-07-06 10:55:51'),(58383,10,60.00,1.26,'2025-07-06 10:55:51'),(58384,11,60.00,0.03,'2025-07-06 10:55:51'),(58385,12,60.00,0.05,'2025-07-06 10:55:51'),(58386,13,60.00,0.12,'2025-07-06 10:55:51'),(58387,1,41.91,0.05,'2025-07-06 10:55:52'),(58388,2,41.88,0.38,'2025-07-06 10:55:52'),(58389,3,41.86,0.75,'2025-07-06 10:55:52'),(58390,4,41.82,0.05,'2025-07-06 10:55:52'),(58391,5,41.77,0.92,'2025-07-06 10:55:52'),(58392,6,60.00,4.39,'2025-07-06 10:55:52'),(58393,7,60.00,4.32,'2025-07-06 10:55:52'),(58394,8,60.00,0.00,'2025-07-06 10:55:52'),(58395,9,60.00,0.00,'2025-07-06 10:55:52'),(58396,10,60.00,0.97,'2025-07-06 10:55:52'),(58397,11,60.00,0.15,'2025-07-06 10:55:52'),(58398,12,60.00,0.89,'2025-07-06 10:55:52'),(58399,13,60.00,0.44,'2025-07-06 10:55:52'),(58400,1,42.40,0.57,'2025-07-06 10:56:51'),(58401,2,42.38,1.63,'2025-07-06 10:56:51'),(58402,3,42.35,0.37,'2025-07-06 10:56:51'),(58403,4,42.31,0.72,'2025-07-06 10:56:51'),(58404,5,42.26,1.97,'2025-07-06 10:56:51'),(58405,6,60.00,4.55,'2025-07-06 10:56:51'),(58406,7,60.00,4.06,'2025-07-06 10:56:51'),(58407,8,60.00,0.00,'2025-07-06 10:56:51'),(58408,9,60.00,0.00,'2025-07-06 10:56:51'),(58409,10,60.00,1.64,'2025-07-06 10:56:51'),(58410,11,60.00,0.77,'2025-07-06 10:56:51'),(58411,12,60.00,1.50,'2025-07-06 10:56:51'),(58412,13,60.00,0.16,'2025-07-06 10:56:51'),(58413,1,42.41,0.46,'2025-07-06 10:56:52'),(58414,2,42.38,1.88,'2025-07-06 10:56:52'),(58415,3,42.36,0.85,'2025-07-06 10:56:52'),(58416,4,42.32,0.85,'2025-07-06 10:56:52'),(58417,5,42.27,0.01,'2025-07-06 10:56:52'),(58418,6,60.00,4.98,'2025-07-06 10:56:52'),(58419,7,60.00,4.46,'2025-07-06 10:56:52'),(58420,8,60.00,0.00,'2025-07-06 10:56:52'),(58421,9,60.00,0.00,'2025-07-06 10:56:52'),(58422,10,60.00,0.05,'2025-07-06 10:56:52'),(58423,11,60.00,0.80,'2025-07-06 10:56:52'),(58424,12,60.00,0.61,'2025-07-06 10:56:52'),(58425,13,60.00,0.89,'2025-07-06 10:56:52'),(58426,1,42.90,0.11,'2025-07-06 10:57:51'),(58427,2,42.88,0.99,'2025-07-06 10:57:51'),(58428,3,42.85,1.44,'2025-07-06 10:57:51'),(58429,4,42.81,1.78,'2025-07-06 10:57:51'),(58430,5,42.76,1.33,'2025-07-06 10:57:51'),(58431,6,60.00,4.21,'2025-07-06 10:57:51'),(58432,7,60.00,4.93,'2025-07-06 10:57:51'),(58433,8,60.00,0.00,'2025-07-06 10:57:51'),(58434,9,60.00,0.00,'2025-07-06 10:57:51'),(58435,10,60.00,0.19,'2025-07-06 10:57:51'),(58436,11,60.00,0.25,'2025-07-06 10:57:51'),(58437,12,60.00,0.54,'2025-07-06 10:57:51'),(58438,13,60.00,1.73,'2025-07-06 10:57:51'),(58439,1,42.91,0.29,'2025-07-06 10:57:52'),(58440,2,42.88,1.89,'2025-07-06 10:57:52'),(58441,3,42.86,1.10,'2025-07-06 10:57:52'),(58442,4,42.82,0.33,'2025-07-06 10:57:52'),(58443,5,42.77,0.11,'2025-07-06 10:57:52'),(58444,6,60.00,4.59,'2025-07-06 10:57:52'),(58445,7,60.00,4.90,'2025-07-06 10:57:52'),(58446,8,60.00,0.00,'2025-07-06 10:57:52'),(58447,9,60.00,0.00,'2025-07-06 10:57:52'),(58448,10,60.00,0.35,'2025-07-06 10:57:52'),(58449,11,60.00,0.49,'2025-07-06 10:57:52'),(58450,12,60.00,1.34,'2025-07-06 10:57:52'),(58451,13,60.00,1.93,'2025-07-06 10:57:52'),(58452,1,43.40,1.75,'2025-07-06 10:58:51'),(58453,2,43.38,1.59,'2025-07-06 10:58:51'),(58454,3,43.35,1.78,'2025-07-06 10:58:51'),(58455,4,43.31,0.75,'2025-07-06 10:58:51'),(58456,5,43.26,1.92,'2025-07-06 10:58:51'),(58457,6,60.00,4.87,'2025-07-06 10:58:51'),(58458,7,60.00,4.01,'2025-07-06 10:58:51'),(58459,8,60.00,0.00,'2025-07-06 10:58:51'),(58460,9,60.00,0.00,'2025-07-06 10:58:51'),(58461,10,60.00,0.96,'2025-07-06 10:58:51'),(58462,11,60.00,0.40,'2025-07-06 10:58:51'),(58463,12,60.00,1.28,'2025-07-06 10:58:51'),(58464,13,60.00,1.10,'2025-07-06 10:58:51'),(58465,1,43.41,0.39,'2025-07-06 10:58:52'),(58466,2,43.38,1.67,'2025-07-06 10:58:52'),(58467,3,43.36,0.08,'2025-07-06 10:58:52'),(58468,4,43.32,1.13,'2025-07-06 10:58:52'),(58469,5,43.27,0.61,'2025-07-06 10:58:52'),(58470,6,60.00,4.69,'2025-07-06 10:58:52'),(58471,7,60.00,4.73,'2025-07-06 10:58:52'),(58472,8,60.00,0.00,'2025-07-06 10:58:52'),(58473,9,60.00,0.00,'2025-07-06 10:58:52'),(58474,10,60.00,1.09,'2025-07-06 10:58:52'),(58475,11,60.00,1.82,'2025-07-06 10:58:52'),(58476,12,60.00,0.99,'2025-07-06 10:58:52'),(58477,13,60.00,1.30,'2025-07-06 10:58:52'),(58478,1,43.90,0.50,'2025-07-06 10:59:51'),(58479,2,43.88,0.40,'2025-07-06 10:59:51'),(58480,3,43.85,0.00,'2025-07-06 10:59:51'),(58481,4,43.81,1.12,'2025-07-06 10:59:51'),(58482,5,43.76,1.09,'2025-07-06 10:59:51'),(58483,6,60.00,4.04,'2025-07-06 10:59:51'),(58484,7,60.00,4.31,'2025-07-06 10:59:51'),(58485,8,60.00,0.00,'2025-07-06 10:59:51'),(58486,9,60.00,0.00,'2025-07-06 10:59:51'),(58487,10,60.00,1.74,'2025-07-06 10:59:51'),(58488,11,60.00,1.89,'2025-07-06 10:59:51'),(58489,12,60.00,1.02,'2025-07-06 10:59:51'),(58490,13,60.00,1.21,'2025-07-06 10:59:51'),(58491,1,43.91,1.77,'2025-07-06 10:59:52'),(58492,2,43.88,1.19,'2025-07-06 10:59:52'),(58493,3,43.86,1.85,'2025-07-06 10:59:52'),(58494,4,43.82,0.91,'2025-07-06 10:59:52'),(58495,5,43.77,0.66,'2025-07-06 10:59:52'),(58496,6,60.00,4.58,'2025-07-06 10:59:52'),(58497,7,60.00,4.34,'2025-07-06 10:59:52'),(58498,8,60.00,0.00,'2025-07-06 10:59:52'),(58499,9,60.00,0.00,'2025-07-06 10:59:52'),(58500,10,60.00,0.84,'2025-07-06 10:59:52'),(58501,11,60.00,1.54,'2025-07-06 10:59:52'),(58502,12,60.00,1.25,'2025-07-06 10:59:52'),(58503,13,60.00,0.34,'2025-07-06 10:59:52'),(58504,1,44.40,1.32,'2025-07-06 11:00:51'),(58505,2,44.38,0.54,'2025-07-06 11:00:51'),(58506,3,44.35,1.53,'2025-07-06 11:00:51'),(58507,4,44.31,0.23,'2025-07-06 11:00:51'),(58508,5,44.26,0.58,'2025-07-06 11:00:51'),(58509,6,60.00,4.86,'2025-07-06 11:00:51'),(58510,7,60.00,4.99,'2025-07-06 11:00:51'),(58511,8,60.00,0.00,'2025-07-06 11:00:51'),(58512,9,60.00,0.00,'2025-07-06 11:00:51'),(58513,10,60.00,1.05,'2025-07-06 11:00:51'),(58514,11,60.00,1.53,'2025-07-06 11:00:51'),(58515,12,60.00,1.98,'2025-07-06 11:00:51'),(58516,13,60.00,0.45,'2025-07-06 11:00:51'),(58517,1,44.41,1.83,'2025-07-06 11:00:52'),(58518,2,44.38,1.49,'2025-07-06 11:00:52'),(58519,3,44.36,0.91,'2025-07-06 11:00:52'),(58520,4,44.32,0.43,'2025-07-06 11:00:52'),(58521,5,44.27,1.19,'2025-07-06 11:00:52'),(58522,6,60.00,4.78,'2025-07-06 11:00:52'),(58523,7,60.00,4.68,'2025-07-06 11:00:52'),(58524,8,60.00,0.00,'2025-07-06 11:00:52'),(58525,9,60.00,0.00,'2025-07-06 11:00:52'),(58526,10,60.00,0.94,'2025-07-06 11:00:52'),(58527,11,60.00,1.31,'2025-07-06 11:00:52'),(58528,12,60.00,1.95,'2025-07-06 11:00:52'),(58529,13,60.00,1.81,'2025-07-06 11:00:52'),(58530,1,44.90,1.93,'2025-07-06 11:01:51'),(58531,2,44.88,1.91,'2025-07-06 11:01:51'),(58532,3,44.85,0.97,'2025-07-06 11:01:51'),(58533,4,44.81,0.82,'2025-07-06 11:01:51'),(58534,5,44.76,1.78,'2025-07-06 11:01:51'),(58535,6,60.00,4.41,'2025-07-06 11:01:51'),(58536,7,60.00,4.39,'2025-07-06 11:01:51'),(58537,8,60.00,0.00,'2025-07-06 11:01:51'),(58538,9,60.00,0.00,'2025-07-06 11:01:51'),(58539,10,60.00,0.43,'2025-07-06 11:01:51'),(58540,11,60.00,0.31,'2025-07-06 11:01:51'),(58541,12,60.00,0.05,'2025-07-06 11:01:51'),(58542,13,60.00,0.84,'2025-07-06 11:01:51'),(58543,1,44.91,1.03,'2025-07-06 11:01:52'),(58544,2,44.88,1.65,'2025-07-06 11:01:52'),(58545,3,44.86,1.68,'2025-07-06 11:01:52'),(58546,4,44.82,1.48,'2025-07-06 11:01:52'),(58547,5,44.77,0.32,'2025-07-06 11:01:52'),(58548,6,60.00,4.53,'2025-07-06 11:01:52'),(58549,7,60.00,4.29,'2025-07-06 11:01:52'),(58550,8,60.00,0.00,'2025-07-06 11:01:52'),(58551,9,60.00,0.00,'2025-07-06 11:01:52'),(58552,10,60.00,0.26,'2025-07-06 11:01:52'),(58553,11,60.00,1.28,'2025-07-06 11:01:52'),(58554,12,60.00,0.41,'2025-07-06 11:01:52'),(58555,13,60.00,0.29,'2025-07-06 11:01:52'),(58556,1,45.40,0.87,'2025-07-06 11:02:51'),(58557,2,45.38,0.83,'2025-07-06 11:02:51'),(58558,3,45.35,1.72,'2025-07-06 11:02:51'),(58559,4,45.31,1.33,'2025-07-06 11:02:51'),(58560,5,45.26,1.79,'2025-07-06 11:02:51'),(58561,6,60.00,4.51,'2025-07-06 11:02:51'),(58562,7,60.00,4.54,'2025-07-06 11:02:51'),(58563,8,60.00,0.00,'2025-07-06 11:02:51'),(58564,9,60.00,0.00,'2025-07-06 11:02:51'),(58565,10,60.00,1.29,'2025-07-06 11:02:51'),(58566,11,60.00,1.39,'2025-07-06 11:02:51'),(58567,12,60.00,1.63,'2025-07-06 11:02:51'),(58568,13,60.00,1.43,'2025-07-06 11:02:51'),(58569,1,45.41,1.63,'2025-07-06 11:02:52'),(58570,2,45.38,1.74,'2025-07-06 11:02:52'),(58571,3,45.36,1.39,'2025-07-06 11:02:52'),(58572,4,45.32,1.50,'2025-07-06 11:02:52'),(58573,5,45.27,1.58,'2025-07-06 11:02:52'),(58574,6,60.00,4.50,'2025-07-06 11:02:52'),(58575,7,60.00,4.55,'2025-07-06 11:02:52'),(58576,8,60.00,0.00,'2025-07-06 11:02:52'),(58577,9,60.00,0.00,'2025-07-06 11:02:52'),(58578,10,60.00,1.25,'2025-07-06 11:02:52'),(58579,11,60.00,0.18,'2025-07-06 11:02:52'),(58580,12,60.00,1.45,'2025-07-06 11:02:52'),(58581,13,60.00,1.02,'2025-07-06 11:02:52'),(58582,1,45.90,0.65,'2025-07-06 11:03:51'),(58583,2,45.88,1.16,'2025-07-06 11:03:51'),(58584,3,45.85,1.16,'2025-07-06 11:03:51'),(58585,4,45.81,0.24,'2025-07-06 11:03:51'),(58586,5,45.76,1.83,'2025-07-06 11:03:51'),(58587,6,60.00,4.23,'2025-07-06 11:03:51'),(58588,7,60.00,4.38,'2025-07-06 11:03:51'),(58589,8,60.00,0.00,'2025-07-06 11:03:51'),(58590,9,60.00,0.00,'2025-07-06 11:03:51'),(58591,10,60.00,0.97,'2025-07-06 11:03:51'),(58592,11,60.00,1.24,'2025-07-06 11:03:51'),(58593,12,60.00,0.64,'2025-07-06 11:03:51'),(58594,13,60.00,1.12,'2025-07-06 11:03:51'),(58595,1,45.91,1.95,'2025-07-06 11:03:52'),(58596,2,45.88,0.24,'2025-07-06 11:03:52'),(58597,3,45.86,0.88,'2025-07-06 11:03:52'),(58598,4,45.82,1.74,'2025-07-06 11:03:52'),(58599,5,45.77,1.28,'2025-07-06 11:03:52'),(58600,6,60.00,4.90,'2025-07-06 11:03:52'),(58601,7,60.00,4.01,'2025-07-06 11:03:52'),(58602,8,60.00,0.00,'2025-07-06 11:03:52'),(58603,9,60.00,0.00,'2025-07-06 11:03:52'),(58604,10,60.00,0.87,'2025-07-06 11:03:52'),(58605,11,60.00,1.25,'2025-07-06 11:03:52'),(58606,12,60.00,0.45,'2025-07-06 11:03:52'),(58607,13,60.00,0.07,'2025-07-06 11:03:52'),(58608,1,46.40,0.74,'2025-07-06 11:04:51'),(58609,2,46.38,1.87,'2025-07-06 11:04:51'),(58610,3,46.35,1.60,'2025-07-06 11:04:51'),(58611,4,46.31,0.36,'2025-07-06 11:04:51'),(58612,5,46.26,0.11,'2025-07-06 11:04:51'),(58613,6,60.00,4.71,'2025-07-06 11:04:51'),(58614,7,60.00,4.68,'2025-07-06 11:04:51'),(58615,8,60.00,0.00,'2025-07-06 11:04:51'),(58616,9,60.00,0.00,'2025-07-06 11:04:51'),(58617,10,60.00,0.39,'2025-07-06 11:04:51'),(58618,11,60.00,2.00,'2025-07-06 11:04:51'),(58619,12,60.00,0.84,'2025-07-06 11:04:51'),(58620,13,60.00,1.72,'2025-07-06 11:04:51'),(58621,1,46.41,0.86,'2025-07-06 11:04:52'),(58622,2,46.38,1.06,'2025-07-06 11:04:52'),(58623,3,46.36,0.63,'2025-07-06 11:04:52'),(58624,4,46.32,0.45,'2025-07-06 11:04:52'),(58625,5,46.27,1.43,'2025-07-06 11:04:52'),(58626,6,60.00,4.87,'2025-07-06 11:04:52'),(58627,7,60.00,4.46,'2025-07-06 11:04:52'),(58628,8,60.00,0.00,'2025-07-06 11:04:52'),(58629,9,60.00,0.00,'2025-07-06 11:04:52'),(58630,10,60.00,1.07,'2025-07-06 11:04:52'),(58631,11,60.00,1.72,'2025-07-06 11:04:52'),(58632,12,60.00,1.97,'2025-07-06 11:04:52'),(58633,13,60.00,0.22,'2025-07-06 11:04:52'),(58634,1,46.90,1.17,'2025-07-06 11:05:51'),(58635,2,46.88,1.85,'2025-07-06 11:05:51'),(58636,3,46.85,1.63,'2025-07-06 11:05:51'),(58637,4,46.81,0.59,'2025-07-06 11:05:51'),(58638,5,46.76,1.00,'2025-07-06 11:05:51'),(58639,6,60.00,4.05,'2025-07-06 11:05:51'),(58640,7,60.00,4.46,'2025-07-06 11:05:51'),(58641,8,60.00,0.00,'2025-07-06 11:05:51'),(58642,9,60.00,0.00,'2025-07-06 11:05:51'),(58643,10,60.00,1.94,'2025-07-06 11:05:51'),(58644,11,60.00,0.71,'2025-07-06 11:05:51'),(58645,12,60.00,0.20,'2025-07-06 11:05:51'),(58646,13,60.00,0.99,'2025-07-06 11:05:51'),(58647,1,46.91,0.70,'2025-07-06 11:05:52'),(58648,2,46.88,1.09,'2025-07-06 11:05:52'),(58649,3,46.86,1.38,'2025-07-06 11:05:52'),(58650,4,46.82,0.04,'2025-07-06 11:05:52'),(58651,5,46.77,0.67,'2025-07-06 11:05:52'),(58652,6,60.00,4.62,'2025-07-06 11:05:52'),(58653,7,60.00,4.64,'2025-07-06 11:05:52'),(58654,8,60.00,0.00,'2025-07-06 11:05:52'),(58655,9,60.00,0.00,'2025-07-06 11:05:52'),(58656,10,60.00,1.17,'2025-07-06 11:05:52'),(58657,11,60.00,1.78,'2025-07-06 11:05:52'),(58658,12,60.00,0.79,'2025-07-06 11:05:52'),(58659,13,60.00,0.67,'2025-07-06 11:05:52'),(58660,1,47.40,0.93,'2025-07-06 11:06:51'),(58661,2,47.38,1.85,'2025-07-06 11:06:51'),(58662,3,47.35,1.65,'2025-07-06 11:06:51'),(58663,4,47.31,1.90,'2025-07-06 11:06:51'),(58664,5,47.26,1.49,'2025-07-06 11:06:51'),(58665,6,60.00,4.57,'2025-07-06 11:06:51'),(58666,7,60.00,4.91,'2025-07-06 11:06:51'),(58667,8,60.00,0.00,'2025-07-06 11:06:51'),(58668,9,60.00,0.00,'2025-07-06 11:06:51'),(58669,10,60.00,0.27,'2025-07-06 11:06:51'),(58670,11,60.00,0.90,'2025-07-06 11:06:51'),(58671,12,60.00,1.66,'2025-07-06 11:06:51'),(58672,13,60.00,0.00,'2025-07-06 11:06:51'),(58673,1,47.41,1.36,'2025-07-06 11:06:52'),(58674,2,47.38,0.31,'2025-07-06 11:06:52'),(58675,3,47.36,1.54,'2025-07-06 11:06:52'),(58676,4,47.32,1.28,'2025-07-06 11:06:52'),(58677,5,47.27,1.19,'2025-07-06 11:06:52'),(58678,6,60.00,4.89,'2025-07-06 11:06:52'),(58679,7,60.00,4.20,'2025-07-06 11:06:52'),(58680,8,60.00,0.00,'2025-07-06 11:06:52'),(58681,9,60.00,0.00,'2025-07-06 11:06:52'),(58682,10,60.00,0.63,'2025-07-06 11:06:52'),(58683,11,60.00,0.18,'2025-07-06 11:06:52'),(58684,12,60.00,0.46,'2025-07-06 11:06:52'),(58685,13,60.00,1.62,'2025-07-06 11:06:52'),(58686,1,47.90,0.35,'2025-07-06 11:07:51'),(58687,2,47.88,1.12,'2025-07-06 11:07:51'),(58688,3,47.85,1.49,'2025-07-06 11:07:51'),(58689,4,47.81,1.46,'2025-07-06 11:07:51'),(58690,5,47.76,1.24,'2025-07-06 11:07:51'),(58691,6,60.00,4.35,'2025-07-06 11:07:51'),(58692,7,60.00,4.44,'2025-07-06 11:07:51'),(58693,8,60.00,0.00,'2025-07-06 11:07:51'),(58694,9,60.00,0.00,'2025-07-06 11:07:51'),(58695,10,60.00,0.65,'2025-07-06 11:07:51'),(58696,11,60.00,0.67,'2025-07-06 11:07:51'),(58697,12,60.00,1.54,'2025-07-06 11:07:51'),(58698,13,60.00,1.53,'2025-07-06 11:07:51'),(58699,1,47.91,0.72,'2025-07-06 11:07:52'),(58700,2,47.88,1.98,'2025-07-06 11:07:52'),(58701,3,47.86,0.75,'2025-07-06 11:07:52'),(58702,4,47.82,1.01,'2025-07-06 11:07:52'),(58703,5,47.77,1.33,'2025-07-06 11:07:52'),(58704,6,60.00,4.97,'2025-07-06 11:07:52'),(58705,7,60.00,4.04,'2025-07-06 11:07:52'),(58706,8,60.00,0.00,'2025-07-06 11:07:52'),(58707,9,60.00,0.00,'2025-07-06 11:07:52'),(58708,10,60.00,1.84,'2025-07-06 11:07:52'),(58709,11,60.00,1.19,'2025-07-06 11:07:52'),(58710,12,60.00,0.59,'2025-07-06 11:07:52'),(58711,13,60.00,0.13,'2025-07-06 11:07:52'),(58712,1,48.40,1.20,'2025-07-06 11:08:51'),(58713,2,48.38,1.52,'2025-07-06 11:08:51'),(58714,3,48.35,0.75,'2025-07-06 11:08:51'),(58715,4,48.31,0.12,'2025-07-06 11:08:51'),(58716,5,48.26,1.60,'2025-07-06 11:08:51'),(58717,6,60.00,4.72,'2025-07-06 11:08:51'),(58718,7,60.00,4.38,'2025-07-06 11:08:51'),(58719,8,60.00,0.00,'2025-07-06 11:08:51'),(58720,9,60.00,0.00,'2025-07-06 11:08:51'),(58721,10,60.00,0.83,'2025-07-06 11:08:51'),(58722,11,60.00,1.75,'2025-07-06 11:08:51'),(58723,12,60.00,0.60,'2025-07-06 11:08:51'),(58724,13,60.00,0.59,'2025-07-06 11:08:51'),(58725,1,48.41,1.79,'2025-07-06 11:08:52'),(58726,2,48.38,1.16,'2025-07-06 11:08:52'),(58727,3,48.36,1.43,'2025-07-06 11:08:52'),(58728,4,48.32,0.57,'2025-07-06 11:08:52'),(58729,5,48.27,1.63,'2025-07-06 11:08:52'),(58730,6,60.00,4.21,'2025-07-06 11:08:52'),(58731,7,60.00,4.79,'2025-07-06 11:08:52'),(58732,8,60.00,0.00,'2025-07-06 11:08:52'),(58733,9,60.00,0.00,'2025-07-06 11:08:52'),(58734,10,60.00,1.89,'2025-07-06 11:08:52'),(58735,11,60.00,1.13,'2025-07-06 11:08:52'),(58736,12,60.00,0.14,'2025-07-06 11:08:52'),(58737,13,60.00,1.88,'2025-07-06 11:08:52'),(58738,1,48.90,0.76,'2025-07-06 11:09:51'),(58739,2,48.88,0.54,'2025-07-06 11:09:51'),(58740,3,48.85,0.41,'2025-07-06 11:09:51'),(58741,4,48.81,0.16,'2025-07-06 11:09:51'),(58742,5,48.76,0.18,'2025-07-06 11:09:51'),(58743,6,60.00,4.62,'2025-07-06 11:09:51'),(58744,7,60.00,4.92,'2025-07-06 11:09:51'),(58745,8,60.00,0.00,'2025-07-06 11:09:51'),(58746,9,60.00,0.00,'2025-07-06 11:09:51'),(58747,10,60.00,1.52,'2025-07-06 11:09:51'),(58748,11,60.00,0.71,'2025-07-06 11:09:51'),(58749,12,60.00,0.19,'2025-07-06 11:09:51'),(58750,13,60.00,1.28,'2025-07-06 11:09:51'),(58751,1,48.91,1.48,'2025-07-06 11:09:52'),(58752,2,48.88,0.75,'2025-07-06 11:09:52'),(58753,3,48.86,0.60,'2025-07-06 11:09:52'),(58754,4,48.82,1.24,'2025-07-06 11:09:52'),(58755,5,48.77,0.49,'2025-07-06 11:09:52'),(58756,6,60.00,4.33,'2025-07-06 11:09:52'),(58757,7,60.00,4.35,'2025-07-06 11:09:52'),(58758,8,60.00,0.00,'2025-07-06 11:09:52'),(58759,9,60.00,0.00,'2025-07-06 11:09:52'),(58760,10,60.00,1.94,'2025-07-06 11:09:52'),(58761,11,60.00,0.86,'2025-07-06 11:09:52'),(58762,12,60.00,0.98,'2025-07-06 11:09:52'),(58763,13,60.00,1.60,'2025-07-06 11:09:52'),(58764,1,49.40,0.98,'2025-07-06 11:10:51'),(58765,2,49.38,0.14,'2025-07-06 11:10:51'),(58766,3,49.35,1.95,'2025-07-06 11:10:51'),(58767,4,49.31,0.77,'2025-07-06 11:10:51'),(58768,5,49.26,1.70,'2025-07-06 11:10:51'),(58769,6,60.00,4.88,'2025-07-06 11:10:51'),(58770,7,60.00,4.42,'2025-07-06 11:10:51'),(58771,8,60.00,0.00,'2025-07-06 11:10:51'),(58772,9,60.00,0.00,'2025-07-06 11:10:51'),(58773,10,60.00,1.39,'2025-07-06 11:10:51'),(58774,11,60.00,1.44,'2025-07-06 11:10:51'),(58775,12,60.00,1.40,'2025-07-06 11:10:51'),(58776,13,60.00,0.08,'2025-07-06 11:10:51'),(58777,1,49.41,1.03,'2025-07-06 11:10:52'),(58778,2,49.38,0.78,'2025-07-06 11:10:52'),(58779,3,49.36,0.42,'2025-07-06 11:10:52'),(58780,4,49.32,1.83,'2025-07-06 11:10:52'),(58781,5,49.27,0.73,'2025-07-06 11:10:52'),(58782,6,60.00,4.97,'2025-07-06 11:10:52'),(58783,7,60.00,4.56,'2025-07-06 11:10:52'),(58784,8,60.00,0.00,'2025-07-06 11:10:52'),(58785,9,60.00,0.00,'2025-07-06 11:10:52'),(58786,10,60.00,0.73,'2025-07-06 11:10:52'),(58787,11,60.00,1.67,'2025-07-06 11:10:52'),(58788,12,60.00,1.32,'2025-07-06 11:10:52'),(58789,13,60.00,1.55,'2025-07-06 11:10:52'),(58790,1,49.90,1.00,'2025-07-06 11:11:51'),(58791,2,49.88,0.84,'2025-07-06 11:11:51'),(58792,3,49.85,0.56,'2025-07-06 11:11:51'),(58793,4,49.81,0.74,'2025-07-06 11:11:51'),(58794,5,49.76,1.13,'2025-07-06 11:11:51'),(58795,6,60.00,4.10,'2025-07-06 11:11:51'),(58796,7,60.00,4.31,'2025-07-06 11:11:51'),(58797,8,60.00,0.00,'2025-07-06 11:11:51'),(58798,9,60.00,0.00,'2025-07-06 11:11:51'),(58799,10,60.00,0.04,'2025-07-06 11:11:51'),(58800,11,60.00,0.62,'2025-07-06 11:11:51'),(58801,12,60.00,0.24,'2025-07-06 11:11:51'),(58802,13,60.00,0.52,'2025-07-06 11:11:51'),(58803,1,49.91,1.72,'2025-07-06 11:11:52'),(58804,2,49.88,0.29,'2025-07-06 11:11:52'),(58805,3,49.86,0.51,'2025-07-06 11:11:52'),(58806,4,49.82,1.25,'2025-07-06 11:11:52'),(58807,5,49.77,1.97,'2025-07-06 11:11:52'),(58808,6,60.00,4.43,'2025-07-06 11:11:52'),(58809,7,60.00,4.42,'2025-07-06 11:11:52'),(58810,8,60.00,0.00,'2025-07-06 11:11:52'),(58811,9,60.00,0.00,'2025-07-06 11:11:52'),(58812,10,60.00,1.50,'2025-07-06 11:11:52'),(58813,11,60.00,1.39,'2025-07-06 11:11:52'),(58814,12,60.00,0.04,'2025-07-06 11:11:52'),(58815,13,60.00,0.95,'2025-07-06 11:11:52'),(58816,1,50.40,0.57,'2025-07-06 11:12:51'),(58817,2,50.38,1.91,'2025-07-06 11:12:51'),(58818,3,50.35,0.92,'2025-07-06 11:12:51'),(58819,4,50.31,0.46,'2025-07-06 11:12:51'),(58820,5,50.26,0.79,'2025-07-06 11:12:51'),(58821,6,60.00,4.31,'2025-07-06 11:12:51'),(58822,7,60.00,5.00,'2025-07-06 11:12:51'),(58823,8,60.00,0.00,'2025-07-06 11:12:51'),(58824,9,60.00,0.00,'2025-07-06 11:12:51'),(58825,10,60.00,1.20,'2025-07-06 11:12:51'),(58826,11,60.00,0.73,'2025-07-06 11:12:51'),(58827,12,60.00,1.52,'2025-07-06 11:12:51'),(58828,13,60.00,1.94,'2025-07-06 11:12:51'),(58829,1,50.41,1.91,'2025-07-06 11:12:52'),(58830,2,50.38,0.55,'2025-07-06 11:12:52'),(58831,3,50.36,1.50,'2025-07-06 11:12:52'),(58832,4,50.32,1.92,'2025-07-06 11:12:52'),(58833,5,50.27,1.80,'2025-07-06 11:12:52'),(58834,6,60.00,4.39,'2025-07-06 11:12:52'),(58835,7,60.00,4.23,'2025-07-06 11:12:52'),(58836,8,60.00,0.00,'2025-07-06 11:12:52'),(58837,9,60.00,0.00,'2025-07-06 11:12:52'),(58838,10,60.00,0.06,'2025-07-06 11:12:52'),(58839,11,60.00,0.46,'2025-07-06 11:12:52'),(58840,12,60.00,1.11,'2025-07-06 11:12:52'),(58841,13,60.00,0.87,'2025-07-06 11:12:52'),(58842,1,50.86,1.35,'2025-07-06 11:13:46'),(58843,2,50.83,1.66,'2025-07-06 11:13:46'),(58844,3,50.81,0.29,'2025-07-06 11:13:46'),(58845,4,50.76,0.92,'2025-07-06 11:13:46'),(58846,5,50.72,1.51,'2025-07-06 11:13:46'),(58847,6,60.00,4.75,'2025-07-06 11:13:46'),(58848,7,60.00,4.31,'2025-07-06 11:13:46'),(58849,8,60.00,0.00,'2025-07-06 11:13:46'),(58850,9,60.00,0.00,'2025-07-06 11:13:46'),(58851,10,60.00,1.04,'2025-07-06 11:13:46'),(58852,11,60.00,1.41,'2025-07-06 11:13:46'),(58853,12,60.00,0.20,'2025-07-06 11:13:46'),(58854,13,60.00,0.32,'2025-07-06 11:13:46'),(58855,1,50.90,0.76,'2025-07-06 11:13:51'),(58856,2,50.88,1.69,'2025-07-06 11:13:51'),(58857,3,50.85,0.76,'2025-07-06 11:13:51'),(58858,4,50.81,0.52,'2025-07-06 11:13:51'),(58859,5,50.76,1.82,'2025-07-06 11:13:51'),(58860,6,60.00,4.69,'2025-07-06 11:13:51'),(58861,7,60.00,4.67,'2025-07-06 11:13:51'),(58862,8,60.00,0.00,'2025-07-06 11:13:51'),(58863,9,60.00,0.00,'2025-07-06 11:13:51'),(58864,10,60.00,1.30,'2025-07-06 11:13:51'),(58865,11,60.00,1.58,'2025-07-06 11:13:51'),(58866,12,60.00,0.19,'2025-07-06 11:13:51'),(58867,13,60.00,1.26,'2025-07-06 11:13:51'),(58868,1,50.98,1.56,'2025-07-06 11:14:01'),(58869,2,50.96,1.46,'2025-07-06 11:14:01'),(58870,3,50.93,1.14,'2025-07-06 11:14:01'),(58871,4,50.89,1.38,'2025-07-06 11:14:01'),(58872,5,50.84,1.45,'2025-07-06 11:14:01'),(58873,6,60.00,4.14,'2025-07-06 11:14:01'),(58874,7,60.00,4.63,'2025-07-06 11:14:01'),(58875,8,60.00,0.00,'2025-07-06 11:14:01'),(58876,9,60.00,0.00,'2025-07-06 11:14:01'),(58877,10,60.00,0.20,'2025-07-06 11:14:01'),(58878,11,60.00,1.94,'2025-07-06 11:14:01'),(58879,12,60.00,0.04,'2025-07-06 11:14:01'),(58880,13,60.00,0.52,'2025-07-06 11:14:01'),(58881,1,51.27,1.81,'2025-07-06 11:14:35'),(58882,2,51.25,0.76,'2025-07-06 11:14:35'),(58883,3,51.22,1.38,'2025-07-06 11:14:35'),(58884,4,51.18,1.34,'2025-07-06 11:14:35'),(58885,5,51.13,0.75,'2025-07-06 11:14:35'),(58886,6,60.00,4.28,'2025-07-06 11:14:35'),(58887,7,60.00,4.20,'2025-07-06 11:14:35'),(58888,8,60.00,0.00,'2025-07-06 11:14:35'),(58889,9,60.00,0.00,'2025-07-06 11:14:35'),(58890,10,60.00,0.09,'2025-07-06 11:14:35'),(58891,11,60.00,0.95,'2025-07-06 11:14:35'),(58892,12,60.00,1.86,'2025-07-06 11:14:35'),(58893,13,60.00,0.59,'2025-07-06 11:14:35'),(58894,1,51.36,1.86,'2025-07-06 11:14:46'),(58895,2,51.34,0.59,'2025-07-06 11:14:46'),(58896,3,51.31,1.92,'2025-07-06 11:14:46'),(58897,4,51.27,0.55,'2025-07-06 11:14:46'),(58898,5,51.22,1.94,'2025-07-06 11:14:46'),(58899,6,60.00,4.21,'2025-07-06 11:14:46'),(58900,7,60.00,4.80,'2025-07-06 11:14:46'),(58901,8,60.00,0.00,'2025-07-06 11:14:46'),(58902,9,60.00,0.00,'2025-07-06 11:14:46'),(58903,10,60.00,0.22,'2025-07-06 11:14:46'),(58904,11,60.00,0.08,'2025-07-06 11:14:46'),(58905,12,60.00,0.75,'2025-07-06 11:14:46'),(58906,13,60.00,1.54,'2025-07-06 11:14:46'),(58907,1,51.40,1.53,'2025-07-06 11:14:51'),(58908,2,51.38,1.36,'2025-07-06 11:14:51'),(58909,3,51.35,1.36,'2025-07-06 11:14:51'),(58910,4,51.31,1.02,'2025-07-06 11:14:51'),(58911,5,51.26,0.04,'2025-07-06 11:14:51'),(58912,6,60.00,4.79,'2025-07-06 11:14:51'),(58913,7,60.00,4.74,'2025-07-06 11:14:51'),(58914,8,60.00,0.00,'2025-07-06 11:14:51'),(58915,9,60.00,0.00,'2025-07-06 11:14:51'),(58916,10,60.00,1.65,'2025-07-06 11:14:51'),(58917,11,60.00,0.46,'2025-07-06 11:14:51'),(58918,12,60.00,0.02,'2025-07-06 11:14:51'),(58919,13,60.00,0.84,'2025-07-06 11:14:51'),(58920,1,51.64,0.91,'2025-07-06 11:15:20'),(58921,2,51.62,1.62,'2025-07-06 11:15:20'),(58922,3,51.59,0.37,'2025-07-06 11:15:20'),(58923,4,51.55,0.04,'2025-07-06 11:15:20'),(58924,5,51.50,0.25,'2025-07-06 11:15:20'),(58925,6,60.00,4.38,'2025-07-06 11:15:20'),(58926,7,60.00,4.50,'2025-07-06 11:15:20'),(58927,8,60.00,0.00,'2025-07-06 11:15:20'),(58928,9,60.00,0.00,'2025-07-06 11:15:20'),(58929,10,60.00,0.66,'2025-07-06 11:15:20'),(58930,11,60.00,0.61,'2025-07-06 11:15:20'),(58931,12,60.00,1.62,'2025-07-06 11:15:20'),(58932,13,60.00,1.58,'2025-07-06 11:15:20'),(58933,1,51.72,1.22,'2025-07-06 11:15:29'),(58934,2,51.69,0.75,'2025-07-06 11:15:29'),(58935,3,51.67,0.92,'2025-07-06 11:15:29'),(58936,4,51.62,1.74,'2025-07-06 11:15:29'),(58937,5,51.57,0.68,'2025-07-06 11:15:29'),(58938,6,60.00,4.86,'2025-07-06 11:15:29'),(58939,7,60.00,4.39,'2025-07-06 11:15:29'),(58940,8,60.00,0.00,'2025-07-06 11:15:29'),(58941,9,60.00,0.00,'2025-07-06 11:15:29'),(58942,10,60.00,0.68,'2025-07-06 11:15:29'),(58943,11,60.00,0.98,'2025-07-06 11:15:29'),(58944,12,60.00,1.49,'2025-07-06 11:15:29'),(58945,13,60.00,1.00,'2025-07-06 11:15:29'),(58946,1,51.90,0.33,'2025-07-06 11:15:51'),(58947,2,51.88,1.71,'2025-07-06 11:15:51'),(58948,3,51.85,1.00,'2025-07-06 11:15:51'),(58949,4,51.81,0.62,'2025-07-06 11:15:51'),(58950,5,51.76,0.24,'2025-07-06 11:15:51'),(58951,6,60.00,4.66,'2025-07-06 11:15:51'),(58952,7,60.00,4.76,'2025-07-06 11:15:51'),(58953,8,60.00,0.00,'2025-07-06 11:15:51'),(58954,9,60.00,0.00,'2025-07-06 11:15:51'),(58955,10,60.00,0.18,'2025-07-06 11:15:51'),(58956,11,60.00,1.02,'2025-07-06 11:15:51'),(58957,12,60.00,0.25,'2025-07-06 11:15:51'),(58958,13,60.00,1.70,'2025-07-06 11:15:51'),(58959,1,52.14,0.01,'2025-07-06 11:16:20'),(58960,2,52.12,0.33,'2025-07-06 11:16:20'),(58961,3,52.09,0.19,'2025-07-06 11:16:20'),(58962,4,52.05,0.40,'2025-07-06 11:16:20'),(58963,5,52.00,0.86,'2025-07-06 11:16:20'),(58964,6,60.00,4.52,'2025-07-06 11:16:20'),(58965,7,60.00,4.50,'2025-07-06 11:16:20'),(58966,8,60.00,0.00,'2025-07-06 11:16:20'),(58967,9,60.00,0.00,'2025-07-06 11:16:20'),(58968,10,60.00,0.53,'2025-07-06 11:16:20'),(58969,11,60.00,0.64,'2025-07-06 11:16:20'),(58970,12,60.00,0.37,'2025-07-06 11:16:20'),(58971,13,60.00,0.27,'2025-07-06 11:16:20'),(58972,1,52.37,0.54,'2025-07-06 11:16:47'),(58973,2,52.34,1.24,'2025-07-06 11:16:47'),(58974,3,52.32,1.00,'2025-07-06 11:16:47'),(58975,4,52.27,1.36,'2025-07-06 11:16:47'),(58976,5,52.22,1.51,'2025-07-06 11:16:47'),(58977,6,60.00,4.75,'2025-07-06 11:16:47'),(58978,7,60.00,4.38,'2025-07-06 11:16:47'),(58979,8,60.00,0.00,'2025-07-06 11:16:47'),(58980,9,60.00,0.00,'2025-07-06 11:16:47'),(58981,10,60.00,1.58,'2025-07-06 11:16:47'),(58982,11,60.00,0.38,'2025-07-06 11:16:47'),(58983,12,60.00,1.88,'2025-07-06 11:16:47'),(58984,13,60.00,1.15,'2025-07-06 11:16:47'),(58985,1,52.40,1.81,'2025-07-06 11:16:51'),(58986,2,52.38,0.83,'2025-07-06 11:16:51'),(58987,3,52.35,1.15,'2025-07-06 11:16:51'),(58988,4,52.31,1.42,'2025-07-06 11:16:51'),(58989,5,52.26,0.54,'2025-07-06 11:16:51'),(58990,6,60.00,4.81,'2025-07-06 11:16:51'),(58991,7,60.00,4.62,'2025-07-06 11:16:51'),(58992,8,60.00,0.00,'2025-07-06 11:16:51'),(58993,9,60.00,0.00,'2025-07-06 11:16:51'),(58994,10,60.00,1.46,'2025-07-06 11:16:51'),(58995,11,60.00,0.80,'2025-07-06 11:16:51'),(58996,12,60.00,0.08,'2025-07-06 11:16:51'),(58997,13,60.00,0.30,'2025-07-06 11:16:51'),(58998,1,52.45,0.63,'2025-07-06 11:16:57'),(58999,2,52.42,1.38,'2025-07-06 11:16:57'),(59000,3,52.40,0.13,'2025-07-06 11:16:57'),(59001,4,52.36,1.32,'2025-07-06 11:16:57'),(59002,5,52.31,1.33,'2025-07-06 11:16:57'),(59003,6,60.00,4.18,'2025-07-06 11:16:57'),(59004,7,60.00,4.62,'2025-07-06 11:16:57'),(59005,8,60.00,0.00,'2025-07-06 11:16:57'),(59006,9,60.00,0.00,'2025-07-06 11:16:57'),(59007,10,60.00,1.87,'2025-07-06 11:16:57'),(59008,11,60.00,0.74,'2025-07-06 11:16:57'),(59009,12,60.00,1.59,'2025-07-06 11:16:57'),(59010,13,60.00,0.93,'2025-07-06 11:16:57'),(59011,1,52.86,0.97,'2025-07-06 11:17:47'),(59012,2,52.84,0.12,'2025-07-06 11:17:47'),(59013,3,52.82,0.31,'2025-07-06 11:17:47'),(59014,4,52.77,1.13,'2025-07-06 11:17:47'),(59015,5,52.72,1.82,'2025-07-06 11:17:47'),(59016,6,60.00,4.30,'2025-07-06 11:17:47'),(59017,7,60.00,4.12,'2025-07-06 11:17:47'),(59018,8,60.00,0.00,'2025-07-06 11:17:47'),(59019,9,60.00,0.00,'2025-07-06 11:17:47'),(59020,10,60.00,1.00,'2025-07-06 11:17:47'),(59021,11,60.00,0.27,'2025-07-06 11:17:47'),(59022,12,60.00,0.80,'2025-07-06 11:17:47'),(59023,13,60.00,1.00,'2025-07-06 11:17:47'),(59024,1,52.90,1.41,'2025-07-06 11:17:51'),(59025,2,52.88,1.49,'2025-07-06 11:17:51'),(59026,3,52.85,1.92,'2025-07-06 11:17:51'),(59027,4,52.81,1.22,'2025-07-06 11:17:51'),(59028,5,52.76,0.18,'2025-07-06 11:17:51'),(59029,6,60.00,4.58,'2025-07-06 11:17:51'),(59030,7,60.00,4.56,'2025-07-06 11:17:51'),(59031,8,60.00,0.00,'2025-07-06 11:17:51'),(59032,9,60.00,0.00,'2025-07-06 11:17:51'),(59033,10,60.00,0.54,'2025-07-06 11:17:51'),(59034,11,60.00,1.52,'2025-07-06 11:17:51'),(59035,12,60.00,1.11,'2025-07-06 11:17:51'),(59036,13,60.00,0.95,'2025-07-06 11:17:51'),(59037,1,53.36,1.50,'2025-07-06 11:18:47'),(59038,2,53.34,0.94,'2025-07-06 11:18:47'),(59039,3,53.32,0.42,'2025-07-06 11:18:47'),(59040,4,53.27,0.30,'2025-07-06 11:18:47'),(59041,5,53.22,1.36,'2025-07-06 11:18:47'),(59042,6,60.00,4.57,'2025-07-06 11:18:47'),(59043,7,60.00,4.27,'2025-07-06 11:18:47'),(59044,8,60.00,0.00,'2025-07-06 11:18:47'),(59045,9,60.00,0.00,'2025-07-06 11:18:47'),(59046,10,60.00,0.66,'2025-07-06 11:18:47'),(59047,11,60.00,0.31,'2025-07-06 11:18:47'),(59048,12,60.00,1.38,'2025-07-06 11:18:47'),(59049,13,60.00,1.96,'2025-07-06 11:18:47'),(59050,1,53.40,0.94,'2025-07-06 11:18:51'),(59051,2,53.38,0.26,'2025-07-06 11:18:51'),(59052,3,53.35,1.45,'2025-07-06 11:18:51'),(59053,4,53.31,1.64,'2025-07-06 11:18:51'),(59054,5,53.26,0.73,'2025-07-06 11:18:51'),(59055,6,60.00,4.61,'2025-07-06 11:18:51'),(59056,7,60.00,4.68,'2025-07-06 11:18:51'),(59057,8,60.00,0.00,'2025-07-06 11:18:51'),(59058,9,60.00,0.00,'2025-07-06 11:18:51'),(59059,10,60.00,1.24,'2025-07-06 11:18:51'),(59060,11,60.00,1.57,'2025-07-06 11:18:51'),(59061,12,60.00,1.44,'2025-07-06 11:18:51'),(59062,13,60.00,1.22,'2025-07-06 11:18:51'),(59063,1,53.86,0.93,'2025-07-06 11:19:47'),(59064,2,53.84,1.38,'2025-07-06 11:19:47'),(59065,3,53.82,1.62,'2025-07-06 11:19:47'),(59066,4,53.77,1.15,'2025-07-06 11:19:47'),(59067,5,53.72,0.63,'2025-07-06 11:19:47'),(59068,6,60.00,4.48,'2025-07-06 11:19:47'),(59069,7,60.00,4.39,'2025-07-06 11:19:47'),(59070,8,60.00,0.00,'2025-07-06 11:19:47'),(59071,9,60.00,0.00,'2025-07-06 11:19:47'),(59072,10,60.00,0.87,'2025-07-06 11:19:47'),(59073,11,60.00,0.05,'2025-07-06 11:19:47'),(59074,12,60.00,1.57,'2025-07-06 11:19:47'),(59075,13,60.00,0.87,'2025-07-06 11:19:47'),(59076,1,53.90,0.98,'2025-07-06 11:19:51'),(59077,2,53.88,0.98,'2025-07-06 11:19:51'),(59078,3,53.85,1.83,'2025-07-06 11:19:51'),(59079,4,53.81,1.61,'2025-07-06 11:19:51'),(59080,5,53.76,1.99,'2025-07-06 11:19:51'),(59081,6,60.00,4.37,'2025-07-06 11:19:51'),(59082,7,60.00,4.31,'2025-07-06 11:19:51'),(59083,8,60.00,0.00,'2025-07-06 11:19:51'),(59084,9,60.00,0.00,'2025-07-06 11:19:51'),(59085,10,60.00,0.92,'2025-07-06 11:19:51'),(59086,11,60.00,0.78,'2025-07-06 11:19:51'),(59087,12,60.00,0.57,'2025-07-06 11:19:51'),(59088,13,60.00,0.22,'2025-07-06 11:19:51'),(59089,1,54.36,0.37,'2025-07-06 11:20:47'),(59090,2,54.34,0.78,'2025-07-06 11:20:47'),(59091,3,54.32,0.75,'2025-07-06 11:20:47'),(59092,4,54.27,1.02,'2025-07-06 11:20:47'),(59093,5,54.22,1.34,'2025-07-06 11:20:47'),(59094,6,60.00,4.75,'2025-07-06 11:20:47'),(59095,7,60.00,4.47,'2025-07-06 11:20:47'),(59096,8,60.00,0.00,'2025-07-06 11:20:47'),(59097,9,60.00,0.00,'2025-07-06 11:20:47'),(59098,10,60.00,0.67,'2025-07-06 11:20:47'),(59099,11,60.00,1.05,'2025-07-06 11:20:47'),(59100,12,60.00,0.47,'2025-07-06 11:20:47'),(59101,13,60.00,1.41,'2025-07-06 11:20:47'),(59102,1,54.40,0.95,'2025-07-06 11:20:51'),(59103,2,54.38,0.94,'2025-07-06 11:20:51'),(59104,3,54.35,0.26,'2025-07-06 11:20:51'),(59105,4,54.31,0.11,'2025-07-06 11:20:51'),(59106,5,54.26,1.90,'2025-07-06 11:20:51'),(59107,6,60.00,4.47,'2025-07-06 11:20:51'),(59108,7,60.00,4.42,'2025-07-06 11:20:51'),(59109,8,60.00,0.00,'2025-07-06 11:20:51'),(59110,9,60.00,0.00,'2025-07-06 11:20:51'),(59111,10,60.00,0.77,'2025-07-06 11:20:51'),(59112,11,60.00,1.85,'2025-07-06 11:20:51'),(59113,12,60.00,1.36,'2025-07-06 11:20:51'),(59114,13,60.00,0.81,'2025-07-06 11:20:51'),(59115,1,54.86,1.93,'2025-07-06 11:21:47'),(59116,2,54.84,1.36,'2025-07-06 11:21:47'),(59117,3,54.82,1.45,'2025-07-06 11:21:47'),(59118,4,54.77,1.19,'2025-07-06 11:21:47'),(59119,5,54.72,0.48,'2025-07-06 11:21:47'),(59120,6,60.00,4.30,'2025-07-06 11:21:47'),(59121,7,60.00,4.08,'2025-07-06 11:21:47'),(59122,8,60.00,0.00,'2025-07-06 11:21:47'),(59123,9,60.00,0.00,'2025-07-06 11:21:47'),(59124,10,60.00,0.07,'2025-07-06 11:21:47'),(59125,11,60.00,1.86,'2025-07-06 11:21:47'),(59126,12,60.00,0.90,'2025-07-06 11:21:47'),(59127,13,60.00,0.86,'2025-07-06 11:21:47'),(59128,1,54.90,0.59,'2025-07-06 11:21:51'),(59129,2,54.88,1.71,'2025-07-06 11:21:51'),(59130,3,54.85,1.01,'2025-07-06 11:21:51'),(59131,4,54.81,1.90,'2025-07-06 11:21:51'),(59132,5,54.76,1.38,'2025-07-06 11:21:51'),(59133,6,60.00,4.83,'2025-07-06 11:21:51'),(59134,7,60.00,4.23,'2025-07-06 11:21:51'),(59135,8,60.00,0.00,'2025-07-06 11:21:51'),(59136,9,60.00,0.00,'2025-07-06 11:21:51'),(59137,10,60.00,1.09,'2025-07-06 11:21:51'),(59138,11,60.00,1.91,'2025-07-06 11:21:51'),(59139,12,60.00,1.31,'2025-07-06 11:21:51'),(59140,13,60.00,0.97,'2025-07-06 11:21:51'),(59141,1,55.36,1.02,'2025-07-06 11:22:47'),(59142,2,55.34,0.18,'2025-07-06 11:22:47'),(59143,3,55.32,1.14,'2025-07-06 11:22:47'),(59144,4,55.27,0.15,'2025-07-06 11:22:47'),(59145,5,55.22,1.68,'2025-07-06 11:22:47'),(59146,6,60.00,4.33,'2025-07-06 11:22:47'),(59147,7,60.00,4.95,'2025-07-06 11:22:47'),(59148,8,60.00,0.00,'2025-07-06 11:22:47'),(59149,9,60.00,0.00,'2025-07-06 11:22:47'),(59150,10,60.00,1.79,'2025-07-06 11:22:47'),(59151,11,60.00,1.83,'2025-07-06 11:22:47'),(59152,12,60.00,1.34,'2025-07-06 11:22:47'),(59153,13,60.00,1.71,'2025-07-06 11:22:47'),(59154,1,55.40,0.56,'2025-07-06 11:22:51'),(59155,2,55.38,1.79,'2025-07-06 11:22:51'),(59156,3,55.35,0.60,'2025-07-06 11:22:51'),(59157,4,55.31,1.32,'2025-07-06 11:22:51'),(59158,5,55.26,1.09,'2025-07-06 11:22:51'),(59159,6,60.00,4.90,'2025-07-06 11:22:51'),(59160,7,60.00,4.52,'2025-07-06 11:22:51'),(59161,8,60.00,0.00,'2025-07-06 11:22:51'),(59162,9,60.00,0.00,'2025-07-06 11:22:51'),(59163,10,60.00,0.58,'2025-07-06 11:22:51'),(59164,11,60.00,1.75,'2025-07-06 11:22:51'),(59165,12,60.00,1.31,'2025-07-06 11:22:51'),(59166,13,60.00,1.15,'2025-07-06 11:22:51'),(59167,1,55.86,1.14,'2025-07-06 11:23:47'),(59168,2,55.84,1.10,'2025-07-06 11:23:47'),(59169,3,55.82,0.67,'2025-07-06 11:23:47'),(59170,4,55.77,0.02,'2025-07-06 11:23:47'),(59171,5,55.72,0.24,'2025-07-06 11:23:47'),(59172,6,60.00,4.95,'2025-07-06 11:23:47'),(59173,7,60.00,4.24,'2025-07-06 11:23:47'),(59174,8,60.00,0.00,'2025-07-06 11:23:47'),(59175,9,60.00,0.00,'2025-07-06 11:23:47'),(59176,10,60.00,1.69,'2025-07-06 11:23:47'),(59177,11,60.00,1.73,'2025-07-06 11:23:47'),(59178,12,60.00,1.80,'2025-07-06 11:23:47'),(59179,13,60.00,1.67,'2025-07-06 11:23:47'),(59180,1,55.90,0.81,'2025-07-06 11:23:51'),(59181,2,55.88,1.11,'2025-07-06 11:23:51'),(59182,3,55.85,1.98,'2025-07-06 11:23:51'),(59183,4,55.81,0.69,'2025-07-06 11:23:51'),(59184,5,55.76,0.64,'2025-07-06 11:23:51'),(59185,6,60.00,4.05,'2025-07-06 11:23:51'),(59186,7,60.00,4.66,'2025-07-06 11:23:51'),(59187,8,60.00,0.00,'2025-07-06 11:23:51'),(59188,9,60.00,0.00,'2025-07-06 11:23:51'),(59189,10,60.00,1.58,'2025-07-06 11:23:51'),(59190,11,60.00,1.18,'2025-07-06 11:23:51'),(59191,12,60.00,1.33,'2025-07-06 11:23:51'),(59192,13,60.00,0.73,'2025-07-06 11:23:51'),(59193,1,56.36,0.19,'2025-07-06 11:24:47'),(59194,2,56.34,0.05,'2025-07-06 11:24:47'),(59195,3,56.32,0.49,'2025-07-06 11:24:47'),(59196,4,56.27,0.57,'2025-07-06 11:24:47'),(59197,5,56.22,0.23,'2025-07-06 11:24:47'),(59198,6,60.00,4.59,'2025-07-06 11:24:47'),(59199,7,60.00,4.86,'2025-07-06 11:24:47'),(59200,8,60.00,0.00,'2025-07-06 11:24:47'),(59201,9,60.00,0.00,'2025-07-06 11:24:47'),(59202,10,60.00,1.71,'2025-07-06 11:24:47'),(59203,11,60.00,1.52,'2025-07-06 11:24:47'),(59204,12,60.00,1.99,'2025-07-06 11:24:47'),(59205,13,60.00,1.94,'2025-07-06 11:24:47'),(59206,1,56.40,0.42,'2025-07-06 11:24:51'),(59207,2,56.38,0.03,'2025-07-06 11:24:51'),(59208,3,56.35,1.10,'2025-07-06 11:24:51'),(59209,4,56.31,1.04,'2025-07-06 11:24:51'),(59210,5,56.26,0.91,'2025-07-06 11:24:51'),(59211,6,60.00,4.43,'2025-07-06 11:24:51'),(59212,7,60.00,4.05,'2025-07-06 11:24:51'),(59213,8,60.00,0.00,'2025-07-06 11:24:51'),(59214,9,60.00,0.00,'2025-07-06 11:24:51'),(59215,10,60.00,1.24,'2025-07-06 11:24:51'),(59216,11,60.00,1.37,'2025-07-06 11:24:51'),(59217,12,60.00,1.36,'2025-07-06 11:24:51'),(59218,13,60.00,0.73,'2025-07-06 11:24:51'),(59219,1,56.86,1.89,'2025-07-06 11:25:47'),(59220,2,56.84,1.07,'2025-07-06 11:25:47'),(59221,3,56.82,0.75,'2025-07-06 11:25:47'),(59222,4,56.77,1.76,'2025-07-06 11:25:47'),(59223,5,56.72,0.98,'2025-07-06 11:25:47'),(59224,6,60.00,4.39,'2025-07-06 11:25:47'),(59225,7,60.00,4.26,'2025-07-06 11:25:47'),(59226,8,60.00,0.00,'2025-07-06 11:25:47'),(59227,9,60.00,0.00,'2025-07-06 11:25:47'),(59228,10,60.00,1.20,'2025-07-06 11:25:47'),(59229,11,60.00,1.32,'2025-07-06 11:25:47'),(59230,12,60.00,0.82,'2025-07-06 11:25:47'),(59231,13,60.00,0.10,'2025-07-06 11:25:47'),(59232,1,56.90,0.65,'2025-07-06 11:25:51'),(59233,2,56.88,1.79,'2025-07-06 11:25:51'),(59234,3,56.85,1.87,'2025-07-06 11:25:51'),(59235,4,56.81,1.02,'2025-07-06 11:25:51'),(59236,5,56.76,1.31,'2025-07-06 11:25:51'),(59237,6,60.00,4.69,'2025-07-06 11:25:51'),(59238,7,60.00,4.50,'2025-07-06 11:25:51'),(59239,8,60.00,0.00,'2025-07-06 11:25:51'),(59240,9,60.00,0.00,'2025-07-06 11:25:51'),(59241,10,60.00,1.82,'2025-07-06 11:25:51'),(59242,11,60.00,0.62,'2025-07-06 11:25:51'),(59243,12,60.00,1.28,'2025-07-06 11:25:51'),(59244,13,60.00,1.53,'2025-07-06 11:25:51'),(59245,1,57.36,1.41,'2025-07-06 11:26:47'),(59246,2,57.34,1.25,'2025-07-06 11:26:47'),(59247,3,57.32,0.35,'2025-07-06 11:26:47'),(59248,4,57.27,1.25,'2025-07-06 11:26:47'),(59249,5,57.22,0.68,'2025-07-06 11:26:47'),(59250,6,60.00,4.42,'2025-07-06 11:26:47'),(59251,7,60.00,4.54,'2025-07-06 11:26:47'),(59252,8,60.00,0.00,'2025-07-06 11:26:47'),(59253,9,60.00,0.00,'2025-07-06 11:26:47'),(59254,10,60.00,0.87,'2025-07-06 11:26:47'),(59255,11,60.00,0.77,'2025-07-06 11:26:47'),(59256,12,60.00,0.71,'2025-07-06 11:26:47'),(59257,13,60.00,0.58,'2025-07-06 11:26:47'),(59258,1,57.40,0.26,'2025-07-06 11:26:51'),(59259,2,57.38,0.05,'2025-07-06 11:26:51'),(59260,3,57.35,0.13,'2025-07-06 11:26:51'),(59261,4,57.31,0.93,'2025-07-06 11:26:51'),(59262,5,57.26,1.10,'2025-07-06 11:26:51'),(59263,6,60.00,4.02,'2025-07-06 11:26:51'),(59264,7,60.00,4.34,'2025-07-06 11:26:51'),(59265,8,60.00,0.00,'2025-07-06 11:26:51'),(59266,9,60.00,0.00,'2025-07-06 11:26:51'),(59267,10,60.00,1.60,'2025-07-06 11:26:51'),(59268,11,60.00,0.42,'2025-07-06 11:26:51'),(59269,12,60.00,1.54,'2025-07-06 11:26:51'),(59270,13,60.00,0.75,'2025-07-06 11:26:51'),(59271,1,57.86,0.32,'2025-07-06 11:27:47'),(59272,2,57.84,1.25,'2025-07-06 11:27:47'),(59273,3,57.82,0.54,'2025-07-06 11:27:47'),(59274,4,57.77,1.87,'2025-07-06 11:27:47'),(59275,5,57.72,1.06,'2025-07-06 11:27:47'),(59276,6,60.00,4.83,'2025-07-06 11:27:47'),(59277,7,60.00,4.11,'2025-07-06 11:27:47'),(59278,8,60.00,0.00,'2025-07-06 11:27:47'),(59279,9,60.00,0.00,'2025-07-06 11:27:47'),(59280,10,60.00,0.02,'2025-07-06 11:27:47'),(59281,11,60.00,1.55,'2025-07-06 11:27:47'),(59282,12,60.00,1.12,'2025-07-06 11:27:47'),(59283,13,60.00,0.86,'2025-07-06 11:27:47'),(59284,1,57.90,0.13,'2025-07-06 11:27:51'),(59285,2,57.88,1.05,'2025-07-06 11:27:51'),(59286,3,57.85,0.34,'2025-07-06 11:27:51'),(59287,4,57.81,1.74,'2025-07-06 11:27:51'),(59288,5,57.76,0.91,'2025-07-06 11:27:51'),(59289,6,60.00,4.78,'2025-07-06 11:27:51'),(59290,7,60.00,4.91,'2025-07-06 11:27:51'),(59291,8,60.00,0.00,'2025-07-06 11:27:51'),(59292,9,60.00,0.00,'2025-07-06 11:27:51'),(59293,10,60.00,1.43,'2025-07-06 11:27:51'),(59294,11,60.00,1.35,'2025-07-06 11:27:51'),(59295,12,60.00,1.94,'2025-07-06 11:27:51'),(59296,13,60.00,1.49,'2025-07-06 11:27:51'),(59297,1,58.36,0.13,'2025-07-06 11:28:47'),(59298,2,58.34,0.99,'2025-07-06 11:28:47'),(59299,3,58.32,1.77,'2025-07-06 11:28:47'),(59300,4,58.27,1.80,'2025-07-06 11:28:47'),(59301,5,58.22,1.94,'2025-07-06 11:28:47'),(59302,6,60.00,4.12,'2025-07-06 11:28:47'),(59303,7,60.00,4.98,'2025-07-06 11:28:47'),(59304,8,60.00,0.00,'2025-07-06 11:28:47'),(59305,9,60.00,0.00,'2025-07-06 11:28:47'),(59306,10,60.00,0.27,'2025-07-06 11:28:47'),(59307,11,60.00,1.22,'2025-07-06 11:28:47'),(59308,12,60.00,0.34,'2025-07-06 11:28:47'),(59309,13,60.00,0.89,'2025-07-06 11:28:47'),(59310,1,58.40,0.45,'2025-07-06 11:28:51'),(59311,2,58.38,0.59,'2025-07-06 11:28:51'),(59312,3,58.35,1.92,'2025-07-06 11:28:51'),(59313,4,58.31,1.10,'2025-07-06 11:28:51'),(59314,5,58.26,0.92,'2025-07-06 11:28:51'),(59315,6,60.00,4.82,'2025-07-06 11:28:51'),(59316,7,60.00,4.60,'2025-07-06 11:28:51'),(59317,8,60.00,0.00,'2025-07-06 11:28:51'),(59318,9,60.00,0.00,'2025-07-06 11:28:51'),(59319,10,60.00,0.80,'2025-07-06 11:28:51'),(59320,11,60.00,1.75,'2025-07-06 11:28:51'),(59321,12,60.00,1.60,'2025-07-06 11:28:51'),(59322,13,60.00,1.94,'2025-07-06 11:28:51'),(59323,1,58.86,1.09,'2025-07-06 11:29:47'),(59324,2,58.84,0.66,'2025-07-06 11:29:47'),(59325,3,58.82,0.83,'2025-07-06 11:29:47'),(59326,4,58.77,0.11,'2025-07-06 11:29:47'),(59327,5,58.72,0.83,'2025-07-06 11:29:47'),(59328,6,60.00,4.52,'2025-07-06 11:29:47'),(59329,7,60.00,4.72,'2025-07-06 11:29:47'),(59330,8,60.00,0.00,'2025-07-06 11:29:47'),(59331,9,60.00,0.00,'2025-07-06 11:29:47'),(59332,10,60.00,0.66,'2025-07-06 11:29:47'),(59333,11,60.00,0.57,'2025-07-06 11:29:47'),(59334,12,60.00,0.66,'2025-07-06 11:29:47'),(59335,13,60.00,1.05,'2025-07-06 11:29:47'),(59336,1,58.90,1.48,'2025-07-06 11:29:51'),(59337,2,58.88,1.10,'2025-07-06 11:29:51'),(59338,3,58.85,1.51,'2025-07-06 11:29:51'),(59339,4,58.81,0.49,'2025-07-06 11:29:51'),(59340,5,58.76,0.02,'2025-07-06 11:29:51'),(59341,6,60.00,4.07,'2025-07-06 11:29:51'),(59342,7,60.00,4.93,'2025-07-06 11:29:51'),(59343,8,60.00,0.00,'2025-07-06 11:29:51'),(59344,9,60.00,0.00,'2025-07-06 11:29:51'),(59345,10,60.00,0.69,'2025-07-06 11:29:51'),(59346,11,60.00,0.50,'2025-07-06 11:29:51'),(59347,12,60.00,0.97,'2025-07-06 11:29:51'),(59348,13,60.00,1.84,'2025-07-06 11:29:51'),(59349,1,59.36,0.57,'2025-07-06 11:30:47'),(59350,2,59.34,0.84,'2025-07-06 11:30:47'),(59351,3,59.32,0.15,'2025-07-06 11:30:47'),(59352,4,59.27,0.21,'2025-07-06 11:30:47'),(59353,5,59.22,1.79,'2025-07-06 11:30:47'),(59354,6,60.00,4.19,'2025-07-06 11:30:47'),(59355,7,60.00,4.13,'2025-07-06 11:30:47'),(59356,8,60.00,0.00,'2025-07-06 11:30:47'),(59357,9,60.00,0.00,'2025-07-06 11:30:47'),(59358,10,60.00,0.37,'2025-07-06 11:30:47'),(59359,11,60.00,0.05,'2025-07-06 11:30:47'),(59360,12,60.00,1.40,'2025-07-06 11:30:47'),(59361,13,60.00,0.69,'2025-07-06 11:30:47'),(59362,1,59.40,0.41,'2025-07-06 11:30:51'),(59363,2,59.38,0.50,'2025-07-06 11:30:51'),(59364,3,59.35,1.88,'2025-07-06 11:30:51'),(59365,4,59.31,1.97,'2025-07-06 11:30:51'),(59366,5,59.26,1.03,'2025-07-06 11:30:51'),(59367,6,60.00,4.54,'2025-07-06 11:30:51'),(59368,7,60.00,4.65,'2025-07-06 11:30:51'),(59369,8,60.00,0.00,'2025-07-06 11:30:51'),(59370,9,60.00,0.00,'2025-07-06 11:30:51'),(59371,10,60.00,1.80,'2025-07-06 11:30:51'),(59372,11,60.00,0.52,'2025-07-06 11:30:51'),(59373,12,60.00,1.89,'2025-07-06 11:30:51'),(59374,13,60.00,0.66,'2025-07-06 11:30:51'),(59375,1,59.86,0.08,'2025-07-06 11:31:47'),(59376,2,59.84,0.13,'2025-07-06 11:31:47'),(59377,3,59.82,0.88,'2025-07-06 11:31:47'),(59378,4,59.77,0.77,'2025-07-06 11:31:47'),(59379,5,59.72,0.51,'2025-07-06 11:31:47'),(59380,6,60.00,4.98,'2025-07-06 11:31:47'),(59381,7,60.00,4.78,'2025-07-06 11:31:47'),(59382,8,60.00,0.00,'2025-07-06 11:31:47'),(59383,9,60.00,0.00,'2025-07-06 11:31:47'),(59384,10,60.00,0.04,'2025-07-06 11:31:47'),(59385,11,60.00,1.05,'2025-07-06 11:31:47'),(59386,12,60.00,0.95,'2025-07-06 11:31:47'),(59387,13,60.00,1.65,'2025-07-06 11:31:47'),(59388,1,59.90,1.69,'2025-07-06 11:31:51'),(59389,2,59.88,1.87,'2025-07-06 11:31:51'),(59390,3,59.85,1.38,'2025-07-06 11:31:51'),(59391,4,59.81,0.71,'2025-07-06 11:31:51'),(59392,5,59.76,0.40,'2025-07-06 11:31:51'),(59393,6,60.00,4.59,'2025-07-06 11:31:51'),(59394,7,60.00,4.37,'2025-07-06 11:31:51'),(59395,8,60.00,0.00,'2025-07-06 11:31:51'),(59396,9,60.00,0.00,'2025-07-06 11:31:51'),(59397,10,60.00,1.15,'2025-07-06 11:31:51'),(59398,11,60.00,1.72,'2025-07-06 11:31:51'),(59399,12,60.00,1.45,'2025-07-06 11:31:51'),(59400,13,60.00,0.52,'2025-07-06 11:31:51'),(59401,1,60.36,0.09,'2025-07-06 11:32:47'),(59402,2,60.34,1.25,'2025-07-06 11:32:47'),(59403,3,60.32,0.06,'2025-07-06 11:32:47'),(59404,4,60.27,1.79,'2025-07-06 11:32:47'),(59405,5,60.22,0.71,'2025-07-06 11:32:47'),(59406,6,60.00,4.61,'2025-07-06 11:32:47'),(59407,7,60.00,4.09,'2025-07-06 11:32:47'),(59408,8,60.00,0.00,'2025-07-06 11:32:47'),(59409,9,60.00,0.00,'2025-07-06 11:32:47'),(59410,10,60.00,1.32,'2025-07-06 11:32:47'),(59411,11,60.00,0.90,'2025-07-06 11:32:47'),(59412,12,60.00,1.20,'2025-07-06 11:32:47'),(59413,13,60.00,0.92,'2025-07-06 11:32:47'),(59414,1,60.40,0.08,'2025-07-06 11:32:51'),(59415,2,60.38,1.57,'2025-07-06 11:32:51'),(59416,3,60.35,0.96,'2025-07-06 11:32:51'),(59417,4,60.31,1.36,'2025-07-06 11:32:51'),(59418,5,60.26,1.31,'2025-07-06 11:32:51'),(59419,6,60.00,4.25,'2025-07-06 11:32:51'),(59420,7,60.00,4.72,'2025-07-06 11:32:51'),(59421,8,60.00,0.00,'2025-07-06 11:32:51'),(59422,9,60.00,0.00,'2025-07-06 11:32:51'),(59423,10,60.00,1.54,'2025-07-06 11:32:51'),(59424,11,60.00,0.29,'2025-07-06 11:32:51'),(59425,12,60.00,1.77,'2025-07-06 11:32:51'),(59426,13,60.00,1.86,'2025-07-06 11:32:51'),(59427,1,60.86,1.19,'2025-07-06 11:33:47'),(59428,2,60.84,0.89,'2025-07-06 11:33:47'),(59429,3,60.82,0.06,'2025-07-06 11:33:47'),(59430,4,60.77,1.32,'2025-07-06 11:33:47'),(59431,5,60.72,0.71,'2025-07-06 11:33:47'),(59432,6,60.00,4.95,'2025-07-06 11:33:47'),(59433,7,60.00,4.31,'2025-07-06 11:33:47'),(59434,8,60.00,0.00,'2025-07-06 11:33:47'),(59435,9,60.00,0.00,'2025-07-06 11:33:47'),(59436,10,60.00,1.66,'2025-07-06 11:33:47'),(59437,11,60.00,0.91,'2025-07-06 11:33:47'),(59438,12,60.00,1.51,'2025-07-06 11:33:47'),(59439,13,60.00,1.14,'2025-07-06 11:33:47'),(59440,1,60.90,0.75,'2025-07-06 11:33:51'),(59441,2,60.88,0.67,'2025-07-06 11:33:51'),(59442,3,60.85,1.78,'2025-07-06 11:33:51'),(59443,4,60.81,0.39,'2025-07-06 11:33:51'),(59444,5,60.76,1.85,'2025-07-06 11:33:51'),(59445,6,60.00,4.59,'2025-07-06 11:33:51'),(59446,7,60.00,4.21,'2025-07-06 11:33:51'),(59447,8,60.00,0.00,'2025-07-06 11:33:51'),(59448,9,60.00,0.00,'2025-07-06 11:33:51'),(59449,10,60.00,0.84,'2025-07-06 11:33:51'),(59450,11,60.00,1.57,'2025-07-06 11:33:51'),(59451,12,60.00,1.45,'2025-07-06 11:33:51'),(59452,13,60.00,1.87,'2025-07-06 11:33:51'),(59453,1,61.36,1.52,'2025-07-06 11:34:47'),(59454,2,61.34,0.63,'2025-07-06 11:34:47'),(59455,3,61.32,0.29,'2025-07-06 11:34:47'),(59456,4,61.27,0.07,'2025-07-06 11:34:47'),(59457,5,61.22,1.80,'2025-07-06 11:34:47'),(59458,6,60.00,4.86,'2025-07-06 11:34:47'),(59459,7,60.00,4.52,'2025-07-06 11:34:47'),(59460,8,60.00,0.00,'2025-07-06 11:34:47'),(59461,9,60.00,0.00,'2025-07-06 11:34:47'),(59462,10,60.00,0.46,'2025-07-06 11:34:47'),(59463,11,60.00,0.62,'2025-07-06 11:34:47'),(59464,12,60.00,1.15,'2025-07-06 11:34:47'),(59465,13,60.00,0.46,'2025-07-06 11:34:47'),(59466,1,61.40,1.64,'2025-07-06 11:34:51'),(59467,2,61.38,1.98,'2025-07-06 11:34:51'),(59468,3,61.35,0.82,'2025-07-06 11:34:51'),(59469,4,61.31,1.47,'2025-07-06 11:34:51'),(59470,5,61.26,0.12,'2025-07-06 11:34:51'),(59471,6,60.00,4.04,'2025-07-06 11:34:51'),(59472,7,60.00,4.05,'2025-07-06 11:34:51'),(59473,8,60.00,0.00,'2025-07-06 11:34:51'),(59474,9,60.00,0.00,'2025-07-06 11:34:51'),(59475,10,60.00,0.95,'2025-07-06 11:34:51'),(59476,11,60.00,1.38,'2025-07-06 11:34:51'),(59477,12,60.00,0.87,'2025-07-06 11:34:51'),(59478,13,60.00,0.81,'2025-07-06 11:34:51'),(59479,1,61.86,0.26,'2025-07-06 11:35:47'),(59480,2,61.84,1.69,'2025-07-06 11:35:47'),(59481,3,61.82,1.44,'2025-07-06 11:35:47'),(59482,4,61.77,1.83,'2025-07-06 11:35:47'),(59483,5,61.72,0.91,'2025-07-06 11:35:47'),(59484,6,60.00,4.89,'2025-07-06 11:35:47'),(59485,7,60.00,4.98,'2025-07-06 11:35:47'),(59486,8,60.00,0.00,'2025-07-06 11:35:47'),(59487,9,60.00,0.00,'2025-07-06 11:35:47'),(59488,10,60.00,1.71,'2025-07-06 11:35:47'),(59489,11,60.00,0.39,'2025-07-06 11:35:47'),(59490,12,60.00,1.40,'2025-07-06 11:35:47'),(59491,13,60.00,1.61,'2025-07-06 11:35:47'),(59492,1,61.90,1.44,'2025-07-06 11:35:51'),(59493,2,61.88,0.79,'2025-07-06 11:35:51'),(59494,3,61.85,0.96,'2025-07-06 11:35:51'),(59495,4,61.81,1.15,'2025-07-06 11:35:51'),(59496,5,61.76,1.48,'2025-07-06 11:35:51'),(59497,6,60.00,4.65,'2025-07-06 11:35:51'),(59498,7,60.00,4.78,'2025-07-06 11:35:51'),(59499,8,60.00,0.00,'2025-07-06 11:35:51'),(59500,9,60.00,0.00,'2025-07-06 11:35:51'),(59501,10,60.00,0.84,'2025-07-06 11:35:51'),(59502,11,60.00,1.67,'2025-07-06 11:35:51'),(59503,12,60.00,1.99,'2025-07-06 11:35:51'),(59504,13,60.00,0.11,'2025-07-06 11:35:51'),(59505,1,62.36,0.41,'2025-07-06 11:36:47'),(59506,2,62.34,1.33,'2025-07-06 11:36:47'),(59507,3,62.32,0.49,'2025-07-06 11:36:47'),(59508,4,62.27,1.19,'2025-07-06 11:36:47'),(59509,5,62.22,0.81,'2025-07-06 11:36:47'),(59510,6,60.00,4.71,'2025-07-06 11:36:47'),(59511,7,60.00,4.08,'2025-07-06 11:36:47'),(59512,8,60.00,0.00,'2025-07-06 11:36:47'),(59513,9,60.00,0.00,'2025-07-06 11:36:47'),(59514,10,60.00,1.88,'2025-07-06 11:36:47'),(59515,11,60.00,0.74,'2025-07-06 11:36:47'),(59516,12,60.00,1.73,'2025-07-06 11:36:47'),(59517,13,60.00,0.81,'2025-07-06 11:36:47'),(59518,1,62.40,1.87,'2025-07-06 11:36:51'),(59519,2,62.38,1.93,'2025-07-06 11:36:51'),(59520,3,62.35,0.11,'2025-07-06 11:36:51'),(59521,4,62.31,1.39,'2025-07-06 11:36:51'),(59522,5,62.26,1.84,'2025-07-06 11:36:51'),(59523,6,60.00,4.12,'2025-07-06 11:36:51'),(59524,7,60.00,4.99,'2025-07-06 11:36:51'),(59525,8,60.00,0.00,'2025-07-06 11:36:51'),(59526,9,60.00,0.00,'2025-07-06 11:36:51'),(59527,10,60.00,1.45,'2025-07-06 11:36:51'),(59528,11,60.00,0.81,'2025-07-06 11:36:51'),(59529,12,60.00,1.65,'2025-07-06 11:36:51'),(59530,13,60.00,1.72,'2025-07-06 11:36:51'),(59531,1,62.86,0.74,'2025-07-06 11:37:47'),(59532,2,62.84,1.84,'2025-07-06 11:37:47'),(59533,3,62.82,1.20,'2025-07-06 11:37:47'),(59534,4,62.77,1.77,'2025-07-06 11:37:47'),(59535,5,62.72,1.78,'2025-07-06 11:37:47'),(59536,6,60.00,4.71,'2025-07-06 11:37:47'),(59537,7,60.00,4.50,'2025-07-06 11:37:47'),(59538,8,60.00,0.00,'2025-07-06 11:37:47'),(59539,9,60.00,0.00,'2025-07-06 11:37:47'),(59540,10,60.00,0.41,'2025-07-06 11:37:47'),(59541,11,60.00,0.40,'2025-07-06 11:37:47'),(59542,12,60.00,1.06,'2025-07-06 11:37:47'),(59543,13,60.00,1.00,'2025-07-06 11:37:47'),(59544,1,62.90,0.95,'2025-07-06 11:37:51'),(59545,2,62.88,1.27,'2025-07-06 11:37:51'),(59546,3,62.85,1.35,'2025-07-06 11:37:51'),(59547,4,62.81,0.12,'2025-07-06 11:37:51'),(59548,5,62.76,1.14,'2025-07-06 11:37:51'),(59549,6,60.00,4.21,'2025-07-06 11:37:51'),(59550,7,60.00,4.25,'2025-07-06 11:37:51'),(59551,8,60.00,0.00,'2025-07-06 11:37:51'),(59552,9,60.00,0.00,'2025-07-06 11:37:51'),(59553,10,60.00,1.39,'2025-07-06 11:37:51'),(59554,11,60.00,0.73,'2025-07-06 11:37:51'),(59555,12,60.00,0.16,'2025-07-06 11:37:51'),(59556,13,60.00,1.41,'2025-07-06 11:37:51'),(59557,1,63.36,1.06,'2025-07-06 11:38:47'),(59558,2,63.34,1.12,'2025-07-06 11:38:47'),(59559,3,63.32,1.80,'2025-07-06 11:38:47'),(59560,4,63.27,0.10,'2025-07-06 11:38:47'),(59561,5,63.22,1.55,'2025-07-06 11:38:47'),(59562,6,60.00,4.22,'2025-07-06 11:38:47'),(59563,7,60.00,4.46,'2025-07-06 11:38:47'),(59564,8,60.00,0.00,'2025-07-06 11:38:47'),(59565,9,60.00,0.00,'2025-07-06 11:38:47'),(59566,10,60.00,1.88,'2025-07-06 11:38:47'),(59567,11,60.00,1.22,'2025-07-06 11:38:47'),(59568,12,60.00,0.99,'2025-07-06 11:38:47'),(59569,13,60.00,1.91,'2025-07-06 11:38:47'),(59570,1,63.40,0.43,'2025-07-06 11:38:51'),(59571,2,63.38,1.23,'2025-07-06 11:38:51'),(59572,3,63.35,1.85,'2025-07-06 11:38:51'),(59573,4,63.31,0.53,'2025-07-06 11:38:51'),(59574,5,63.26,0.96,'2025-07-06 11:38:51'),(59575,6,60.00,4.91,'2025-07-06 11:38:51'),(59576,7,60.00,4.79,'2025-07-06 11:38:51'),(59577,8,60.00,0.00,'2025-07-06 11:38:51'),(59578,9,60.00,0.00,'2025-07-06 11:38:51'),(59579,10,60.00,1.31,'2025-07-06 11:38:51'),(59580,11,60.00,1.12,'2025-07-06 11:38:51'),(59581,12,60.00,0.04,'2025-07-06 11:38:51'),(59582,13,60.00,1.71,'2025-07-06 11:38:51'),(59583,1,63.86,0.58,'2025-07-06 11:39:47'),(59584,2,63.84,0.66,'2025-07-06 11:39:47'),(59585,3,63.82,0.15,'2025-07-06 11:39:47'),(59586,4,63.77,1.55,'2025-07-06 11:39:47'),(59587,5,63.72,1.78,'2025-07-06 11:39:47'),(59588,6,60.00,4.09,'2025-07-06 11:39:47'),(59589,7,60.00,4.52,'2025-07-06 11:39:47'),(59590,8,60.00,0.00,'2025-07-06 11:39:47'),(59591,9,60.00,0.00,'2025-07-06 11:39:47'),(59592,10,60.00,1.47,'2025-07-06 11:39:47'),(59593,11,60.00,1.05,'2025-07-06 11:39:47'),(59594,12,60.00,1.36,'2025-07-06 11:39:47'),(59595,13,60.00,0.39,'2025-07-06 11:39:47'),(59596,1,63.90,0.36,'2025-07-06 11:39:51'),(59597,2,63.88,0.44,'2025-07-06 11:39:51'),(59598,3,63.85,1.33,'2025-07-06 11:39:51'),(59599,4,63.81,1.63,'2025-07-06 11:39:51'),(59600,5,63.76,1.78,'2025-07-06 11:39:51'),(59601,6,60.00,4.97,'2025-07-06 11:39:51'),(59602,7,60.00,4.36,'2025-07-06 11:39:51'),(59603,8,60.00,0.00,'2025-07-06 11:39:51'),(59604,9,60.00,0.00,'2025-07-06 11:39:51'),(59605,10,60.00,0.12,'2025-07-06 11:39:51'),(59606,11,60.00,0.20,'2025-07-06 11:39:51'),(59607,12,60.00,0.51,'2025-07-06 11:39:51'),(59608,13,60.00,1.37,'2025-07-06 11:39:51'),(59609,1,64.36,0.96,'2025-07-06 11:40:47'),(59610,2,64.34,0.40,'2025-07-06 11:40:47'),(59611,3,64.32,0.21,'2025-07-06 11:40:47'),(59612,4,64.27,0.79,'2025-07-06 11:40:47'),(59613,5,64.22,1.34,'2025-07-06 11:40:47'),(59614,6,60.00,4.89,'2025-07-06 11:40:47'),(59615,7,60.00,4.96,'2025-07-06 11:40:47'),(59616,8,60.00,0.00,'2025-07-06 11:40:47'),(59617,9,60.00,0.00,'2025-07-06 11:40:47'),(59618,10,60.00,0.82,'2025-07-06 11:40:47'),(59619,11,60.00,1.49,'2025-07-06 11:40:47'),(59620,12,60.00,1.05,'2025-07-06 11:40:47'),(59621,13,60.00,0.46,'2025-07-06 11:40:47'),(59622,1,64.40,0.91,'2025-07-06 11:40:51'),(59623,2,64.38,1.42,'2025-07-06 11:40:51'),(59624,3,64.35,0.51,'2025-07-06 11:40:51'),(59625,4,64.31,1.50,'2025-07-06 11:40:51'),(59626,5,64.26,0.18,'2025-07-06 11:40:51'),(59627,6,60.00,4.01,'2025-07-06 11:40:51'),(59628,7,60.00,4.20,'2025-07-06 11:40:51'),(59629,8,60.00,0.00,'2025-07-06 11:40:51'),(59630,9,60.00,0.00,'2025-07-06 11:40:51'),(59631,10,60.00,0.61,'2025-07-06 11:40:51'),(59632,11,60.00,1.76,'2025-07-06 11:40:51'),(59633,12,60.00,0.27,'2025-07-06 11:40:51'),(59634,13,60.00,0.60,'2025-07-06 11:40:51'),(59635,1,64.78,0.48,'2025-07-06 11:41:36'),(59636,2,64.75,1.15,'2025-07-06 11:41:36'),(59637,3,64.73,0.22,'2025-07-06 11:41:36'),(59638,4,64.69,1.15,'2025-07-06 11:41:36'),(59639,5,64.64,0.97,'2025-07-06 11:41:36'),(59640,6,60.00,4.46,'2025-07-06 11:41:36'),(59641,7,60.00,4.57,'2025-07-06 11:41:36'),(59642,8,60.00,0.00,'2025-07-06 11:41:36'),(59643,9,60.00,0.00,'2025-07-06 11:41:36'),(59644,10,60.00,0.93,'2025-07-06 11:41:36'),(59645,11,60.00,0.32,'2025-07-06 11:41:36'),(59646,12,60.00,1.53,'2025-07-06 11:41:36'),(59647,13,60.00,1.86,'2025-07-06 11:41:36'),(59648,1,64.78,0.56,'2025-07-06 11:41:37'),(59649,2,64.76,1.12,'2025-07-06 11:41:37'),(59650,3,64.73,1.30,'2025-07-06 11:41:37'),(59651,4,64.69,0.23,'2025-07-06 11:41:37'),(59652,5,64.64,0.15,'2025-07-06 11:41:37'),(59653,6,60.00,4.63,'2025-07-06 11:41:37'),(59654,7,60.00,4.83,'2025-07-06 11:41:37'),(59655,8,60.00,0.00,'2025-07-06 11:41:37'),(59656,9,60.00,0.00,'2025-07-06 11:41:37'),(59657,10,60.00,0.19,'2025-07-06 11:41:37'),(59658,11,60.00,0.40,'2025-07-06 11:41:37'),(59659,12,60.00,1.13,'2025-07-06 11:41:37'),(59660,13,60.00,1.21,'2025-07-06 11:41:37'),(59661,1,65.28,0.58,'2025-07-06 11:42:36'),(59662,2,65.25,1.75,'2025-07-06 11:42:36'),(59663,3,65.23,0.09,'2025-07-06 11:42:36'),(59664,4,65.19,0.89,'2025-07-06 11:42:36'),(59665,5,65.14,1.68,'2025-07-06 11:42:36'),(59666,6,60.00,4.90,'2025-07-06 11:42:36'),(59667,7,60.00,4.87,'2025-07-06 11:42:36'),(59668,8,60.00,0.00,'2025-07-06 11:42:36'),(59669,9,60.00,0.00,'2025-07-06 11:42:36'),(59670,10,60.00,1.55,'2025-07-06 11:42:36'),(59671,11,60.00,0.44,'2025-07-06 11:42:36'),(59672,12,60.00,0.83,'2025-07-06 11:42:36'),(59673,13,60.00,0.82,'2025-07-06 11:42:36'),(59674,1,65.28,1.01,'2025-07-06 11:42:37'),(59675,2,65.26,0.85,'2025-07-06 11:42:37'),(59676,3,65.23,0.76,'2025-07-06 11:42:37'),(59677,4,65.19,1.59,'2025-07-06 11:42:37'),(59678,5,65.14,1.99,'2025-07-06 11:42:37'),(59679,6,60.00,4.38,'2025-07-06 11:42:37'),(59680,7,60.00,4.03,'2025-07-06 11:42:37'),(59681,8,60.00,0.00,'2025-07-06 11:42:37'),(59682,9,60.00,0.00,'2025-07-06 11:42:37'),(59683,10,60.00,1.14,'2025-07-06 11:42:37'),(59684,11,60.00,0.14,'2025-07-06 11:42:37'),(59685,12,60.00,1.16,'2025-07-06 11:42:37'),(59686,13,60.00,0.45,'2025-07-06 11:42:37'),(59687,1,65.78,1.57,'2025-07-06 11:43:36'),(59688,2,65.75,0.33,'2025-07-06 11:43:36'),(59689,3,65.73,0.81,'2025-07-06 11:43:36'),(59690,4,65.69,0.08,'2025-07-06 11:43:36'),(59691,5,65.64,0.06,'2025-07-06 11:43:36'),(59692,6,60.00,4.05,'2025-07-06 11:43:36'),(59693,7,60.00,4.65,'2025-07-06 11:43:36'),(59694,8,60.00,0.00,'2025-07-06 11:43:36'),(59695,9,60.00,0.00,'2025-07-06 11:43:36'),(59696,10,60.00,0.17,'2025-07-06 11:43:36'),(59697,11,60.00,1.47,'2025-07-06 11:43:36'),(59698,12,60.00,1.87,'2025-07-06 11:43:36'),(59699,13,60.00,0.67,'2025-07-06 11:43:36'),(59700,1,65.78,1.67,'2025-07-06 11:43:37'),(59701,2,65.76,0.19,'2025-07-06 11:43:37'),(59702,3,65.73,0.86,'2025-07-06 11:43:37'),(59703,4,65.69,1.48,'2025-07-06 11:43:37'),(59704,5,65.64,1.42,'2025-07-06 11:43:37'),(59705,6,60.00,4.87,'2025-07-06 11:43:37'),(59706,7,60.00,4.90,'2025-07-06 11:43:37'),(59707,8,60.00,0.00,'2025-07-06 11:43:37'),(59708,9,60.00,0.00,'2025-07-06 11:43:37'),(59709,10,60.00,1.21,'2025-07-06 11:43:37'),(59710,11,60.00,1.26,'2025-07-06 11:43:37'),(59711,12,60.00,0.83,'2025-07-06 11:43:37'),(59712,13,60.00,1.32,'2025-07-06 11:43:37'),(59713,1,66.28,1.84,'2025-07-06 11:44:36'),(59714,2,66.25,0.27,'2025-07-06 11:44:36'),(59715,3,66.23,0.54,'2025-07-06 11:44:36'),(59716,4,66.19,0.81,'2025-07-06 11:44:36'),(59717,5,66.14,0.10,'2025-07-06 11:44:36'),(59718,6,60.00,4.20,'2025-07-06 11:44:36'),(59719,7,60.00,4.99,'2025-07-06 11:44:36'),(59720,8,60.00,0.00,'2025-07-06 11:44:36'),(59721,9,60.00,0.00,'2025-07-06 11:44:36'),(59722,10,60.00,0.60,'2025-07-06 11:44:36'),(59723,11,60.00,1.95,'2025-07-06 11:44:36'),(59724,12,60.00,0.17,'2025-07-06 11:44:36'),(59725,13,60.00,1.50,'2025-07-06 11:44:36'),(59726,1,66.28,1.61,'2025-07-06 11:44:37'),(59727,2,66.26,0.23,'2025-07-06 11:44:37'),(59728,3,66.23,0.69,'2025-07-06 11:44:37'),(59729,4,66.19,1.49,'2025-07-06 11:44:37'),(59730,5,66.14,1.56,'2025-07-06 11:44:37'),(59731,6,60.00,4.61,'2025-07-06 11:44:37'),(59732,7,60.00,4.77,'2025-07-06 11:44:37'),(59733,8,60.00,0.00,'2025-07-06 11:44:37'),(59734,9,60.00,0.00,'2025-07-06 11:44:37'),(59735,10,60.00,1.21,'2025-07-06 11:44:37'),(59736,11,60.00,1.42,'2025-07-06 11:44:37'),(59737,12,60.00,1.30,'2025-07-06 11:44:37'),(59738,13,60.00,0.30,'2025-07-06 11:44:37'),(59739,1,66.78,1.54,'2025-07-06 11:45:36'),(59740,2,66.75,1.82,'2025-07-06 11:45:36'),(59741,3,66.73,1.90,'2025-07-06 11:45:36'),(59742,4,66.69,0.76,'2025-07-06 11:45:36'),(59743,5,66.64,1.63,'2025-07-06 11:45:36'),(59744,6,60.00,4.73,'2025-07-06 11:45:36'),(59745,7,60.00,4.34,'2025-07-06 11:45:36'),(59746,8,60.00,0.00,'2025-07-06 11:45:36'),(59747,9,60.00,0.00,'2025-07-06 11:45:36'),(59748,10,60.00,1.96,'2025-07-06 11:45:36'),(59749,11,60.00,0.92,'2025-07-06 11:45:36'),(59750,12,60.00,1.13,'2025-07-06 11:45:36'),(59751,13,60.00,0.57,'2025-07-06 11:45:36'),(59752,1,66.78,0.59,'2025-07-06 11:45:37'),(59753,2,66.76,0.51,'2025-07-06 11:45:37'),(59754,3,66.73,1.11,'2025-07-06 11:45:37'),(59755,4,66.69,1.52,'2025-07-06 11:45:37'),(59756,5,66.64,1.93,'2025-07-06 11:45:37'),(59757,6,60.00,4.05,'2025-07-06 11:45:37'),(59758,7,60.00,4.13,'2025-07-06 11:45:37'),(59759,8,60.00,0.00,'2025-07-06 11:45:37'),(59760,9,60.00,0.00,'2025-07-06 11:45:37'),(59761,10,60.00,0.97,'2025-07-06 11:45:37'),(59762,11,60.00,0.36,'2025-07-06 11:45:37'),(59763,12,60.00,0.33,'2025-07-06 11:45:37'),(59764,13,60.00,0.87,'2025-07-06 11:45:37'),(59765,1,67.28,2.00,'2025-07-06 11:46:36'),(59766,2,67.25,1.98,'2025-07-06 11:46:36'),(59767,3,67.23,1.22,'2025-07-06 11:46:36'),(59768,4,67.19,1.92,'2025-07-06 11:46:36'),(59769,5,67.14,1.77,'2025-07-06 11:46:36'),(59770,6,60.00,4.96,'2025-07-06 11:46:36'),(59771,7,60.00,4.27,'2025-07-06 11:46:36'),(59772,8,60.00,0.00,'2025-07-06 11:46:36'),(59773,9,60.00,0.00,'2025-07-06 11:46:36'),(59774,10,60.00,1.48,'2025-07-06 11:46:36'),(59775,11,60.00,1.73,'2025-07-06 11:46:36'),(59776,12,60.00,1.56,'2025-07-06 11:46:36'),(59777,13,60.00,0.95,'2025-07-06 11:46:36'),(59778,1,67.28,1.23,'2025-07-06 11:46:37'),(59779,2,67.26,0.59,'2025-07-06 11:46:37'),(59780,3,67.23,1.30,'2025-07-06 11:46:37'),(59781,4,67.19,1.15,'2025-07-06 11:46:37'),(59782,5,67.14,1.80,'2025-07-06 11:46:37'),(59783,6,60.00,4.89,'2025-07-06 11:46:37'),(59784,7,60.00,4.56,'2025-07-06 11:46:37'),(59785,8,60.00,0.00,'2025-07-06 11:46:37'),(59786,9,60.00,0.00,'2025-07-06 11:46:37'),(59787,10,60.00,0.17,'2025-07-06 11:46:37'),(59788,11,60.00,0.37,'2025-07-06 11:46:37'),(59789,12,60.00,0.10,'2025-07-06 11:46:37'),(59790,13,60.00,1.39,'2025-07-06 11:46:37'),(59791,1,67.78,0.87,'2025-07-06 11:47:36'),(59792,2,67.75,1.71,'2025-07-06 11:47:36'),(59793,3,67.73,1.07,'2025-07-06 11:47:36'),(59794,4,67.69,0.96,'2025-07-06 11:47:36'),(59795,5,67.64,1.13,'2025-07-06 11:47:36'),(59796,6,60.00,4.86,'2025-07-06 11:47:36'),(59797,7,60.00,4.18,'2025-07-06 11:47:36'),(59798,8,60.00,0.00,'2025-07-06 11:47:36'),(59799,9,60.00,0.00,'2025-07-06 11:47:36'),(59800,10,60.00,1.92,'2025-07-06 11:47:36'),(59801,11,60.00,0.02,'2025-07-06 11:47:36'),(59802,12,60.00,1.38,'2025-07-06 11:47:36'),(59803,13,60.00,0.84,'2025-07-06 11:47:36'),(59804,1,67.78,1.44,'2025-07-06 11:47:37'),(59805,2,67.76,1.99,'2025-07-06 11:47:37'),(59806,3,67.73,1.59,'2025-07-06 11:47:37'),(59807,4,67.69,1.75,'2025-07-06 11:47:37'),(59808,5,67.64,1.20,'2025-07-06 11:47:37'),(59809,6,60.00,4.21,'2025-07-06 11:47:37'),(59810,7,60.00,4.59,'2025-07-06 11:47:37'),(59811,8,60.00,0.00,'2025-07-06 11:47:37'),(59812,9,60.00,0.00,'2025-07-06 11:47:37'),(59813,10,60.00,1.34,'2025-07-06 11:47:37'),(59814,11,60.00,1.41,'2025-07-06 11:47:37'),(59815,12,60.00,1.55,'2025-07-06 11:47:37'),(59816,13,60.00,2.00,'2025-07-06 11:47:37'),(59817,1,68.28,0.47,'2025-07-06 11:48:36'),(59818,2,68.25,0.92,'2025-07-06 11:48:36'),(59819,3,68.23,0.50,'2025-07-06 11:48:36'),(59820,4,68.19,1.04,'2025-07-06 11:48:36'),(59821,5,68.14,1.66,'2025-07-06 11:48:36'),(59822,6,60.00,4.39,'2025-07-06 11:48:36'),(59823,7,60.00,4.52,'2025-07-06 11:48:36'),(59824,8,60.00,0.00,'2025-07-06 11:48:36'),(59825,9,60.00,0.00,'2025-07-06 11:48:36'),(59826,10,60.00,0.05,'2025-07-06 11:48:36'),(59827,11,60.00,1.95,'2025-07-06 11:48:36'),(59828,12,60.00,1.44,'2025-07-06 11:48:36'),(59829,13,60.00,0.01,'2025-07-06 11:48:36'),(59830,1,68.28,0.16,'2025-07-06 11:48:37'),(59831,2,68.26,0.13,'2025-07-06 11:48:37'),(59832,3,68.23,1.53,'2025-07-06 11:48:37'),(59833,4,68.19,0.02,'2025-07-06 11:48:37'),(59834,5,68.14,1.79,'2025-07-06 11:48:37'),(59835,6,60.00,4.78,'2025-07-06 11:48:37'),(59836,7,60.00,4.39,'2025-07-06 11:48:37'),(59837,8,60.00,0.00,'2025-07-06 11:48:37'),(59838,9,60.00,0.00,'2025-07-06 11:48:37'),(59839,10,60.00,1.38,'2025-07-06 11:48:37'),(59840,11,60.00,1.58,'2025-07-06 11:48:37'),(59841,12,60.00,0.32,'2025-07-06 11:48:37'),(59842,13,60.00,1.61,'2025-07-06 11:48:37'),(59843,1,68.78,0.13,'2025-07-06 11:49:36'),(59844,2,68.75,1.21,'2025-07-06 11:49:36'),(59845,3,68.73,1.92,'2025-07-06 11:49:36'),(59846,4,68.69,1.13,'2025-07-06 11:49:36'),(59847,5,68.64,1.05,'2025-07-06 11:49:36'),(59848,6,60.00,4.01,'2025-07-06 11:49:36'),(59849,7,60.00,4.90,'2025-07-06 11:49:36'),(59850,8,60.00,0.00,'2025-07-06 11:49:36'),(59851,9,60.00,0.00,'2025-07-06 11:49:36'),(59852,10,60.00,1.02,'2025-07-06 11:49:36'),(59853,11,60.00,0.13,'2025-07-06 11:49:36'),(59854,12,60.00,0.28,'2025-07-06 11:49:36'),(59855,13,60.00,0.61,'2025-07-06 11:49:36'),(59856,1,68.78,0.14,'2025-07-06 11:49:37'),(59857,2,68.76,1.66,'2025-07-06 11:49:37'),(59858,3,68.73,1.50,'2025-07-06 11:49:37'),(59859,4,68.69,0.91,'2025-07-06 11:49:37'),(59860,5,68.64,1.17,'2025-07-06 11:49:37'),(59861,6,60.00,4.41,'2025-07-06 11:49:37'),(59862,7,60.00,4.19,'2025-07-06 11:49:37'),(59863,8,60.00,0.00,'2025-07-06 11:49:37'),(59864,9,60.00,0.00,'2025-07-06 11:49:37'),(59865,10,60.00,0.95,'2025-07-06 11:49:37'),(59866,11,60.00,1.54,'2025-07-06 11:49:37'),(59867,12,60.00,1.55,'2025-07-06 11:49:37'),(59868,13,60.00,0.98,'2025-07-06 11:49:37'),(59869,1,69.28,0.06,'2025-07-06 11:50:36'),(59870,2,69.25,0.47,'2025-07-06 11:50:36'),(59871,3,69.23,0.43,'2025-07-06 11:50:36'),(59872,4,69.19,0.48,'2025-07-06 11:50:36'),(59873,5,69.14,0.70,'2025-07-06 11:50:36'),(59874,6,60.00,4.08,'2025-07-06 11:50:36'),(59875,7,60.00,4.29,'2025-07-06 11:50:36'),(59876,8,60.00,0.00,'2025-07-06 11:50:36'),(59877,9,60.00,0.00,'2025-07-06 11:50:36'),(59878,10,60.00,1.96,'2025-07-06 11:50:36'),(59879,11,60.00,1.95,'2025-07-06 11:50:36'),(59880,12,60.00,1.17,'2025-07-06 11:50:36'),(59881,13,60.00,0.00,'2025-07-06 11:50:36'),(59882,1,69.28,0.17,'2025-07-06 11:50:37'),(59883,2,69.26,1.58,'2025-07-06 11:50:37'),(59884,3,69.23,1.89,'2025-07-06 11:50:37'),(59885,4,69.19,1.61,'2025-07-06 11:50:37'),(59886,5,69.14,1.38,'2025-07-06 11:50:37'),(59887,6,60.00,4.60,'2025-07-06 11:50:37'),(59888,7,60.00,4.02,'2025-07-06 11:50:37'),(59889,8,60.00,0.00,'2025-07-06 11:50:37'),(59890,9,60.00,0.00,'2025-07-06 11:50:37'),(59891,10,60.00,0.11,'2025-07-06 11:50:37'),(59892,11,60.00,0.36,'2025-07-06 11:50:37'),(59893,12,60.00,0.68,'2025-07-06 11:50:37'),(59894,13,60.00,0.43,'2025-07-06 11:50:37'),(59895,1,69.78,1.71,'2025-07-06 11:51:36'),(59896,2,69.75,1.20,'2025-07-06 11:51:36'),(59897,3,69.73,0.44,'2025-07-06 11:51:36'),(59898,4,69.69,1.34,'2025-07-06 11:51:36'),(59899,5,69.64,0.64,'2025-07-06 11:51:36'),(59900,6,60.00,4.79,'2025-07-06 11:51:36'),(59901,7,60.00,4.94,'2025-07-06 11:51:36'),(59902,8,60.00,0.00,'2025-07-06 11:51:36'),(59903,9,60.00,0.00,'2025-07-06 11:51:36'),(59904,10,60.00,0.13,'2025-07-06 11:51:36'),(59905,11,60.00,1.10,'2025-07-06 11:51:36'),(59906,12,60.00,1.11,'2025-07-06 11:51:36'),(59907,13,60.00,1.18,'2025-07-06 11:51:36'),(59908,1,69.78,1.66,'2025-07-06 11:51:37'),(59909,2,69.76,1.62,'2025-07-06 11:51:37'),(59910,3,69.73,0.96,'2025-07-06 11:51:37'),(59911,4,69.69,0.25,'2025-07-06 11:51:37'),(59912,5,69.64,1.48,'2025-07-06 11:51:37'),(59913,6,60.00,4.96,'2025-07-06 11:51:37'),(59914,7,60.00,4.52,'2025-07-06 11:51:37'),(59915,8,60.00,0.00,'2025-07-06 11:51:37'),(59916,9,60.00,0.00,'2025-07-06 11:51:37'),(59917,10,60.00,1.44,'2025-07-06 11:51:37'),(59918,11,60.00,1.73,'2025-07-06 11:51:37'),(59919,12,60.00,0.20,'2025-07-06 11:51:37'),(59920,13,60.00,1.18,'2025-07-06 11:51:37'),(59921,1,70.28,0.71,'2025-07-06 11:52:36'),(59922,2,70.25,1.00,'2025-07-06 11:52:36'),(59923,3,70.23,1.33,'2025-07-06 11:52:36'),(59924,4,70.19,0.42,'2025-07-06 11:52:36'),(59925,5,70.14,1.86,'2025-07-06 11:52:36'),(59926,6,60.00,4.92,'2025-07-06 11:52:36'),(59927,7,60.00,4.29,'2025-07-06 11:52:36'),(59928,8,60.00,0.00,'2025-07-06 11:52:36'),(59929,9,60.00,0.00,'2025-07-06 11:52:36'),(59930,10,60.00,0.63,'2025-07-06 11:52:36'),(59931,11,60.00,0.60,'2025-07-06 11:52:36'),(59932,12,60.00,0.56,'2025-07-06 11:52:36'),(59933,13,60.00,0.26,'2025-07-06 11:52:36'),(59934,1,70.28,1.17,'2025-07-06 11:52:37'),(59935,2,70.26,0.38,'2025-07-06 11:52:37'),(59936,3,70.23,0.54,'2025-07-06 11:52:37'),(59937,4,70.19,0.86,'2025-07-06 11:52:37'),(59938,5,70.14,1.83,'2025-07-06 11:52:37'),(59939,6,60.00,4.64,'2025-07-06 11:52:37'),(59940,7,60.00,4.25,'2025-07-06 11:52:37'),(59941,8,60.00,0.00,'2025-07-06 11:52:37'),(59942,9,60.00,0.00,'2025-07-06 11:52:37'),(59943,10,60.00,1.57,'2025-07-06 11:52:37'),(59944,11,60.00,0.86,'2025-07-06 11:52:37'),(59945,12,60.00,1.46,'2025-07-06 11:52:37'),(59946,13,60.00,0.32,'2025-07-06 11:52:37'),(59947,1,70.78,0.93,'2025-07-06 11:53:36'),(59948,2,70.75,0.73,'2025-07-06 11:53:36'),(59949,3,70.73,0.93,'2025-07-06 11:53:36'),(59950,4,70.69,1.67,'2025-07-06 11:53:36'),(59951,5,70.64,1.20,'2025-07-06 11:53:36'),(59952,6,60.00,4.39,'2025-07-06 11:53:36'),(59953,7,60.00,4.23,'2025-07-06 11:53:36'),(59954,8,60.00,0.00,'2025-07-06 11:53:36'),(59955,9,60.00,0.00,'2025-07-06 11:53:36'),(59956,10,60.00,0.33,'2025-07-06 11:53:36'),(59957,11,60.00,1.20,'2025-07-06 11:53:36'),(59958,12,60.00,1.06,'2025-07-06 11:53:36'),(59959,13,60.00,0.25,'2025-07-06 11:53:36'),(59960,1,70.78,1.73,'2025-07-06 11:53:37'),(59961,2,70.76,1.58,'2025-07-06 11:53:37'),(59962,3,70.73,0.25,'2025-07-06 11:53:37'),(59963,4,70.69,1.57,'2025-07-06 11:53:37'),(59964,5,70.64,0.82,'2025-07-06 11:53:37'),(59965,6,60.00,4.93,'2025-07-06 11:53:37'),(59966,7,60.00,4.98,'2025-07-06 11:53:37'),(59967,8,60.00,0.00,'2025-07-06 11:53:37'),(59968,9,60.00,0.00,'2025-07-06 11:53:37'),(59969,10,60.00,1.44,'2025-07-06 11:53:37'),(59970,11,60.00,1.58,'2025-07-06 11:53:37'),(59971,12,60.00,0.69,'2025-07-06 11:53:37'),(59972,13,60.00,1.54,'2025-07-06 11:53:37'),(59973,1,71.28,0.52,'2025-07-06 11:54:36'),(59974,2,71.25,0.61,'2025-07-06 11:54:36'),(59975,3,71.23,0.12,'2025-07-06 11:54:36'),(59976,4,71.19,1.86,'2025-07-06 11:54:36'),(59977,5,71.14,1.48,'2025-07-06 11:54:36'),(59978,6,60.00,4.58,'2025-07-06 11:54:36'),(59979,7,60.00,4.85,'2025-07-06 11:54:36'),(59980,8,60.00,0.00,'2025-07-06 11:54:36'),(59981,9,60.00,0.00,'2025-07-06 11:54:36'),(59982,10,60.00,1.05,'2025-07-06 11:54:36'),(59983,11,60.00,0.65,'2025-07-06 11:54:36'),(59984,12,60.00,1.26,'2025-07-06 11:54:36'),(59985,13,60.00,1.32,'2025-07-06 11:54:36'),(59986,1,71.28,0.48,'2025-07-06 11:54:37'),(59987,2,71.26,0.08,'2025-07-06 11:54:37'),(59988,3,71.23,0.94,'2025-07-06 11:54:37'),(59989,4,71.19,1.95,'2025-07-06 11:54:37'),(59990,5,71.14,0.56,'2025-07-06 11:54:37'),(59991,6,60.00,4.74,'2025-07-06 11:54:37'),(59992,7,60.00,4.46,'2025-07-06 11:54:37'),(59993,8,60.00,0.00,'2025-07-06 11:54:37'),(59994,9,60.00,0.00,'2025-07-06 11:54:37'),(59995,10,60.00,0.17,'2025-07-06 11:54:37'),(59996,11,60.00,0.18,'2025-07-06 11:54:37'),(59997,12,60.00,1.40,'2025-07-06 11:54:37'),(59998,13,60.00,0.39,'2025-07-06 11:54:37'),(59999,1,71.78,1.52,'2025-07-06 11:55:36'),(60000,2,71.76,0.29,'2025-07-06 11:55:36'),(60001,3,71.73,0.53,'2025-07-06 11:55:36'),(60002,4,71.69,0.50,'2025-07-06 11:55:36'),(60003,5,71.64,1.48,'2025-07-06 11:55:36'),(60004,6,60.00,4.09,'2025-07-06 11:55:36'),(60005,7,60.00,4.99,'2025-07-06 11:55:36'),(60006,8,60.00,0.00,'2025-07-06 11:55:36'),(60007,9,60.00,0.00,'2025-07-06 11:55:36'),(60008,10,60.00,1.73,'2025-07-06 11:55:36'),(60009,11,60.00,1.61,'2025-07-06 11:55:36'),(60010,12,60.00,0.30,'2025-07-06 11:55:36'),(60011,13,60.00,1.15,'2025-07-06 11:55:36'),(60012,1,71.78,0.18,'2025-07-06 11:55:37'),(60013,2,71.76,0.94,'2025-07-06 11:55:37'),(60014,3,71.74,0.31,'2025-07-06 11:55:37'),(60015,4,71.69,1.30,'2025-07-06 11:55:37'),(60016,5,71.64,1.66,'2025-07-06 11:55:37'),(60017,6,60.00,4.28,'2025-07-06 11:55:37'),(60018,7,60.00,4.19,'2025-07-06 11:55:37'),(60019,8,60.00,0.00,'2025-07-06 11:55:37'),(60020,9,60.00,0.00,'2025-07-06 11:55:37'),(60021,10,60.00,0.02,'2025-07-06 11:55:37'),(60022,11,60.00,0.43,'2025-07-06 11:55:37'),(60023,12,60.00,0.44,'2025-07-06 11:55:37'),(60024,13,60.00,1.10,'2025-07-06 11:55:37'),(60025,1,72.28,0.07,'2025-07-06 11:56:36'),(60026,2,72.25,1.15,'2025-07-06 11:56:36'),(60027,3,72.23,1.72,'2025-07-06 11:56:36'),(60028,4,72.19,0.30,'2025-07-06 11:56:36'),(60029,5,72.14,0.33,'2025-07-06 11:56:36'),(60030,6,60.00,4.76,'2025-07-06 11:56:36'),(60031,7,60.00,4.93,'2025-07-06 11:56:36'),(60032,8,60.00,0.00,'2025-07-06 11:56:36'),(60033,9,60.00,0.00,'2025-07-06 11:56:36'),(60034,10,60.00,0.30,'2025-07-06 11:56:36'),(60035,11,60.00,0.47,'2025-07-06 11:56:36'),(60036,12,60.00,1.79,'2025-07-06 11:56:36'),(60037,13,60.00,1.89,'2025-07-06 11:56:36'),(60038,1,72.28,0.38,'2025-07-06 11:56:37'),(60039,2,72.26,1.14,'2025-07-06 11:56:37'),(60040,3,72.23,0.58,'2025-07-06 11:56:37'),(60041,4,72.19,0.61,'2025-07-06 11:56:37'),(60042,5,72.14,0.12,'2025-07-06 11:56:37'),(60043,6,60.00,4.39,'2025-07-06 11:56:37'),(60044,7,60.00,4.31,'2025-07-06 11:56:37'),(60045,8,60.00,0.00,'2025-07-06 11:56:37'),(60046,9,60.00,0.00,'2025-07-06 11:56:37'),(60047,10,60.00,0.66,'2025-07-06 11:56:37'),(60048,11,60.00,1.11,'2025-07-06 11:56:37'),(60049,12,60.00,1.04,'2025-07-06 11:56:37'),(60050,13,60.00,0.07,'2025-07-06 11:56:37'),(60051,1,72.78,0.59,'2025-07-06 11:57:36'),(60052,2,72.75,1.63,'2025-07-06 11:57:36'),(60053,3,72.73,0.18,'2025-07-06 11:57:36'),(60054,4,72.69,0.89,'2025-07-06 11:57:36'),(60055,5,72.64,0.60,'2025-07-06 11:57:36'),(60056,6,60.00,4.84,'2025-07-06 11:57:36'),(60057,7,60.00,4.94,'2025-07-06 11:57:36'),(60058,8,60.00,0.00,'2025-07-06 11:57:36'),(60059,9,60.00,0.00,'2025-07-06 11:57:36'),(60060,10,60.00,1.57,'2025-07-06 11:57:36'),(60061,11,60.00,0.14,'2025-07-06 11:57:36'),(60062,12,60.00,1.36,'2025-07-06 11:57:36'),(60063,13,60.00,1.32,'2025-07-06 11:57:36'),(60064,1,72.78,1.39,'2025-07-06 11:57:37'),(60065,2,72.76,0.37,'2025-07-06 11:57:37'),(60066,3,72.73,0.54,'2025-07-06 11:57:37'),(60067,4,72.69,0.01,'2025-07-06 11:57:37'),(60068,5,72.64,0.87,'2025-07-06 11:57:37'),(60069,6,60.00,4.28,'2025-07-06 11:57:37'),(60070,7,60.00,5.00,'2025-07-06 11:57:37'),(60071,8,60.00,0.00,'2025-07-06 11:57:37'),(60072,9,60.00,0.00,'2025-07-06 11:57:37'),(60073,10,60.00,0.48,'2025-07-06 11:57:37'),(60074,11,60.00,1.71,'2025-07-06 11:57:37'),(60075,12,60.00,0.68,'2025-07-06 11:57:37'),(60076,13,60.00,0.91,'2025-07-06 11:57:37'),(60077,1,73.28,0.86,'2025-07-06 11:58:36'),(60078,2,73.25,0.53,'2025-07-06 11:58:36'),(60079,3,73.23,1.50,'2025-07-06 11:58:36'),(60080,4,73.19,1.50,'2025-07-06 11:58:36'),(60081,5,73.14,0.04,'2025-07-06 11:58:36'),(60082,6,60.00,4.68,'2025-07-06 11:58:36'),(60083,7,60.00,4.89,'2025-07-06 11:58:36'),(60084,8,60.00,0.00,'2025-07-06 11:58:36'),(60085,9,60.00,0.00,'2025-07-06 11:58:36'),(60086,10,60.00,1.22,'2025-07-06 11:58:36'),(60087,11,60.00,1.99,'2025-07-06 11:58:36'),(60088,12,60.00,1.69,'2025-07-06 11:58:36'),(60089,13,60.00,0.53,'2025-07-06 11:58:36'),(60090,1,73.28,1.99,'2025-07-06 11:58:37'),(60091,2,73.26,0.14,'2025-07-06 11:58:37'),(60092,3,73.24,1.76,'2025-07-06 11:58:37'),(60093,4,73.19,0.34,'2025-07-06 11:58:37'),(60094,5,73.14,1.53,'2025-07-06 11:58:37'),(60095,6,60.00,4.20,'2025-07-06 11:58:37'),(60096,7,60.00,4.89,'2025-07-06 11:58:37'),(60097,8,60.00,0.00,'2025-07-06 11:58:37'),(60098,9,60.00,0.00,'2025-07-06 11:58:37'),(60099,10,60.00,0.09,'2025-07-06 11:58:37'),(60100,11,60.00,1.08,'2025-07-06 11:58:37'),(60101,12,60.00,0.15,'2025-07-06 11:58:37'),(60102,13,60.00,1.63,'2025-07-06 11:58:37'),(60103,1,73.78,0.33,'2025-07-06 11:59:36'),(60104,2,73.75,1.40,'2025-07-06 11:59:36'),(60105,3,73.73,0.51,'2025-07-06 11:59:36'),(60106,4,73.69,1.36,'2025-07-06 11:59:36'),(60107,5,73.64,0.35,'2025-07-06 11:59:36'),(60108,6,60.00,4.97,'2025-07-06 11:59:36'),(60109,7,60.00,4.17,'2025-07-06 11:59:36'),(60110,8,60.00,0.00,'2025-07-06 11:59:36'),(60111,9,60.00,0.00,'2025-07-06 11:59:36'),(60112,10,60.00,1.27,'2025-07-06 11:59:36'),(60113,11,60.00,0.10,'2025-07-06 11:59:36'),(60114,12,60.00,0.73,'2025-07-06 11:59:36'),(60115,13,60.00,1.31,'2025-07-06 11:59:36'),(60116,1,73.78,0.77,'2025-07-06 11:59:37'),(60117,2,73.76,1.56,'2025-07-06 11:59:37'),(60118,3,73.73,0.11,'2025-07-06 11:59:37'),(60119,4,73.69,1.85,'2025-07-06 11:59:37'),(60120,5,73.64,0.54,'2025-07-06 11:59:37'),(60121,6,60.00,4.75,'2025-07-06 11:59:37'),(60122,7,60.00,4.52,'2025-07-06 11:59:37'),(60123,8,60.00,0.00,'2025-07-06 11:59:37'),(60124,9,60.00,0.00,'2025-07-06 11:59:37'),(60125,10,60.00,0.66,'2025-07-06 11:59:37'),(60126,11,60.00,1.19,'2025-07-06 11:59:37'),(60127,12,60.00,0.62,'2025-07-06 11:59:37'),(60128,13,60.00,1.38,'2025-07-06 11:59:37'),(60129,1,74.28,1.56,'2025-07-06 12:00:36'),(60130,2,74.25,0.90,'2025-07-06 12:00:36'),(60131,3,74.23,0.55,'2025-07-06 12:00:36'),(60132,4,74.19,1.32,'2025-07-06 12:00:36'),(60133,5,74.14,1.49,'2025-07-06 12:00:36'),(60134,6,60.00,4.35,'2025-07-06 12:00:36'),(60135,7,60.00,4.07,'2025-07-06 12:00:36'),(60136,8,60.00,0.00,'2025-07-06 12:00:36'),(60137,9,60.00,0.00,'2025-07-06 12:00:36'),(60138,10,60.00,0.34,'2025-07-06 12:00:36'),(60139,11,60.00,0.67,'2025-07-06 12:00:36'),(60140,12,60.00,0.81,'2025-07-06 12:00:36'),(60141,13,60.00,1.48,'2025-07-06 12:00:36'),(60142,1,74.28,1.20,'2025-07-06 12:00:37'),(60143,2,74.26,1.63,'2025-07-06 12:00:37'),(60144,3,74.23,1.17,'2025-07-06 12:00:37'),(60145,4,74.19,0.43,'2025-07-06 12:00:37'),(60146,5,74.14,0.64,'2025-07-06 12:00:37'),(60147,6,60.00,4.39,'2025-07-06 12:00:37'),(60148,7,60.00,4.51,'2025-07-06 12:00:37'),(60149,8,60.00,0.00,'2025-07-06 12:00:37'),(60150,9,60.00,0.00,'2025-07-06 12:00:37'),(60151,10,60.00,0.44,'2025-07-06 12:00:37'),(60152,11,60.00,1.82,'2025-07-06 12:00:37'),(60153,12,60.00,1.50,'2025-07-06 12:00:37'),(60154,13,60.00,1.14,'2025-07-06 12:00:37'),(60155,1,74.78,0.26,'2025-07-06 12:01:36'),(60156,2,74.75,0.27,'2025-07-06 12:01:36'),(60157,3,74.73,1.66,'2025-07-06 12:01:36'),(60158,4,74.69,0.22,'2025-07-06 12:01:36'),(60159,5,74.64,1.46,'2025-07-06 12:01:36'),(60160,6,60.00,4.33,'2025-07-06 12:01:36'),(60161,7,60.00,4.35,'2025-07-06 12:01:36'),(60162,8,60.00,0.00,'2025-07-06 12:01:36'),(60163,9,60.00,0.00,'2025-07-06 12:01:36'),(60164,10,60.00,0.14,'2025-07-06 12:01:36'),(60165,11,60.00,0.11,'2025-07-06 12:01:36'),(60166,12,60.00,0.79,'2025-07-06 12:01:36'),(60167,13,60.00,0.40,'2025-07-06 12:01:36'),(60168,1,74.78,0.30,'2025-07-06 12:01:37'),(60169,2,74.76,0.61,'2025-07-06 12:01:37'),(60170,3,74.73,1.73,'2025-07-06 12:01:37'),(60171,4,74.69,1.31,'2025-07-06 12:01:37'),(60172,5,74.64,1.16,'2025-07-06 12:01:37'),(60173,6,60.00,4.48,'2025-07-06 12:01:37'),(60174,7,60.00,4.78,'2025-07-06 12:01:37'),(60175,8,60.00,0.00,'2025-07-06 12:01:37'),(60176,9,60.00,0.00,'2025-07-06 12:01:37'),(60177,10,60.00,0.87,'2025-07-06 12:01:37'),(60178,11,60.00,0.26,'2025-07-06 12:01:37'),(60179,12,60.00,1.94,'2025-07-06 12:01:37'),(60180,13,60.00,1.79,'2025-07-06 12:01:37'),(60181,1,75.10,1.10,'2025-07-06 12:02:15'),(60182,2,75.07,1.53,'2025-07-06 12:02:15'),(60183,3,75.05,1.54,'2025-07-06 12:02:15'),(60184,4,75.01,2.00,'2025-07-06 12:02:15'),(60185,5,74.96,0.56,'2025-07-06 12:02:15'),(60186,6,60.00,4.79,'2025-07-06 12:02:15'),(60187,7,60.00,4.31,'2025-07-06 12:02:15'),(60188,8,60.00,0.00,'2025-07-06 12:02:15'),(60189,9,60.00,0.00,'2025-07-06 12:02:15'),(60190,10,60.00,1.82,'2025-07-06 12:02:15'),(60191,11,60.00,0.96,'2025-07-06 12:02:15'),(60192,12,60.00,1.41,'2025-07-06 12:02:15'),(60193,13,60.00,1.47,'2025-07-06 12:02:15'),(60194,1,75.24,0.93,'2025-07-06 12:02:32'),(60195,2,75.22,0.99,'2025-07-06 12:02:32'),(60196,3,75.19,0.19,'2025-07-06 12:02:32'),(60197,4,75.15,1.80,'2025-07-06 12:02:32'),(60198,5,75.10,0.82,'2025-07-06 12:02:32'),(60199,6,60.00,4.55,'2025-07-06 12:02:32'),(60200,7,60.00,4.61,'2025-07-06 12:02:32'),(60201,8,60.00,0.00,'2025-07-06 12:02:32'),(60202,9,60.00,0.00,'2025-07-06 12:02:32'),(60203,10,60.00,1.25,'2025-07-06 12:02:32'),(60204,11,60.00,1.09,'2025-07-06 12:02:32'),(60205,12,60.00,0.77,'2025-07-06 12:02:32'),(60206,13,60.00,0.90,'2025-07-06 12:02:32'),(60207,1,75.28,1.46,'2025-07-06 12:02:36'),(60208,2,75.25,0.97,'2025-07-06 12:02:36'),(60209,3,75.23,0.75,'2025-07-06 12:02:36'),(60210,4,75.19,0.66,'2025-07-06 12:02:36'),(60211,5,75.14,0.17,'2025-07-06 12:02:36'),(60212,6,60.00,4.63,'2025-07-06 12:02:36'),(60213,7,60.00,4.31,'2025-07-06 12:02:36'),(60214,8,60.00,0.00,'2025-07-06 12:02:36'),(60215,9,60.00,0.00,'2025-07-06 12:02:36'),(60216,10,60.00,1.86,'2025-07-06 12:02:36'),(60217,11,60.00,1.80,'2025-07-06 12:02:36'),(60218,12,60.00,1.86,'2025-07-06 12:02:36'),(60219,13,60.00,0.82,'2025-07-06 12:02:36'),(60220,1,75.60,1.85,'2025-07-06 12:03:15'),(60221,2,75.57,0.14,'2025-07-06 12:03:15'),(60222,3,75.55,0.55,'2025-07-06 12:03:15'),(60223,4,75.51,1.66,'2025-07-06 12:03:15'),(60224,5,75.46,0.66,'2025-07-06 12:03:15'),(60225,6,60.00,4.49,'2025-07-06 12:03:15'),(60226,7,60.00,4.30,'2025-07-06 12:03:15'),(60227,8,60.00,0.00,'2025-07-06 12:03:15'),(60228,9,60.00,0.00,'2025-07-06 12:03:15'),(60229,10,60.00,0.48,'2025-07-06 12:03:15'),(60230,11,60.00,1.36,'2025-07-06 12:03:15'),(60231,12,60.00,1.41,'2025-07-06 12:03:15'),(60232,13,60.00,0.42,'2025-07-06 12:03:15'),(60233,1,75.78,1.92,'2025-07-06 12:03:36'),(60234,2,75.75,0.41,'2025-07-06 12:03:36'),(60235,3,75.73,0.76,'2025-07-06 12:03:36'),(60236,4,75.69,0.18,'2025-07-06 12:03:36'),(60237,5,75.64,0.51,'2025-07-06 12:03:36'),(60238,6,60.00,4.73,'2025-07-06 12:03:36'),(60239,7,60.00,4.07,'2025-07-06 12:03:36'),(60240,8,60.00,0.00,'2025-07-06 12:03:36'),(60241,9,60.00,0.00,'2025-07-06 12:03:36'),(60242,10,60.00,1.49,'2025-07-06 12:03:36'),(60243,11,60.00,1.34,'2025-07-06 12:03:36'),(60244,12,60.00,0.77,'2025-07-06 12:03:36'),(60245,13,60.00,1.46,'2025-07-06 12:03:36'),(60246,1,76.10,1.81,'2025-07-06 12:04:15'),(60247,2,76.07,1.36,'2025-07-06 12:04:15'),(60248,3,76.05,1.17,'2025-07-06 12:04:15'),(60249,4,76.01,1.59,'2025-07-06 12:04:15'),(60250,5,75.96,1.12,'2025-07-06 12:04:15'),(60251,6,60.00,4.97,'2025-07-06 12:04:15'),(60252,7,60.00,4.79,'2025-07-06 12:04:15'),(60253,8,60.00,0.00,'2025-07-06 12:04:15'),(60254,9,60.00,0.00,'2025-07-06 12:04:15'),(60255,10,60.00,1.32,'2025-07-06 12:04:15'),(60256,11,60.00,0.96,'2025-07-06 12:04:15'),(60257,12,60.00,1.30,'2025-07-06 12:04:15'),(60258,13,60.00,0.34,'2025-07-06 12:04:15'),(60259,1,76.28,0.30,'2025-07-06 12:04:36'),(60260,2,76.25,0.11,'2025-07-06 12:04:36'),(60261,3,76.23,0.55,'2025-07-06 12:04:36'),(60262,4,76.19,0.44,'2025-07-06 12:04:36'),(60263,5,76.14,0.99,'2025-07-06 12:04:36'),(60264,6,60.00,4.03,'2025-07-06 12:04:36'),(60265,7,60.00,4.58,'2025-07-06 12:04:36'),(60266,8,60.00,0.00,'2025-07-06 12:04:36'),(60267,9,60.00,0.00,'2025-07-06 12:04:36'),(60268,10,60.00,1.18,'2025-07-06 12:04:36'),(60269,11,60.00,0.79,'2025-07-06 12:04:36'),(60270,12,60.00,1.17,'2025-07-06 12:04:36'),(60271,13,60.00,0.16,'2025-07-06 12:04:36'),(60272,1,76.60,1.13,'2025-07-06 12:05:15'),(60273,2,76.57,0.25,'2025-07-06 12:05:15'),(60274,3,76.55,0.80,'2025-07-06 12:05:15'),(60275,4,76.51,0.98,'2025-07-06 12:05:15'),(60276,5,76.46,0.86,'2025-07-06 12:05:15'),(60277,6,60.00,4.71,'2025-07-06 12:05:15'),(60278,7,60.00,4.05,'2025-07-06 12:05:15'),(60279,8,60.00,0.00,'2025-07-06 12:05:15'),(60280,9,60.00,0.00,'2025-07-06 12:05:15'),(60281,10,60.00,1.75,'2025-07-06 12:05:15'),(60282,11,60.00,1.60,'2025-07-06 12:05:15'),(60283,12,60.00,1.80,'2025-07-06 12:05:15'),(60284,13,60.00,0.51,'2025-07-06 12:05:15'),(60285,1,76.72,0.67,'2025-07-06 12:05:29'),(60286,2,76.69,0.68,'2025-07-06 12:05:29'),(60287,3,76.67,1.05,'2025-07-06 12:05:29'),(60288,4,76.63,0.70,'2025-07-06 12:05:29'),(60289,5,76.58,0.76,'2025-07-06 12:05:29'),(60290,6,60.00,4.52,'2025-07-06 12:05:29'),(60291,7,60.00,4.31,'2025-07-06 12:05:29'),(60292,8,60.00,0.00,'2025-07-06 12:05:29'),(60293,9,60.00,0.00,'2025-07-06 12:05:29'),(60294,10,60.00,0.93,'2025-07-06 12:05:29'),(60295,11,60.00,0.44,'2025-07-06 12:05:29'),(60296,12,60.00,1.77,'2025-07-06 12:05:29'),(60297,13,60.00,0.02,'2025-07-06 12:05:29'),(60298,1,76.78,1.61,'2025-07-06 12:05:36'),(60299,2,76.75,0.15,'2025-07-06 12:05:36'),(60300,3,76.73,1.40,'2025-07-06 12:05:36'),(60301,4,76.69,0.01,'2025-07-06 12:05:36'),(60302,5,76.64,0.80,'2025-07-06 12:05:36'),(60303,6,60.00,4.53,'2025-07-06 12:05:36'),(60304,7,60.00,4.16,'2025-07-06 12:05:36'),(60305,8,60.00,0.00,'2025-07-06 12:05:36'),(60306,9,60.00,0.00,'2025-07-06 12:05:36'),(60307,10,60.00,1.90,'2025-07-06 12:05:36'),(60308,11,60.00,0.36,'2025-07-06 12:05:36'),(60309,12,60.00,0.81,'2025-07-06 12:05:36'),(60310,13,60.00,0.91,'2025-07-06 12:05:36'),(60311,1,76.78,0.25,'2025-07-06 12:05:37'),(60312,2,76.76,1.03,'2025-07-06 12:05:37'),(60313,3,76.73,0.02,'2025-07-06 12:05:37'),(60314,4,76.69,1.35,'2025-07-06 12:05:37'),(60315,5,76.64,1.84,'2025-07-06 12:05:37'),(60316,6,60.00,4.12,'2025-07-06 12:05:37'),(60317,7,60.00,4.63,'2025-07-06 12:05:37'),(60318,8,60.00,0.00,'2025-07-06 12:05:37'),(60319,9,60.00,0.00,'2025-07-06 12:05:37'),(60320,10,60.00,1.57,'2025-07-06 12:05:37'),(60321,11,60.00,0.86,'2025-07-06 12:05:37'),(60322,12,60.00,1.70,'2025-07-06 12:05:37'),(60323,13,60.00,0.17,'2025-07-06 12:05:37'),(60324,1,76.88,0.68,'2025-07-06 12:05:48'),(60325,2,76.85,1.70,'2025-07-06 12:05:48'),(60326,3,76.83,1.93,'2025-07-06 12:05:48'),(60327,4,76.79,1.52,'2025-07-06 12:05:48'),(60328,5,76.74,1.72,'2025-07-06 12:05:48'),(60329,6,60.00,4.82,'2025-07-06 12:05:48'),(60330,7,60.00,4.46,'2025-07-06 12:05:48'),(60331,8,60.00,0.00,'2025-07-06 12:05:48'),(60332,9,60.00,0.00,'2025-07-06 12:05:48'),(60333,10,60.00,1.47,'2025-07-06 12:05:48'),(60334,11,60.00,1.08,'2025-07-06 12:05:48'),(60335,12,60.00,1.95,'2025-07-06 12:05:48'),(60336,13,60.00,0.34,'2025-07-06 12:05:48'),(60337,1,76.93,0.38,'2025-07-06 12:05:54'),(60338,2,76.90,0.38,'2025-07-06 12:05:54'),(60339,3,76.88,0.60,'2025-07-06 12:05:54'),(60340,4,76.84,1.35,'2025-07-06 12:05:54'),(60341,5,76.79,0.75,'2025-07-06 12:05:54'),(60342,6,60.00,4.35,'2025-07-06 12:05:54'),(60343,7,60.00,4.15,'2025-07-06 12:05:54'),(60344,8,60.00,0.00,'2025-07-06 12:05:54'),(60345,9,60.00,0.00,'2025-07-06 12:05:54'),(60346,10,60.00,0.09,'2025-07-06 12:05:54'),(60347,11,60.00,1.48,'2025-07-06 12:05:54'),(60348,12,60.00,0.16,'2025-07-06 12:05:54'),(60349,13,60.00,0.87,'2025-07-06 12:05:54'),(60350,1,77.00,0.75,'2025-07-06 12:06:02'),(60351,2,76.97,1.71,'2025-07-06 12:06:02'),(60352,3,76.95,0.90,'2025-07-06 12:06:02'),(60353,4,76.90,1.78,'2025-07-06 12:06:02'),(60354,5,76.85,1.30,'2025-07-06 12:06:02'),(60355,6,60.00,4.63,'2025-07-06 12:06:02'),(60356,7,60.00,4.03,'2025-07-06 12:06:02'),(60357,8,60.00,0.00,'2025-07-06 12:06:02'),(60358,9,60.00,0.00,'2025-07-06 12:06:02'),(60359,10,60.00,0.83,'2025-07-06 12:06:02'),(60360,11,60.00,1.42,'2025-07-06 12:06:02'),(60361,12,60.00,0.31,'2025-07-06 12:06:02'),(60362,13,60.00,0.04,'2025-07-06 12:06:02'),(60363,1,77.28,0.05,'2025-07-06 12:06:36'),(60364,2,77.25,0.51,'2025-07-06 12:06:36'),(60365,3,77.23,1.27,'2025-07-06 12:06:36'),(60366,4,77.19,0.76,'2025-07-06 12:06:36'),(60367,5,77.14,0.49,'2025-07-06 12:06:36'),(60368,6,60.00,4.53,'2025-07-06 12:06:36'),(60369,7,60.00,4.00,'2025-07-06 12:06:36'),(60370,8,60.00,0.00,'2025-07-06 12:06:36'),(60371,9,60.00,0.00,'2025-07-06 12:06:36'),(60372,10,60.00,1.98,'2025-07-06 12:06:36'),(60373,11,60.00,0.57,'2025-07-06 12:06:36'),(60374,12,60.00,1.53,'2025-07-06 12:06:36'),(60375,13,60.00,1.61,'2025-07-06 12:06:36'),(60376,1,77.49,1.49,'2025-07-06 12:07:02'),(60377,2,77.47,0.74,'2025-07-06 12:07:02'),(60378,3,77.44,1.37,'2025-07-06 12:07:02'),(60379,4,77.40,1.40,'2025-07-06 12:07:02'),(60380,5,77.35,0.33,'2025-07-06 12:07:02'),(60381,6,60.00,4.71,'2025-07-06 12:07:02'),(60382,7,60.00,4.31,'2025-07-06 12:07:02'),(60383,8,60.00,0.00,'2025-07-06 12:07:02'),(60384,9,60.00,0.00,'2025-07-06 12:07:02'),(60385,10,60.00,1.23,'2025-07-06 12:07:02'),(60386,11,60.00,0.17,'2025-07-06 12:07:02'),(60387,12,60.00,0.59,'2025-07-06 12:07:02'),(60388,13,60.00,0.22,'2025-07-06 12:07:02'),(60389,1,77.78,1.33,'2025-07-06 12:07:36'),(60390,2,77.75,1.15,'2025-07-06 12:07:36'),(60391,3,77.73,1.38,'2025-07-06 12:07:36'),(60392,4,77.69,0.99,'2025-07-06 12:07:36'),(60393,5,77.64,1.00,'2025-07-06 12:07:36'),(60394,6,60.00,4.71,'2025-07-06 12:07:36'),(60395,7,60.00,4.34,'2025-07-06 12:07:36'),(60396,8,60.00,0.00,'2025-07-06 12:07:36'),(60397,9,60.00,0.00,'2025-07-06 12:07:36'),(60398,10,60.00,0.71,'2025-07-06 12:07:36'),(60399,11,60.00,0.61,'2025-07-06 12:07:36'),(60400,12,60.00,0.10,'2025-07-06 12:07:36'),(60401,13,60.00,0.01,'2025-07-06 12:07:36'),(60402,1,77.99,1.97,'2025-07-06 12:08:02'),(60403,2,77.97,0.62,'2025-07-06 12:08:02'),(60404,3,77.94,0.50,'2025-07-06 12:08:02'),(60405,4,77.90,1.08,'2025-07-06 12:08:02'),(60406,5,77.85,1.87,'2025-07-06 12:08:02'),(60407,6,60.00,4.51,'2025-07-06 12:08:02'),(60408,7,60.00,4.75,'2025-07-06 12:08:02'),(60409,8,60.00,0.00,'2025-07-06 12:08:02'),(60410,9,60.00,0.00,'2025-07-06 12:08:02'),(60411,10,60.00,1.57,'2025-07-06 12:08:02'),(60412,11,60.00,0.12,'2025-07-06 12:08:02'),(60413,12,60.00,1.29,'2025-07-06 12:08:02'),(60414,13,60.00,0.60,'2025-07-06 12:08:02'),(60415,1,78.28,1.04,'2025-07-06 12:08:36'),(60416,2,78.25,1.58,'2025-07-06 12:08:36'),(60417,3,78.23,0.59,'2025-07-06 12:08:36'),(60418,4,78.19,1.97,'2025-07-06 12:08:36'),(60419,5,78.14,1.50,'2025-07-06 12:08:36'),(60420,6,60.00,4.18,'2025-07-06 12:08:36'),(60421,7,60.00,4.60,'2025-07-06 12:08:36'),(60422,8,60.00,0.00,'2025-07-06 12:08:36'),(60423,9,60.00,0.00,'2025-07-06 12:08:36'),(60424,10,60.00,0.96,'2025-07-06 12:08:36'),(60425,11,60.00,0.70,'2025-07-06 12:08:36'),(60426,12,60.00,0.33,'2025-07-06 12:08:36'),(60427,13,60.00,0.08,'2025-07-06 12:08:36'),(60428,1,78.49,1.82,'2025-07-06 12:09:02'),(60429,2,78.47,1.09,'2025-07-06 12:09:02'),(60430,3,78.45,0.64,'2025-07-06 12:09:02'),(60431,4,78.40,1.92,'2025-07-06 12:09:02'),(60432,5,78.35,0.50,'2025-07-06 12:09:02'),(60433,6,60.00,4.92,'2025-07-06 12:09:02'),(60434,7,60.00,4.15,'2025-07-06 12:09:02'),(60435,8,60.00,0.00,'2025-07-06 12:09:02'),(60436,9,60.00,0.00,'2025-07-06 12:09:02'),(60437,10,60.00,1.43,'2025-07-06 12:09:02'),(60438,11,60.00,0.20,'2025-07-06 12:09:02'),(60439,12,60.00,0.52,'2025-07-06 12:09:02'),(60440,13,60.00,0.99,'2025-07-06 12:09:02'),(60441,1,78.78,0.24,'2025-07-06 12:09:36'),(60442,2,78.75,1.84,'2025-07-06 12:09:36'),(60443,3,78.73,0.85,'2025-07-06 12:09:36'),(60444,4,78.69,1.56,'2025-07-06 12:09:36'),(60445,5,78.64,0.58,'2025-07-06 12:09:36'),(60446,6,60.00,4.56,'2025-07-06 12:09:36'),(60447,7,60.00,4.34,'2025-07-06 12:09:36'),(60448,8,60.00,0.00,'2025-07-06 12:09:36'),(60449,9,60.00,0.00,'2025-07-06 12:09:36'),(60450,10,60.00,1.05,'2025-07-06 12:09:36'),(60451,11,60.00,1.23,'2025-07-06 12:09:36'),(60452,12,60.00,0.29,'2025-07-06 12:09:36'),(60453,13,60.00,1.12,'2025-07-06 12:09:36'),(60454,1,78.99,1.71,'2025-07-06 12:10:02'),(60455,2,78.97,0.81,'2025-07-06 12:10:02'),(60456,3,78.94,0.06,'2025-07-06 12:10:02'),(60457,4,78.90,0.23,'2025-07-06 12:10:02'),(60458,5,78.85,1.56,'2025-07-06 12:10:02'),(60459,6,60.00,4.25,'2025-07-06 12:10:02'),(60460,7,60.00,4.33,'2025-07-06 12:10:02'),(60461,8,60.00,0.00,'2025-07-06 12:10:02'),(60462,9,60.00,0.00,'2025-07-06 12:10:02'),(60463,10,60.00,1.71,'2025-07-06 12:10:02'),(60464,11,60.00,0.23,'2025-07-06 12:10:02'),(60465,12,60.00,0.45,'2025-07-06 12:10:02'),(60466,13,60.00,0.47,'2025-07-06 12:10:02'),(60467,1,79.28,1.64,'2025-07-06 12:10:36'),(60468,2,79.25,1.29,'2025-07-06 12:10:36'),(60469,3,79.23,0.48,'2025-07-06 12:10:36'),(60470,4,79.19,0.89,'2025-07-06 12:10:36'),(60471,5,79.14,0.20,'2025-07-06 12:10:36'),(60472,6,60.00,4.57,'2025-07-06 12:10:36'),(60473,7,60.00,5.00,'2025-07-06 12:10:36'),(60474,8,60.00,0.00,'2025-07-06 12:10:36'),(60475,9,60.00,0.00,'2025-07-06 12:10:36'),(60476,10,60.00,1.01,'2025-07-06 12:10:36'),(60477,11,60.00,0.92,'2025-07-06 12:10:36'),(60478,12,60.00,1.28,'2025-07-06 12:10:36'),(60479,13,60.00,1.02,'2025-07-06 12:10:36'),(60480,1,79.49,1.81,'2025-07-06 12:11:02'),(60481,2,79.47,0.70,'2025-07-06 12:11:02'),(60482,3,79.44,1.20,'2025-07-06 12:11:02'),(60483,4,79.40,1.28,'2025-07-06 12:11:02'),(60484,5,79.35,0.98,'2025-07-06 12:11:02'),(60485,6,60.00,4.97,'2025-07-06 12:11:02'),(60486,7,60.00,4.43,'2025-07-06 12:11:02'),(60487,8,60.00,0.00,'2025-07-06 12:11:02'),(60488,9,60.00,0.00,'2025-07-06 12:11:02'),(60489,10,60.00,0.56,'2025-07-06 12:11:02'),(60490,11,60.00,1.59,'2025-07-06 12:11:02'),(60491,12,60.00,0.28,'2025-07-06 12:11:02'),(60492,13,60.00,1.67,'2025-07-06 12:11:02'),(60493,1,79.78,0.98,'2025-07-06 12:11:36'),(60494,2,79.75,0.39,'2025-07-06 12:11:36'),(60495,3,79.73,0.69,'2025-07-06 12:11:36'),(60496,4,79.69,1.89,'2025-07-06 12:11:36'),(60497,5,79.64,0.50,'2025-07-06 12:11:36'),(60498,6,60.00,4.81,'2025-07-06 12:11:36'),(60499,7,60.00,4.75,'2025-07-06 12:11:36'),(60500,8,60.00,0.00,'2025-07-06 12:11:36'),(60501,9,60.00,0.00,'2025-07-06 12:11:36'),(60502,10,60.00,1.66,'2025-07-06 12:11:36'),(60503,11,60.00,1.39,'2025-07-06 12:11:36'),(60504,12,60.00,1.86,'2025-07-06 12:11:36'),(60505,13,60.00,1.94,'2025-07-06 12:11:36'),(60506,1,79.99,0.07,'2025-07-06 12:12:02'),(60507,2,79.97,0.12,'2025-07-06 12:12:02'),(60508,3,79.94,1.73,'2025-07-06 12:12:02'),(60509,4,79.90,0.20,'2025-07-06 12:12:02'),(60510,5,79.85,1.37,'2025-07-06 12:12:02'),(60511,6,60.00,4.74,'2025-07-06 12:12:02'),(60512,7,60.00,4.57,'2025-07-06 12:12:02'),(60513,8,60.00,0.00,'2025-07-06 12:12:02'),(60514,9,60.00,0.00,'2025-07-06 12:12:02'),(60515,10,60.00,1.75,'2025-07-06 12:12:02'),(60516,11,60.00,1.45,'2025-07-06 12:12:02'),(60517,12,60.00,0.07,'2025-07-06 12:12:02'),(60518,13,60.00,0.13,'2025-07-06 12:12:02'),(60519,1,80.28,1.66,'2025-07-06 12:12:36'),(60520,2,80.25,1.71,'2025-07-06 12:12:36'),(60521,3,80.23,1.66,'2025-07-06 12:12:36'),(60522,4,80.19,0.08,'2025-07-06 12:12:36'),(60523,5,80.14,0.42,'2025-07-06 12:12:36'),(60524,6,60.00,4.06,'2025-07-06 12:12:36'),(60525,7,60.00,4.88,'2025-07-06 12:12:36'),(60526,8,60.00,0.00,'2025-07-06 12:12:36'),(60527,9,60.00,0.00,'2025-07-06 12:12:36'),(60528,10,60.00,0.37,'2025-07-06 12:12:36'),(60529,11,60.00,0.05,'2025-07-06 12:12:36'),(60530,12,60.00,1.94,'2025-07-06 12:12:36'),(60531,13,60.00,1.36,'2025-07-06 12:12:36'),(60532,1,80.49,1.36,'2025-07-06 12:13:02'),(60533,2,80.47,1.16,'2025-07-06 12:13:02'),(60534,3,80.45,0.96,'2025-07-06 12:13:02'),(60535,4,80.40,0.93,'2025-07-06 12:13:02'),(60536,5,80.35,0.36,'2025-07-06 12:13:02'),(60537,6,60.00,4.84,'2025-07-06 12:13:02'),(60538,7,60.00,4.82,'2025-07-06 12:13:02'),(60539,8,60.00,0.00,'2025-07-06 12:13:02'),(60540,9,60.00,0.00,'2025-07-06 12:13:02'),(60541,10,60.00,1.56,'2025-07-06 12:13:02'),(60542,11,60.00,1.45,'2025-07-06 12:13:02'),(60543,12,60.00,1.85,'2025-07-06 12:13:02'),(60544,13,60.00,0.66,'2025-07-06 12:13:02'),(60545,1,80.78,1.66,'2025-07-06 12:13:36'),(60546,2,80.75,1.53,'2025-07-06 12:13:36'),(60547,3,80.73,1.01,'2025-07-06 12:13:36'),(60548,4,80.69,0.51,'2025-07-06 12:13:36'),(60549,5,80.64,0.66,'2025-07-06 12:13:36'),(60550,6,60.00,4.24,'2025-07-06 12:13:36'),(60551,7,60.00,4.43,'2025-07-06 12:13:36'),(60552,8,60.00,0.00,'2025-07-06 12:13:36'),(60553,9,60.00,0.00,'2025-07-06 12:13:36'),(60554,10,60.00,1.84,'2025-07-06 12:13:36'),(60555,11,60.00,0.52,'2025-07-06 12:13:36'),(60556,12,60.00,1.06,'2025-07-06 12:13:36'),(60557,13,60.00,1.26,'2025-07-06 12:13:36'),(60558,1,80.99,1.73,'2025-07-06 12:14:02'),(60559,2,80.97,0.61,'2025-07-06 12:14:02'),(60560,3,80.94,1.46,'2025-07-06 12:14:02'),(60561,4,80.90,0.78,'2025-07-06 12:14:02'),(60562,5,80.85,0.52,'2025-07-06 12:14:02'),(60563,6,60.00,4.07,'2025-07-06 12:14:02'),(60564,7,60.00,4.27,'2025-07-06 12:14:02'),(60565,8,60.00,0.00,'2025-07-06 12:14:02'),(60566,9,60.00,0.00,'2025-07-06 12:14:02'),(60567,10,60.00,1.95,'2025-07-06 12:14:02'),(60568,11,60.00,0.01,'2025-07-06 12:14:02'),(60569,12,60.00,1.35,'2025-07-06 12:14:02'),(60570,13,60.00,0.60,'2025-07-06 12:14:02'),(60571,1,81.28,0.16,'2025-07-06 12:14:36'),(60572,2,81.25,1.97,'2025-07-06 12:14:36'),(60573,3,81.23,1.76,'2025-07-06 12:14:36'),(60574,4,81.19,1.23,'2025-07-06 12:14:36'),(60575,5,81.14,1.06,'2025-07-06 12:14:36'),(60576,6,60.00,4.77,'2025-07-06 12:14:36'),(60577,7,60.00,4.22,'2025-07-06 12:14:36'),(60578,8,60.00,0.00,'2025-07-06 12:14:36'),(60579,9,60.00,0.00,'2025-07-06 12:14:36'),(60580,10,60.00,0.17,'2025-07-06 12:14:36'),(60581,11,60.00,0.93,'2025-07-06 12:14:36'),(60582,12,60.00,0.13,'2025-07-06 12:14:36'),(60583,13,60.00,1.11,'2025-07-06 12:14:36'),(60584,1,81.49,0.02,'2025-07-06 12:15:02'),(60585,2,81.47,1.92,'2025-07-06 12:15:02'),(60586,3,81.44,0.22,'2025-07-06 12:15:02'),(60587,4,81.40,0.72,'2025-07-06 12:15:02'),(60588,5,81.35,0.68,'2025-07-06 12:15:02'),(60589,6,60.00,4.07,'2025-07-06 12:15:02'),(60590,7,60.00,4.85,'2025-07-06 12:15:02'),(60591,8,60.00,0.00,'2025-07-06 12:15:02'),(60592,9,60.00,0.00,'2025-07-06 12:15:02'),(60593,10,60.00,0.89,'2025-07-06 12:15:02'),(60594,11,60.00,0.90,'2025-07-06 12:15:02'),(60595,12,60.00,0.46,'2025-07-06 12:15:02'),(60596,13,60.00,0.25,'2025-07-06 12:15:02'),(60597,1,81.78,0.69,'2025-07-06 12:15:36'),(60598,2,81.75,1.91,'2025-07-06 12:15:36'),(60599,3,81.73,0.25,'2025-07-06 12:15:36'),(60600,4,81.69,0.70,'2025-07-06 12:15:36'),(60601,5,81.64,0.55,'2025-07-06 12:15:36'),(60602,6,60.00,4.32,'2025-07-06 12:15:36'),(60603,7,60.00,4.72,'2025-07-06 12:15:36'),(60604,8,60.00,0.00,'2025-07-06 12:15:36'),(60605,9,60.00,0.00,'2025-07-06 12:15:36'),(60606,10,60.00,1.68,'2025-07-06 12:15:36'),(60607,11,60.00,1.71,'2025-07-06 12:15:36'),(60608,12,60.00,0.46,'2025-07-06 12:15:36'),(60609,13,60.00,1.94,'2025-07-06 12:15:36'),(60610,1,81.99,0.76,'2025-07-06 12:16:02'),(60611,2,81.97,1.81,'2025-07-06 12:16:02'),(60612,3,81.94,0.25,'2025-07-06 12:16:02'),(60613,4,81.90,0.81,'2025-07-06 12:16:02'),(60614,5,81.85,0.33,'2025-07-06 12:16:02'),(60615,6,60.00,4.99,'2025-07-06 12:16:02'),(60616,7,60.00,4.42,'2025-07-06 12:16:02'),(60617,8,60.00,0.00,'2025-07-06 12:16:02'),(60618,9,60.00,0.00,'2025-07-06 12:16:02'),(60619,10,60.00,1.20,'2025-07-06 12:16:02'),(60620,11,60.00,1.41,'2025-07-06 12:16:02'),(60621,12,60.00,0.21,'2025-07-06 12:16:02'),(60622,13,60.00,0.81,'2025-07-06 12:16:02'),(60623,1,82.28,1.94,'2025-07-06 12:16:36'),(60624,2,82.25,1.39,'2025-07-06 12:16:36'),(60625,3,82.23,1.50,'2025-07-06 12:16:36'),(60626,4,82.19,0.82,'2025-07-06 12:16:36'),(60627,5,82.14,0.08,'2025-07-06 12:16:36'),(60628,6,60.00,4.48,'2025-07-06 12:16:36'),(60629,7,60.00,4.10,'2025-07-06 12:16:36'),(60630,8,60.00,0.00,'2025-07-06 12:16:36'),(60631,9,60.00,0.00,'2025-07-06 12:16:36'),(60632,10,60.00,0.74,'2025-07-06 12:16:36'),(60633,11,60.00,0.93,'2025-07-06 12:16:36'),(60634,12,60.00,0.68,'2025-07-06 12:16:36'),(60635,13,60.00,1.37,'2025-07-06 12:16:36'),(60636,1,82.49,1.59,'2025-07-06 12:17:02'),(60637,2,82.47,1.74,'2025-07-06 12:17:02'),(60638,3,82.44,0.14,'2025-07-06 12:17:02'),(60639,4,82.40,0.46,'2025-07-06 12:17:02'),(60640,5,82.35,1.21,'2025-07-06 12:17:02'),(60641,6,60.00,4.16,'2025-07-06 12:17:02'),(60642,7,60.00,4.05,'2025-07-06 12:17:02'),(60643,8,60.00,0.00,'2025-07-06 12:17:02'),(60644,9,60.00,0.00,'2025-07-06 12:17:02'),(60645,10,60.00,1.63,'2025-07-06 12:17:02'),(60646,11,60.00,0.38,'2025-07-06 12:17:02'),(60647,12,60.00,1.60,'2025-07-06 12:17:02'),(60648,13,60.00,0.89,'2025-07-06 12:17:02'),(60649,1,82.71,0.46,'2025-07-06 12:17:29'),(60650,2,82.69,1.35,'2025-07-06 12:17:29'),(60651,3,82.67,1.65,'2025-07-06 12:17:29'),(60652,4,82.62,1.85,'2025-07-06 12:17:29'),(60653,5,82.57,1.26,'2025-07-06 12:17:29'),(60654,6,60.00,4.47,'2025-07-06 12:17:29'),(60655,7,60.00,4.37,'2025-07-06 12:17:29'),(60656,8,60.00,0.00,'2025-07-06 12:17:29'),(60657,9,60.00,0.00,'2025-07-06 12:17:29'),(60658,10,60.00,0.41,'2025-07-06 12:17:29'),(60659,11,60.00,0.33,'2025-07-06 12:17:29'),(60660,12,60.00,0.91,'2025-07-06 12:17:29'),(60661,13,60.00,0.68,'2025-07-06 12:17:29'),(60662,1,82.78,0.95,'2025-07-06 12:17:36'),(60663,2,82.75,1.65,'2025-07-06 12:17:36'),(60664,3,82.73,0.43,'2025-07-06 12:17:36'),(60665,4,82.69,1.20,'2025-07-06 12:17:36'),(60666,5,82.64,0.46,'2025-07-06 12:17:36'),(60667,6,60.00,4.66,'2025-07-06 12:17:36'),(60668,7,60.00,4.85,'2025-07-06 12:17:36'),(60669,8,60.00,0.00,'2025-07-06 12:17:36'),(60670,9,60.00,0.00,'2025-07-06 12:17:36'),(60671,10,60.00,1.26,'2025-07-06 12:17:36'),(60672,11,60.00,0.17,'2025-07-06 12:17:36'),(60673,12,60.00,0.03,'2025-07-06 12:17:36'),(60674,13,60.00,0.65,'2025-07-06 12:17:36'),(60675,1,83.21,0.61,'2025-07-06 12:18:29'),(60676,2,83.19,1.68,'2025-07-06 12:18:29'),(60677,3,83.16,0.09,'2025-07-06 12:18:29'),(60678,4,83.12,1.51,'2025-07-06 12:18:29'),(60679,5,83.07,1.06,'2025-07-06 12:18:29'),(60680,6,60.00,4.07,'2025-07-06 12:18:29'),(60681,7,60.00,4.69,'2025-07-06 12:18:29'),(60682,8,60.00,0.00,'2025-07-06 12:18:29'),(60683,9,60.00,0.00,'2025-07-06 12:18:29'),(60684,10,60.00,0.23,'2025-07-06 12:18:29'),(60685,11,60.00,1.52,'2025-07-06 12:18:29'),(60686,12,60.00,1.60,'2025-07-06 12:18:29'),(60687,13,60.00,0.83,'2025-07-06 12:18:29'),(60688,1,83.28,1.55,'2025-07-06 12:18:36'),(60689,2,83.25,0.72,'2025-07-06 12:18:36'),(60690,3,83.23,1.13,'2025-07-06 12:18:36'),(60691,4,83.19,1.99,'2025-07-06 12:18:36'),(60692,5,83.14,0.10,'2025-07-06 12:18:36'),(60693,6,60.00,4.14,'2025-07-06 12:18:36'),(60694,7,60.00,4.34,'2025-07-06 12:18:36'),(60695,8,60.00,0.00,'2025-07-06 12:18:36'),(60696,9,60.00,0.00,'2025-07-06 12:18:36'),(60697,10,60.00,1.59,'2025-07-06 12:18:36'),(60698,11,60.00,0.97,'2025-07-06 12:18:36'),(60699,12,60.00,1.36,'2025-07-06 12:18:36'),(60700,13,60.00,0.92,'2025-07-06 12:18:36'),(60701,1,83.71,0.11,'2025-07-06 12:19:29'),(60702,2,83.69,1.78,'2025-07-06 12:19:29'),(60703,3,83.66,1.53,'2025-07-06 12:19:29'),(60704,4,83.62,0.44,'2025-07-06 12:19:29'),(60705,5,83.57,0.45,'2025-07-06 12:19:29'),(60706,6,60.00,4.59,'2025-07-06 12:19:29'),(60707,7,60.00,4.55,'2025-07-06 12:19:29'),(60708,8,60.00,0.00,'2025-07-06 12:19:29'),(60709,9,60.00,0.00,'2025-07-06 12:19:29'),(60710,10,60.00,0.48,'2025-07-06 12:19:29'),(60711,11,60.00,1.18,'2025-07-06 12:19:29'),(60712,12,60.00,0.60,'2025-07-06 12:19:29'),(60713,13,60.00,0.40,'2025-07-06 12:19:29'),(60714,1,83.78,1.94,'2025-07-06 12:19:36'),(60715,2,83.75,0.32,'2025-07-06 12:19:36'),(60716,3,83.73,0.34,'2025-07-06 12:19:36'),(60717,4,83.69,1.20,'2025-07-06 12:19:36'),(60718,5,83.64,0.03,'2025-07-06 12:19:36'),(60719,6,60.00,4.68,'2025-07-06 12:19:36'),(60720,7,60.00,4.35,'2025-07-06 12:19:36'),(60721,8,60.00,0.00,'2025-07-06 12:19:36'),(60722,9,60.00,0.00,'2025-07-06 12:19:36'),(60723,10,60.00,0.85,'2025-07-06 12:19:36'),(60724,11,60.00,1.27,'2025-07-06 12:19:36'),(60725,12,60.00,1.87,'2025-07-06 12:19:36'),(60726,13,60.00,1.56,'2025-07-06 12:19:36'),(60727,1,84.21,0.66,'2025-07-06 12:20:29'),(60728,2,84.19,0.63,'2025-07-06 12:20:29'),(60729,3,84.16,1.52,'2025-07-06 12:20:29'),(60730,4,84.12,1.43,'2025-07-06 12:20:29'),(60731,5,84.07,0.93,'2025-07-06 12:20:29'),(60732,6,60.00,4.92,'2025-07-06 12:20:29'),(60733,7,60.00,4.33,'2025-07-06 12:20:29'),(60734,8,60.00,0.00,'2025-07-06 12:20:29'),(60735,9,60.00,0.00,'2025-07-06 12:20:29'),(60736,10,60.00,1.43,'2025-07-06 12:20:29'),(60737,11,60.00,1.46,'2025-07-06 12:20:29'),(60738,12,60.00,0.73,'2025-07-06 12:20:29'),(60739,13,60.00,0.02,'2025-07-06 12:20:29'),(60740,1,84.28,0.30,'2025-07-06 12:20:36'),(60741,2,84.25,1.27,'2025-07-06 12:20:36'),(60742,3,84.23,1.46,'2025-07-06 12:20:36'),(60743,4,84.19,0.05,'2025-07-06 12:20:36'),(60744,5,84.14,0.45,'2025-07-06 12:20:36'),(60745,6,60.00,4.17,'2025-07-06 12:20:36'),(60746,7,60.00,4.61,'2025-07-06 12:20:36'),(60747,8,60.00,0.00,'2025-07-06 12:20:36'),(60748,9,60.00,0.00,'2025-07-06 12:20:36'),(60749,10,60.00,0.89,'2025-07-06 12:20:36'),(60750,11,60.00,1.08,'2025-07-06 12:20:36'),(60751,12,60.00,0.92,'2025-07-06 12:20:36'),(60752,13,60.00,0.92,'2025-07-06 12:20:36'),(60753,1,84.71,0.71,'2025-07-06 12:21:29'),(60754,2,84.69,0.11,'2025-07-06 12:21:29'),(60755,3,84.66,1.63,'2025-07-06 12:21:29'),(60756,4,84.62,0.45,'2025-07-06 12:21:29'),(60757,5,84.57,1.59,'2025-07-06 12:21:29'),(60758,6,60.00,4.64,'2025-07-06 12:21:29'),(60759,7,60.00,4.10,'2025-07-06 12:21:29'),(60760,8,60.00,0.00,'2025-07-06 12:21:29'),(60761,9,60.00,0.00,'2025-07-06 12:21:29'),(60762,10,60.00,0.20,'2025-07-06 12:21:29'),(60763,11,60.00,1.86,'2025-07-06 12:21:29'),(60764,12,60.00,1.01,'2025-07-06 12:21:29'),(60765,13,60.00,1.05,'2025-07-06 12:21:29'),(60766,1,84.78,1.72,'2025-07-06 12:21:36'),(60767,2,84.75,0.61,'2025-07-06 12:21:36'),(60768,3,84.73,1.42,'2025-07-06 12:21:36'),(60769,4,84.69,0.85,'2025-07-06 12:21:36'),(60770,5,84.64,0.31,'2025-07-06 12:21:36'),(60771,6,60.00,4.13,'2025-07-06 12:21:36'),(60772,7,60.00,4.28,'2025-07-06 12:21:36'),(60773,8,60.00,0.00,'2025-07-06 12:21:36'),(60774,9,60.00,0.00,'2025-07-06 12:21:36'),(60775,10,60.00,1.25,'2025-07-06 12:21:36'),(60776,11,60.00,1.52,'2025-07-06 12:21:36'),(60777,12,60.00,0.41,'2025-07-06 12:21:36'),(60778,13,60.00,0.82,'2025-07-06 12:21:36'),(60779,1,85.21,0.17,'2025-07-06 12:22:29'),(60780,2,85.19,1.92,'2025-07-06 12:22:29'),(60781,3,85.16,1.90,'2025-07-06 12:22:29'),(60782,4,85.12,1.92,'2025-07-06 12:22:29'),(60783,5,85.07,0.21,'2025-07-06 12:22:29'),(60784,6,60.00,4.25,'2025-07-06 12:22:29'),(60785,7,60.00,4.65,'2025-07-06 12:22:29'),(60786,8,60.00,0.00,'2025-07-06 12:22:29'),(60787,9,60.00,0.00,'2025-07-06 12:22:29'),(60788,10,60.00,0.24,'2025-07-06 12:22:29'),(60789,11,60.00,0.55,'2025-07-06 12:22:29'),(60790,12,60.00,0.04,'2025-07-06 12:22:29'),(60791,13,60.00,0.81,'2025-07-06 12:22:29'),(60792,1,85.28,1.88,'2025-07-06 12:22:36'),(60793,2,85.25,0.70,'2025-07-06 12:22:36'),(60794,3,85.23,0.91,'2025-07-06 12:22:36'),(60795,4,85.19,0.97,'2025-07-06 12:22:36'),(60796,5,85.14,0.37,'2025-07-06 12:22:36'),(60797,6,60.00,4.70,'2025-07-06 12:22:36'),(60798,7,60.00,4.74,'2025-07-06 12:22:36'),(60799,8,60.00,0.00,'2025-07-06 12:22:36'),(60800,9,60.00,0.00,'2025-07-06 12:22:36'),(60801,10,60.00,0.22,'2025-07-06 12:22:36'),(60802,11,60.00,0.16,'2025-07-06 12:22:36'),(60803,12,60.00,1.59,'2025-07-06 12:22:36'),(60804,13,60.00,0.37,'2025-07-06 12:22:36'),(60805,1,85.71,1.43,'2025-07-06 12:23:29'),(60806,2,85.69,1.72,'2025-07-06 12:23:29'),(60807,3,85.66,0.36,'2025-07-06 12:23:29'),(60808,4,85.62,1.54,'2025-07-06 12:23:29'),(60809,5,85.57,0.41,'2025-07-06 12:23:29'),(60810,6,60.00,4.34,'2025-07-06 12:23:29'),(60811,7,60.00,4.18,'2025-07-06 12:23:29'),(60812,8,60.00,0.00,'2025-07-06 12:23:29'),(60813,9,60.00,0.00,'2025-07-06 12:23:29'),(60814,10,60.00,0.58,'2025-07-06 12:23:29'),(60815,11,60.00,0.21,'2025-07-06 12:23:29'),(60816,12,60.00,1.27,'2025-07-06 12:23:29'),(60817,13,60.00,1.20,'2025-07-06 12:23:29'),(60818,1,85.78,1.31,'2025-07-06 12:23:36'),(60819,2,85.75,0.00,'2025-07-06 12:23:36'),(60820,3,85.73,1.78,'2025-07-06 12:23:36'),(60821,4,85.69,1.72,'2025-07-06 12:23:36'),(60822,5,85.64,1.11,'2025-07-06 12:23:36'),(60823,6,60.00,4.47,'2025-07-06 12:23:36'),(60824,7,60.00,4.82,'2025-07-06 12:23:36'),(60825,8,60.00,0.00,'2025-07-06 12:23:36'),(60826,9,60.00,0.00,'2025-07-06 12:23:36'),(60827,10,60.00,0.65,'2025-07-06 12:23:36'),(60828,11,60.00,1.35,'2025-07-06 12:23:36'),(60829,12,60.00,0.98,'2025-07-06 12:23:36'),(60830,13,60.00,1.32,'2025-07-06 12:23:36'),(60831,1,86.21,0.81,'2025-07-06 12:24:29'),(60832,2,86.19,0.14,'2025-07-06 12:24:29'),(60833,3,86.16,1.72,'2025-07-06 12:24:29'),(60834,4,86.12,0.91,'2025-07-06 12:24:29'),(60835,5,86.07,0.97,'2025-07-06 12:24:29'),(60836,6,60.00,4.28,'2025-07-06 12:24:29'),(60837,7,60.00,4.74,'2025-07-06 12:24:29'),(60838,8,60.00,0.00,'2025-07-06 12:24:29'),(60839,9,60.00,0.00,'2025-07-06 12:24:29'),(60840,10,60.00,0.82,'2025-07-06 12:24:29'),(60841,11,60.00,0.26,'2025-07-06 12:24:29'),(60842,12,60.00,1.22,'2025-07-06 12:24:29'),(60843,13,60.00,0.46,'2025-07-06 12:24:29'),(60844,1,86.28,1.80,'2025-07-06 12:24:36'),(60845,2,86.25,0.27,'2025-07-06 12:24:36'),(60846,3,86.23,0.34,'2025-07-06 12:24:36'),(60847,4,86.19,1.86,'2025-07-06 12:24:36'),(60848,5,86.14,0.99,'2025-07-06 12:24:36'),(60849,6,60.00,4.24,'2025-07-06 12:24:36'),(60850,7,60.00,4.41,'2025-07-06 12:24:36'),(60851,8,60.00,0.00,'2025-07-06 12:24:36'),(60852,9,60.00,0.00,'2025-07-06 12:24:36'),(60853,10,60.00,0.34,'2025-07-06 12:24:36'),(60854,11,60.00,1.44,'2025-07-06 12:24:36'),(60855,12,60.00,0.78,'2025-07-06 12:24:36'),(60856,13,60.00,1.33,'2025-07-06 12:24:36'),(60857,1,86.71,1.60,'2025-07-06 12:25:29'),(60858,2,86.69,1.16,'2025-07-06 12:25:29'),(60859,3,86.66,0.30,'2025-07-06 12:25:29'),(60860,4,86.62,1.93,'2025-07-06 12:25:29'),(60861,5,86.57,1.26,'2025-07-06 12:25:29'),(60862,6,60.00,4.72,'2025-07-06 12:25:29'),(60863,7,60.00,4.06,'2025-07-06 12:25:29'),(60864,8,60.00,0.00,'2025-07-06 12:25:29'),(60865,9,60.00,0.00,'2025-07-06 12:25:29'),(60866,10,60.00,0.47,'2025-07-06 12:25:29'),(60867,11,60.00,0.25,'2025-07-06 12:25:29'),(60868,12,60.00,1.70,'2025-07-06 12:25:29'),(60869,13,60.00,1.66,'2025-07-06 12:25:29'),(60870,1,86.78,1.42,'2025-07-06 12:25:36'),(60871,2,86.75,1.24,'2025-07-06 12:25:36'),(60872,3,86.73,1.70,'2025-07-06 12:25:36'),(60873,4,86.69,1.77,'2025-07-06 12:25:36'),(60874,5,86.64,1.58,'2025-07-06 12:25:36'),(60875,6,60.00,4.49,'2025-07-06 12:25:36'),(60876,7,60.00,4.40,'2025-07-06 12:25:36'),(60877,8,60.00,0.00,'2025-07-06 12:25:36'),(60878,9,60.00,0.00,'2025-07-06 12:25:36'),(60879,10,60.00,0.89,'2025-07-06 12:25:36'),(60880,11,60.00,0.52,'2025-07-06 12:25:36'),(60881,12,60.00,0.73,'2025-07-06 12:25:36'),(60882,13,60.00,1.47,'2025-07-06 12:25:36'),(60883,1,87.21,0.73,'2025-07-06 12:26:29'),(60884,2,87.19,1.77,'2025-07-06 12:26:29'),(60885,3,87.16,1.87,'2025-07-06 12:26:29'),(60886,4,87.12,0.49,'2025-07-06 12:26:29'),(60887,5,87.07,1.90,'2025-07-06 12:26:29'),(60888,6,60.00,4.33,'2025-07-06 12:26:29'),(60889,7,60.00,4.45,'2025-07-06 12:26:29'),(60890,8,60.00,0.00,'2025-07-06 12:26:29'),(60891,9,60.00,0.00,'2025-07-06 12:26:29'),(60892,10,60.00,1.90,'2025-07-06 12:26:29'),(60893,11,60.00,0.42,'2025-07-06 12:26:29'),(60894,12,60.00,1.76,'2025-07-06 12:26:29'),(60895,13,60.00,0.22,'2025-07-06 12:26:29'),(60896,1,87.28,0.23,'2025-07-06 12:26:36'),(60897,2,87.25,1.64,'2025-07-06 12:26:36'),(60898,3,87.23,1.85,'2025-07-06 12:26:36'),(60899,4,87.19,1.09,'2025-07-06 12:26:36'),(60900,5,87.14,0.52,'2025-07-06 12:26:36'),(60901,6,60.00,4.53,'2025-07-06 12:26:36'),(60902,7,60.00,4.62,'2025-07-06 12:26:36'),(60903,8,60.00,0.00,'2025-07-06 12:26:36'),(60904,9,60.00,0.00,'2025-07-06 12:26:36'),(60905,10,60.00,1.43,'2025-07-06 12:26:36'),(60906,11,60.00,0.14,'2025-07-06 12:26:36'),(60907,12,60.00,1.88,'2025-07-06 12:26:36'),(60908,13,60.00,0.53,'2025-07-06 12:26:36'),(60909,1,87.71,1.65,'2025-07-06 12:27:29'),(60910,2,87.69,0.07,'2025-07-06 12:27:29'),(60911,3,87.66,1.52,'2025-07-06 12:27:29'),(60912,4,87.62,1.63,'2025-07-06 12:27:29'),(60913,5,87.57,1.78,'2025-07-06 12:27:29'),(60914,6,60.00,4.75,'2025-07-06 12:27:29'),(60915,7,60.00,4.59,'2025-07-06 12:27:29'),(60916,8,60.00,0.00,'2025-07-06 12:27:29'),(60917,9,60.00,0.00,'2025-07-06 12:27:29'),(60918,10,60.00,0.61,'2025-07-06 12:27:29'),(60919,11,60.00,1.62,'2025-07-06 12:27:29'),(60920,12,60.00,1.19,'2025-07-06 12:27:29'),(60921,13,60.00,1.58,'2025-07-06 12:27:29'),(60922,1,87.78,1.95,'2025-07-06 12:27:36'),(60923,2,87.75,1.73,'2025-07-06 12:27:36'),(60924,3,87.73,1.82,'2025-07-06 12:27:36'),(60925,4,87.69,1.60,'2025-07-06 12:27:36'),(60926,5,87.64,0.70,'2025-07-06 12:27:36'),(60927,6,60.00,4.92,'2025-07-06 12:27:36'),(60928,7,60.00,4.35,'2025-07-06 12:27:36'),(60929,8,60.00,0.00,'2025-07-06 12:27:36'),(60930,9,60.00,0.00,'2025-07-06 12:27:36'),(60931,10,60.00,1.31,'2025-07-06 12:27:36'),(60932,11,60.00,1.77,'2025-07-06 12:27:36'),(60933,12,60.00,0.40,'2025-07-06 12:27:36'),(60934,13,60.00,0.34,'2025-07-06 12:27:36'),(60935,1,88.21,1.70,'2025-07-06 12:28:29'),(60936,2,88.19,0.86,'2025-07-06 12:28:29'),(60937,3,88.16,0.40,'2025-07-06 12:28:29'),(60938,4,88.12,1.28,'2025-07-06 12:28:29'),(60939,5,88.07,0.20,'2025-07-06 12:28:29'),(60940,6,60.00,4.04,'2025-07-06 12:28:29'),(60941,7,60.00,4.85,'2025-07-06 12:28:29'),(60942,8,60.00,0.00,'2025-07-06 12:28:29'),(60943,9,60.00,0.00,'2025-07-06 12:28:29'),(60944,10,60.00,0.72,'2025-07-06 12:28:29'),(60945,11,60.00,1.75,'2025-07-06 12:28:29'),(60946,12,60.00,0.21,'2025-07-06 12:28:29'),(60947,13,60.00,1.52,'2025-07-06 12:28:29'),(60948,1,88.28,0.16,'2025-07-06 12:28:36'),(60949,2,88.25,0.78,'2025-07-06 12:28:36'),(60950,3,88.23,1.16,'2025-07-06 12:28:36'),(60951,4,88.19,1.07,'2025-07-06 12:28:36'),(60952,5,88.14,1.41,'2025-07-06 12:28:36'),(60953,6,60.00,4.41,'2025-07-06 12:28:36'),(60954,7,60.00,4.75,'2025-07-06 12:28:36'),(60955,8,60.00,0.00,'2025-07-06 12:28:36'),(60956,9,60.00,0.00,'2025-07-06 12:28:36'),(60957,10,60.00,1.58,'2025-07-06 12:28:36'),(60958,11,60.00,1.51,'2025-07-06 12:28:36'),(60959,12,60.00,1.61,'2025-07-06 12:28:36'),(60960,13,60.00,1.99,'2025-07-06 12:28:36'),(60961,1,88.71,1.89,'2025-07-06 12:29:29'),(60962,2,88.69,1.88,'2025-07-06 12:29:29'),(60963,3,88.66,1.17,'2025-07-06 12:29:29'),(60964,4,88.62,1.36,'2025-07-06 12:29:29'),(60965,5,88.57,1.43,'2025-07-06 12:29:29'),(60966,6,60.00,4.14,'2025-07-06 12:29:29'),(60967,7,60.00,4.84,'2025-07-06 12:29:29'),(60968,8,60.00,0.00,'2025-07-06 12:29:29'),(60969,9,60.00,0.00,'2025-07-06 12:29:29'),(60970,10,60.00,0.36,'2025-07-06 12:29:29'),(60971,11,60.00,0.06,'2025-07-06 12:29:29'),(60972,12,60.00,0.72,'2025-07-06 12:29:29'),(60973,13,60.00,1.69,'2025-07-06 12:29:29'),(60974,1,88.78,1.01,'2025-07-06 12:29:36'),(60975,2,88.75,1.08,'2025-07-06 12:29:36'),(60976,3,88.73,1.90,'2025-07-06 12:29:36'),(60977,4,88.69,0.44,'2025-07-06 12:29:36'),(60978,5,88.64,1.65,'2025-07-06 12:29:36'),(60979,6,60.00,4.71,'2025-07-06 12:29:36'),(60980,7,60.00,4.70,'2025-07-06 12:29:36'),(60981,8,60.00,0.00,'2025-07-06 12:29:36'),(60982,9,60.00,0.00,'2025-07-06 12:29:36'),(60983,10,60.00,1.36,'2025-07-06 12:29:36'),(60984,11,60.00,1.90,'2025-07-06 12:29:36'),(60985,12,60.00,1.81,'2025-07-06 12:29:36'),(60986,13,60.00,0.90,'2025-07-06 12:29:36'),(60987,1,89.21,0.72,'2025-07-06 12:30:29'),(60988,2,89.19,1.48,'2025-07-06 12:30:29'),(60989,3,89.16,1.78,'2025-07-06 12:30:29'),(60990,4,89.12,1.71,'2025-07-06 12:30:29'),(60991,5,89.07,0.49,'2025-07-06 12:30:29'),(60992,6,60.00,4.02,'2025-07-06 12:30:29'),(60993,7,60.00,4.24,'2025-07-06 12:30:29'),(60994,8,60.00,0.00,'2025-07-06 12:30:29'),(60995,9,60.00,0.00,'2025-07-06 12:30:29'),(60996,10,60.00,0.66,'2025-07-06 12:30:29'),(60997,11,60.00,0.07,'2025-07-06 12:30:29'),(60998,12,60.00,0.76,'2025-07-06 12:30:29'),(60999,13,60.00,0.67,'2025-07-06 12:30:29'),(61000,1,89.28,1.58,'2025-07-06 12:30:36'),(61001,2,89.25,1.52,'2025-07-06 12:30:36'),(61002,3,89.23,1.90,'2025-07-06 12:30:36'),(61003,4,89.19,0.67,'2025-07-06 12:30:36'),(61004,5,89.14,1.82,'2025-07-06 12:30:36'),(61005,6,60.00,4.73,'2025-07-06 12:30:36'),(61006,7,60.00,4.90,'2025-07-06 12:30:36'),(61007,8,60.00,0.00,'2025-07-06 12:30:36'),(61008,9,60.00,0.00,'2025-07-06 12:30:36'),(61009,10,60.00,1.03,'2025-07-06 12:30:36'),(61010,11,60.00,0.83,'2025-07-06 12:30:36'),(61011,12,60.00,1.07,'2025-07-06 12:30:36'),(61012,13,60.00,0.96,'2025-07-06 12:30:36'),(61013,1,89.71,0.73,'2025-07-06 12:31:29'),(61014,2,89.69,0.30,'2025-07-06 12:31:29'),(61015,3,89.66,1.11,'2025-07-06 12:31:29'),(61016,4,89.62,1.31,'2025-07-06 12:31:29'),(61017,5,89.57,0.03,'2025-07-06 12:31:29'),(61018,6,60.00,4.59,'2025-07-06 12:31:29'),(61019,7,60.00,4.90,'2025-07-06 12:31:29'),(61020,8,60.00,0.00,'2025-07-06 12:31:29'),(61021,9,60.00,0.00,'2025-07-06 12:31:29'),(61022,10,60.00,1.21,'2025-07-06 12:31:29'),(61023,11,60.00,1.53,'2025-07-06 12:31:29'),(61024,12,60.00,0.08,'2025-07-06 12:31:29'),(61025,13,60.00,0.16,'2025-07-06 12:31:29'),(61026,1,89.78,0.18,'2025-07-06 12:31:36'),(61027,2,89.75,0.26,'2025-07-06 12:31:36'),(61028,3,89.73,1.19,'2025-07-06 12:31:36'),(61029,4,89.69,1.77,'2025-07-06 12:31:36'),(61030,5,89.64,0.88,'2025-07-06 12:31:36'),(61031,6,60.00,4.98,'2025-07-06 12:31:36'),(61032,7,60.00,4.03,'2025-07-06 12:31:36'),(61033,8,60.00,0.00,'2025-07-06 12:31:36'),(61034,9,60.00,0.00,'2025-07-06 12:31:36'),(61035,10,60.00,0.73,'2025-07-06 12:31:36'),(61036,11,60.00,0.15,'2025-07-06 12:31:36'),(61037,12,60.00,0.19,'2025-07-06 12:31:36'),(61038,13,60.00,0.63,'2025-07-06 12:31:36'),(61039,1,90.21,0.48,'2025-07-06 12:32:29'),(61040,2,90.19,0.77,'2025-07-06 12:32:29'),(61041,3,90.16,0.49,'2025-07-06 12:32:29'),(61042,4,90.12,1.61,'2025-07-06 12:32:29'),(61043,5,90.07,0.62,'2025-07-06 12:32:29'),(61044,6,60.00,4.96,'2025-07-06 12:32:29'),(61045,7,60.00,4.54,'2025-07-06 12:32:29'),(61046,8,60.00,0.00,'2025-07-06 12:32:29'),(61047,9,60.00,0.00,'2025-07-06 12:32:29'),(61048,10,60.00,1.77,'2025-07-06 12:32:29'),(61049,11,60.00,1.89,'2025-07-06 12:32:29'),(61050,12,60.00,0.89,'2025-07-06 12:32:29'),(61051,13,60.00,1.57,'2025-07-06 12:32:29'),(61052,1,90.28,1.72,'2025-07-06 12:32:36'),(61053,2,90.25,1.47,'2025-07-06 12:32:36'),(61054,3,90.23,0.28,'2025-07-06 12:32:36'),(61055,4,90.19,1.02,'2025-07-06 12:32:36'),(61056,5,90.14,1.95,'2025-07-06 12:32:36'),(61057,6,60.00,4.06,'2025-07-06 12:32:36'),(61058,7,60.00,4.36,'2025-07-06 12:32:36'),(61059,8,60.00,0.00,'2025-07-06 12:32:36'),(61060,9,60.00,0.00,'2025-07-06 12:32:36'),(61061,10,60.00,0.32,'2025-07-06 12:32:36'),(61062,11,60.00,0.05,'2025-07-06 12:32:36'),(61063,12,60.00,0.51,'2025-07-06 12:32:36'),(61064,13,60.00,0.49,'2025-07-06 12:32:36'),(61065,1,90.71,0.07,'2025-07-06 12:33:29'),(61066,2,90.69,1.07,'2025-07-06 12:33:29'),(61067,3,90.66,0.26,'2025-07-06 12:33:29'),(61068,4,90.62,1.16,'2025-07-06 12:33:29'),(61069,5,90.57,1.30,'2025-07-06 12:33:29'),(61070,6,60.00,4.22,'2025-07-06 12:33:29'),(61071,7,60.00,4.83,'2025-07-06 12:33:29'),(61072,8,60.00,0.00,'2025-07-06 12:33:29'),(61073,9,60.00,0.00,'2025-07-06 12:33:29'),(61074,10,60.00,0.15,'2025-07-06 12:33:29'),(61075,11,60.00,1.73,'2025-07-06 12:33:29'),(61076,12,60.00,0.34,'2025-07-06 12:33:29'),(61077,13,60.00,0.97,'2025-07-06 12:33:29'),(61078,1,90.78,1.49,'2025-07-06 12:33:36'),(61079,2,90.75,0.42,'2025-07-06 12:33:36'),(61080,3,90.73,0.04,'2025-07-06 12:33:36'),(61081,4,90.69,1.95,'2025-07-06 12:33:36'),(61082,5,90.64,1.11,'2025-07-06 12:33:36'),(61083,6,60.00,4.43,'2025-07-06 12:33:36'),(61084,7,60.00,4.03,'2025-07-06 12:33:36'),(61085,8,60.00,0.00,'2025-07-06 12:33:36'),(61086,9,60.00,0.00,'2025-07-06 12:33:36'),(61087,10,60.00,0.47,'2025-07-06 12:33:36'),(61088,11,60.00,1.26,'2025-07-06 12:33:36'),(61089,12,60.00,1.05,'2025-07-06 12:33:36'),(61090,13,60.00,0.71,'2025-07-06 12:33:36'),(61091,1,91.21,0.88,'2025-07-06 12:34:29'),(61092,2,91.19,0.52,'2025-07-06 12:34:29'),(61093,3,91.16,1.83,'2025-07-06 12:34:29'),(61094,4,91.12,0.35,'2025-07-06 12:34:29'),(61095,5,91.07,0.11,'2025-07-06 12:34:29'),(61096,6,60.00,4.24,'2025-07-06 12:34:29'),(61097,7,60.00,4.19,'2025-07-06 12:34:29'),(61098,8,60.00,0.00,'2025-07-06 12:34:29'),(61099,9,60.00,0.00,'2025-07-06 12:34:29'),(61100,10,60.00,0.15,'2025-07-06 12:34:29'),(61101,11,60.00,0.97,'2025-07-06 12:34:29'),(61102,12,60.00,1.63,'2025-07-06 12:34:29'),(61103,13,60.00,0.81,'2025-07-06 12:34:29'),(61104,1,91.28,0.67,'2025-07-06 12:34:36'),(61105,2,91.25,0.45,'2025-07-06 12:34:36'),(61106,3,91.23,1.48,'2025-07-06 12:34:36'),(61107,4,91.19,1.83,'2025-07-06 12:34:36'),(61108,5,91.14,0.84,'2025-07-06 12:34:36'),(61109,6,60.00,4.98,'2025-07-06 12:34:36'),(61110,7,60.00,4.33,'2025-07-06 12:34:36'),(61111,8,60.00,0.00,'2025-07-06 12:34:36'),(61112,9,60.00,0.00,'2025-07-06 12:34:36'),(61113,10,60.00,1.43,'2025-07-06 12:34:36'),(61114,11,60.00,0.21,'2025-07-06 12:34:36'),(61115,12,60.00,0.18,'2025-07-06 12:34:36'),(61116,13,60.00,0.97,'2025-07-06 12:34:36'),(61117,1,91.71,1.64,'2025-07-06 12:35:29'),(61118,2,91.69,1.12,'2025-07-06 12:35:29'),(61119,3,91.66,0.20,'2025-07-06 12:35:29'),(61120,4,91.62,1.56,'2025-07-06 12:35:29'),(61121,5,91.57,0.77,'2025-07-06 12:35:29'),(61122,6,60.00,4.33,'2025-07-06 12:35:29'),(61123,7,60.00,4.58,'2025-07-06 12:35:29'),(61124,8,60.00,0.00,'2025-07-06 12:35:29'),(61125,9,60.00,0.00,'2025-07-06 12:35:29'),(61126,10,60.00,1.27,'2025-07-06 12:35:29'),(61127,11,60.00,1.42,'2025-07-06 12:35:29'),(61128,12,60.00,0.76,'2025-07-06 12:35:29'),(61129,13,60.00,0.94,'2025-07-06 12:35:29'),(61130,1,91.78,0.42,'2025-07-06 12:35:36'),(61131,2,91.75,0.59,'2025-07-06 12:35:36'),(61132,3,91.73,1.17,'2025-07-06 12:35:36'),(61133,4,91.69,0.04,'2025-07-06 12:35:36'),(61134,5,91.64,1.14,'2025-07-06 12:35:36'),(61135,6,60.00,4.61,'2025-07-06 12:35:36'),(61136,7,60.00,4.27,'2025-07-06 12:35:36'),(61137,8,60.00,0.00,'2025-07-06 12:35:36'),(61138,9,60.00,0.00,'2025-07-06 12:35:36'),(61139,10,60.00,0.80,'2025-07-06 12:35:36'),(61140,11,60.00,1.07,'2025-07-06 12:35:36'),(61141,12,60.00,1.69,'2025-07-06 12:35:36'),(61142,13,60.00,0.50,'2025-07-06 12:35:36'),(61143,1,92.21,1.36,'2025-07-06 12:36:29'),(61144,2,92.19,0.73,'2025-07-06 12:36:29'),(61145,3,92.16,0.13,'2025-07-06 12:36:29'),(61146,4,92.12,0.74,'2025-07-06 12:36:29'),(61147,5,92.07,1.25,'2025-07-06 12:36:29'),(61148,6,60.00,4.96,'2025-07-06 12:36:29'),(61149,7,60.00,4.38,'2025-07-06 12:36:29'),(61150,8,60.00,0.00,'2025-07-06 12:36:29'),(61151,9,60.00,0.00,'2025-07-06 12:36:29'),(61152,10,60.00,0.17,'2025-07-06 12:36:29'),(61153,11,60.00,0.45,'2025-07-06 12:36:29'),(61154,12,49.41,0.59,'2025-07-06 12:36:29'),(61155,13,60.00,0.82,'2025-07-06 12:36:29'),(61156,1,92.28,0.11,'2025-07-06 12:36:36'),(61157,2,92.25,1.02,'2025-07-06 12:36:36'),(61158,3,92.23,0.94,'2025-07-06 12:36:36'),(61159,4,92.19,0.69,'2025-07-06 12:36:36'),(61160,5,92.14,1.48,'2025-07-06 12:36:36'),(61161,6,60.00,4.31,'2025-07-06 12:36:36'),(61162,7,60.00,4.37,'2025-07-06 12:36:36'),(61163,8,60.00,0.00,'2025-07-06 12:36:36'),(61164,9,60.00,0.00,'2025-07-06 12:36:36'),(61165,10,60.00,0.36,'2025-07-06 12:36:36'),(61166,11,60.00,1.20,'2025-07-06 12:36:36'),(61167,12,49.47,1.14,'2025-07-06 12:36:36'),(61168,13,60.00,1.73,'2025-07-06 12:36:36'),(61169,1,92.71,1.15,'2025-07-06 12:37:29'),(61170,2,92.69,1.09,'2025-07-06 12:37:29'),(61171,3,92.66,1.06,'2025-07-06 12:37:29'),(61172,4,92.62,0.15,'2025-07-06 12:37:29'),(61173,5,92.57,0.86,'2025-07-06 12:37:29'),(61174,6,60.00,4.89,'2025-07-06 12:37:29'),(61175,7,60.00,4.76,'2025-07-06 12:37:29'),(61176,8,60.00,0.00,'2025-07-06 12:37:29'),(61177,9,60.00,0.00,'2025-07-06 12:37:29'),(61178,10,60.00,1.39,'2025-07-06 12:37:29'),(61179,11,60.00,1.28,'2025-07-06 12:37:29'),(61180,12,49.91,1.82,'2025-07-06 12:37:29'),(61181,13,60.00,0.10,'2025-07-06 12:37:29'),(61182,1,92.78,0.44,'2025-07-06 12:37:36'),(61183,2,92.75,0.64,'2025-07-06 12:37:36'),(61184,3,92.73,1.32,'2025-07-06 12:37:36'),(61185,4,92.69,0.26,'2025-07-06 12:37:36'),(61186,5,92.64,1.54,'2025-07-06 12:37:36'),(61187,6,60.00,4.12,'2025-07-06 12:37:36'),(61188,7,60.00,4.62,'2025-07-06 12:37:36'),(61189,8,60.00,0.00,'2025-07-06 12:37:36'),(61190,9,60.00,0.00,'2025-07-06 12:37:36'),(61191,10,60.00,1.33,'2025-07-06 12:37:36'),(61192,11,60.00,1.58,'2025-07-06 12:37:36'),(61193,12,49.97,0.92,'2025-07-06 12:37:36'),(61194,13,60.00,1.26,'2025-07-06 12:37:36'),(61195,1,93.21,0.29,'2025-07-06 12:38:29'),(61196,2,93.19,0.18,'2025-07-06 12:38:29'),(61197,3,93.16,1.86,'2025-07-06 12:38:29'),(61198,4,93.12,1.18,'2025-07-06 12:38:29'),(61199,5,93.07,1.52,'2025-07-06 12:38:29'),(61200,6,60.00,4.54,'2025-07-06 12:38:29'),(61201,7,60.00,4.85,'2025-07-06 12:38:29'),(61202,8,60.00,0.00,'2025-07-06 12:38:29'),(61203,9,60.00,0.00,'2025-07-06 12:38:29'),(61204,10,60.00,0.18,'2025-07-06 12:38:29'),(61205,11,60.00,1.95,'2025-07-06 12:38:29'),(61206,12,50.41,0.97,'2025-07-06 12:38:29'),(61207,13,60.00,1.63,'2025-07-06 12:38:29'),(61208,1,93.28,1.42,'2025-07-06 12:38:36'),(61209,2,93.25,1.02,'2025-07-06 12:38:36'),(61210,3,93.23,0.82,'2025-07-06 12:38:36'),(61211,4,93.19,0.92,'2025-07-06 12:38:36'),(61212,5,93.14,0.24,'2025-07-06 12:38:36'),(61213,6,60.00,4.92,'2025-07-06 12:38:36'),(61214,7,60.00,4.20,'2025-07-06 12:38:36'),(61215,8,60.00,0.00,'2025-07-06 12:38:36'),(61216,9,60.00,0.00,'2025-07-06 12:38:36'),(61217,10,60.00,0.31,'2025-07-06 12:38:36'),(61218,11,60.00,1.81,'2025-07-06 12:38:36'),(61219,12,50.47,1.08,'2025-07-06 12:38:36'),(61220,13,60.00,0.60,'2025-07-06 12:38:36'),(61221,1,93.30,0.86,'2025-07-06 12:38:40'),(61222,2,93.28,1.85,'2025-07-06 12:38:40'),(61223,3,93.26,0.76,'2025-07-06 12:38:40'),(61224,4,93.21,1.55,'2025-07-06 12:38:40'),(61225,5,93.16,1.52,'2025-07-06 12:38:40'),(61226,6,60.00,4.66,'2025-07-06 12:38:40'),(61227,7,60.00,4.48,'2025-07-06 12:38:40'),(61228,8,60.00,0.00,'2025-07-06 12:38:40'),(61229,9,60.00,0.00,'2025-07-06 12:38:40'),(61230,10,60.00,1.78,'2025-07-06 12:38:40'),(61231,11,60.00,1.23,'2025-07-06 12:38:40'),(61232,12,50.50,1.98,'2025-07-06 12:38:40'),(61233,13,60.00,1.27,'2025-07-06 12:38:40'),(61234,1,93.78,1.25,'2025-07-06 12:39:36'),(61235,2,93.75,1.91,'2025-07-06 12:39:36'),(61236,3,93.73,1.22,'2025-07-06 12:39:36'),(61237,4,93.69,1.23,'2025-07-06 12:39:36'),(61238,5,93.64,0.54,'2025-07-06 12:39:36'),(61239,6,60.00,4.39,'2025-07-06 12:39:36'),(61240,7,60.00,4.03,'2025-07-06 12:39:36'),(61241,8,60.00,0.00,'2025-07-06 12:39:36'),(61242,9,60.00,0.00,'2025-07-06 12:39:36'),(61243,10,60.00,0.52,'2025-07-06 12:39:36'),(61244,11,60.00,0.68,'2025-07-06 12:39:36'),(61245,12,50.97,0.27,'2025-07-06 12:39:36'),(61246,13,60.00,1.45,'2025-07-06 12:39:36'),(61247,1,93.80,1.34,'2025-07-06 12:39:40'),(61248,2,93.78,0.88,'2025-07-06 12:39:40'),(61249,3,93.75,0.15,'2025-07-06 12:39:40'),(61250,4,93.71,1.01,'2025-07-06 12:39:40'),(61251,5,93.66,0.83,'2025-07-06 12:39:40'),(61252,6,60.00,4.23,'2025-07-06 12:39:40'),(61253,7,60.00,4.71,'2025-07-06 12:39:40'),(61254,8,60.00,0.00,'2025-07-06 12:39:40'),(61255,9,60.00,0.00,'2025-07-06 12:39:40'),(61256,10,60.00,0.42,'2025-07-06 12:39:40'),(61257,11,60.00,0.64,'2025-07-06 12:39:40'),(61258,12,51.00,0.78,'2025-07-06 12:39:40'),(61259,13,60.00,1.13,'2025-07-06 12:39:40'),(61260,1,94.28,1.30,'2025-07-06 12:40:36'),(61261,2,94.25,1.51,'2025-07-06 12:40:36'),(61262,3,94.23,0.20,'2025-07-06 12:40:36'),(61263,4,94.19,1.60,'2025-07-06 12:40:36'),(61264,5,94.14,0.34,'2025-07-06 12:40:36'),(61265,6,60.00,4.92,'2025-07-06 12:40:36'),(61266,7,60.00,4.58,'2025-07-06 12:40:36'),(61267,8,60.00,0.00,'2025-07-06 12:40:36'),(61268,9,60.00,0.00,'2025-07-06 12:40:36'),(61269,10,60.00,0.86,'2025-07-06 12:40:36'),(61270,11,60.00,0.67,'2025-07-06 12:40:36'),(61271,12,51.47,0.18,'2025-07-06 12:40:36'),(61272,13,60.00,0.26,'2025-07-06 12:40:36'),(61273,1,94.30,0.40,'2025-07-06 12:40:40'),(61274,2,94.28,1.22,'2025-07-06 12:40:40'),(61275,3,94.25,1.52,'2025-07-06 12:40:40'),(61276,4,94.21,0.28,'2025-07-06 12:40:40'),(61277,5,94.16,0.66,'2025-07-06 12:40:40'),(61278,6,60.00,4.81,'2025-07-06 12:40:40'),(61279,7,60.00,4.81,'2025-07-06 12:40:40'),(61280,8,60.00,0.00,'2025-07-06 12:40:40'),(61281,9,60.00,0.00,'2025-07-06 12:40:40'),(61282,10,60.00,1.85,'2025-07-06 12:40:40'),(61283,11,60.00,1.09,'2025-07-06 12:40:40'),(61284,12,51.50,1.23,'2025-07-06 12:40:40'),(61285,13,60.00,0.62,'2025-07-06 12:40:40'),(61286,1,94.78,1.28,'2025-07-06 12:41:36'),(61287,2,94.75,1.56,'2025-07-06 12:41:36'),(61288,3,94.73,1.55,'2025-07-06 12:41:36'),(61289,4,94.69,0.39,'2025-07-06 12:41:36'),(61290,5,94.64,1.36,'2025-07-06 12:41:36'),(61291,6,60.00,4.91,'2025-07-06 12:41:36'),(61292,7,60.00,4.55,'2025-07-06 12:41:36'),(61293,8,60.00,0.00,'2025-07-06 12:41:36'),(61294,9,60.00,0.00,'2025-07-06 12:41:36'),(61295,10,60.00,1.11,'2025-07-06 12:41:36'),(61296,11,60.00,1.52,'2025-07-06 12:41:36'),(61297,12,51.97,1.05,'2025-07-06 12:41:36'),(61298,13,60.00,0.30,'2025-07-06 12:41:36'),(61299,1,94.80,1.90,'2025-07-06 12:41:40'),(61300,2,94.78,1.05,'2025-07-06 12:41:40'),(61301,3,94.75,0.91,'2025-07-06 12:41:40'),(61302,4,94.71,1.83,'2025-07-06 12:41:40'),(61303,5,94.66,1.61,'2025-07-06 12:41:40'),(61304,6,60.00,4.89,'2025-07-06 12:41:40'),(61305,7,60.00,4.67,'2025-07-06 12:41:40'),(61306,8,60.00,0.00,'2025-07-06 12:41:40'),(61307,9,60.00,0.00,'2025-07-06 12:41:40'),(61308,10,60.00,0.49,'2025-07-06 12:41:40'),(61309,11,60.00,1.17,'2025-07-06 12:41:40'),(61310,12,52.00,1.92,'2025-07-06 12:41:40'),(61311,13,60.00,1.40,'2025-07-06 12:41:40'),(61312,1,95.28,1.53,'2025-07-06 12:42:36'),(61313,2,95.25,0.79,'2025-07-06 12:42:36'),(61314,3,95.23,1.39,'2025-07-06 12:42:36'),(61315,4,95.19,1.50,'2025-07-06 12:42:36'),(61316,5,95.14,0.74,'2025-07-06 12:42:36'),(61317,6,60.00,4.33,'2025-07-06 12:42:36'),(61318,7,60.00,4.72,'2025-07-06 12:42:36'),(61319,8,60.00,0.00,'2025-07-06 12:42:36'),(61320,9,60.00,0.00,'2025-07-06 12:42:36'),(61321,10,60.00,2.00,'2025-07-06 12:42:36'),(61322,11,60.00,0.22,'2025-07-06 12:42:36'),(61323,12,52.47,0.06,'2025-07-06 12:42:36'),(61324,13,60.00,1.09,'2025-07-06 12:42:36'),(61325,1,95.30,1.05,'2025-07-06 12:42:40'),(61326,2,95.28,0.33,'2025-07-06 12:42:40'),(61327,3,95.25,0.66,'2025-07-06 12:42:40'),(61328,4,95.21,1.92,'2025-07-06 12:42:40'),(61329,5,95.16,0.29,'2025-07-06 12:42:40'),(61330,6,60.00,4.11,'2025-07-06 12:42:40'),(61331,7,60.00,4.55,'2025-07-06 12:42:40'),(61332,8,60.00,0.00,'2025-07-06 12:42:40'),(61333,9,60.00,0.00,'2025-07-06 12:42:40'),(61334,10,60.00,1.58,'2025-07-06 12:42:40'),(61335,11,60.00,1.22,'2025-07-06 12:42:40'),(61336,12,52.50,1.18,'2025-07-06 12:42:40'),(61337,13,60.00,1.86,'2025-07-06 12:42:40'),(61338,1,95.78,0.10,'2025-07-06 12:43:36'),(61339,2,95.75,1.40,'2025-07-06 12:43:36'),(61340,3,95.73,1.14,'2025-07-06 12:43:36'),(61341,4,95.69,1.85,'2025-07-06 12:43:36'),(61342,5,95.64,0.92,'2025-07-06 12:43:36'),(61343,6,60.00,4.20,'2025-07-06 12:43:36'),(61344,7,60.00,4.97,'2025-07-06 12:43:36'),(61345,8,60.00,0.00,'2025-07-06 12:43:36'),(61346,9,60.00,0.00,'2025-07-06 12:43:36'),(61347,10,60.00,1.12,'2025-07-06 12:43:36'),(61348,11,60.00,1.09,'2025-07-06 12:43:36'),(61349,12,52.97,1.09,'2025-07-06 12:43:36'),(61350,13,60.00,1.61,'2025-07-06 12:43:36'),(61351,1,95.80,1.60,'2025-07-06 12:43:40'),(61352,2,95.78,1.83,'2025-07-06 12:43:40'),(61353,3,95.75,1.29,'2025-07-06 12:43:40'),(61354,4,95.71,1.47,'2025-07-06 12:43:40'),(61355,5,95.66,0.19,'2025-07-06 12:43:40'),(61356,6,60.00,4.97,'2025-07-06 12:43:40'),(61357,7,60.00,4.29,'2025-07-06 12:43:40'),(61358,8,60.00,0.00,'2025-07-06 12:43:40'),(61359,9,60.00,0.00,'2025-07-06 12:43:40'),(61360,10,60.00,1.94,'2025-07-06 12:43:40'),(61361,11,60.00,0.66,'2025-07-06 12:43:40'),(61362,12,53.00,0.52,'2025-07-06 12:43:40'),(61363,13,60.00,1.63,'2025-07-06 12:43:40'),(61364,1,96.28,0.81,'2025-07-06 12:44:36'),(61365,2,96.25,0.54,'2025-07-06 12:44:36'),(61366,3,96.23,1.94,'2025-07-06 12:44:36'),(61367,4,96.19,0.25,'2025-07-06 12:44:36'),(61368,5,96.14,1.50,'2025-07-06 12:44:36'),(61369,6,60.00,4.53,'2025-07-06 12:44:36'),(61370,7,60.00,4.37,'2025-07-06 12:44:36'),(61371,8,60.00,0.00,'2025-07-06 12:44:36'),(61372,9,60.00,0.00,'2025-07-06 12:44:36'),(61373,10,60.00,1.69,'2025-07-06 12:44:36'),(61374,11,60.00,0.58,'2025-07-06 12:44:36'),(61375,12,53.47,1.88,'2025-07-06 12:44:36'),(61376,13,60.00,0.82,'2025-07-06 12:44:36'),(61377,1,96.30,0.18,'2025-07-06 12:44:40'),(61378,2,96.28,0.24,'2025-07-06 12:44:40'),(61379,3,96.25,0.62,'2025-07-06 12:44:40'),(61380,4,96.21,1.24,'2025-07-06 12:44:40'),(61381,5,96.16,1.07,'2025-07-06 12:44:40'),(61382,6,60.00,4.98,'2025-07-06 12:44:40'),(61383,7,60.00,4.52,'2025-07-06 12:44:40'),(61384,8,60.00,0.00,'2025-07-06 12:44:40'),(61385,9,60.00,0.00,'2025-07-06 12:44:40'),(61386,10,60.00,0.49,'2025-07-06 12:44:40'),(61387,11,60.00,1.82,'2025-07-06 12:44:40'),(61388,12,53.50,0.65,'2025-07-06 12:44:40'),(61389,13,60.00,1.51,'2025-07-06 12:44:40'),(61390,1,96.49,1.52,'2025-07-06 12:45:01'),(61391,2,96.46,0.76,'2025-07-06 12:45:01'),(61392,3,96.44,1.01,'2025-07-06 12:45:01'),(61393,4,96.40,0.96,'2025-07-06 12:45:01'),(61394,5,96.35,1.50,'2025-07-06 12:45:01'),(61395,6,60.00,4.90,'2025-07-06 12:45:01'),(61396,7,60.00,4.32,'2025-07-06 12:45:01'),(61397,8,60.00,0.00,'2025-07-06 12:45:01'),(61398,9,60.00,0.00,'2025-07-06 12:45:01'),(61399,10,60.00,0.08,'2025-07-06 12:45:01'),(61400,11,60.00,0.39,'2025-07-06 12:45:01'),(61401,12,53.68,0.96,'2025-07-06 12:45:01'),(61402,13,60.00,1.30,'2025-07-06 12:45:01'),(61403,1,96.78,1.38,'2025-07-06 12:45:36'),(61404,2,96.75,0.43,'2025-07-06 12:45:36'),(61405,3,96.73,0.88,'2025-07-06 12:45:36'),(61406,4,96.69,0.00,'2025-07-06 12:45:36'),(61407,5,96.64,1.69,'2025-07-06 12:45:36'),(61408,6,60.00,4.14,'2025-07-06 12:45:36'),(61409,7,60.00,4.31,'2025-07-06 12:45:36'),(61410,8,60.00,0.00,'2025-07-06 12:45:36'),(61411,9,60.00,0.00,'2025-07-06 12:45:36'),(61412,10,60.00,0.57,'2025-07-06 12:45:36'),(61413,11,60.00,0.27,'2025-07-06 12:45:36'),(61414,12,53.97,1.24,'2025-07-06 12:45:36'),(61415,13,60.00,0.95,'2025-07-06 12:45:36'),(61416,1,96.99,0.01,'2025-07-06 12:46:01'),(61417,2,96.96,0.56,'2025-07-06 12:46:01'),(61418,3,96.94,1.12,'2025-07-06 12:46:01'),(61419,4,96.89,0.62,'2025-07-06 12:46:01'),(61420,5,96.84,0.21,'2025-07-06 12:46:01'),(61421,6,60.00,4.29,'2025-07-06 12:46:01'),(61422,7,60.00,4.09,'2025-07-06 12:46:01'),(61423,8,60.00,0.00,'2025-07-06 12:46:01'),(61424,9,60.00,0.00,'2025-07-06 12:46:01'),(61425,10,60.00,0.42,'2025-07-06 12:46:01'),(61426,11,60.00,1.86,'2025-07-06 12:46:01'),(61427,12,54.18,1.06,'2025-07-06 12:46:01'),(61428,13,60.00,0.60,'2025-07-06 12:46:01'),(61429,1,97.05,0.06,'2025-07-06 12:46:08'),(61430,2,97.02,1.69,'2025-07-06 12:46:08'),(61431,3,97.00,0.61,'2025-07-06 12:46:08'),(61432,4,96.95,1.63,'2025-07-06 12:46:08'),(61433,5,96.90,1.64,'2025-07-06 12:46:08'),(61434,6,60.00,4.79,'2025-07-06 12:46:08'),(61435,7,60.00,4.43,'2025-07-06 12:46:08'),(61436,8,60.00,0.00,'2025-07-06 12:46:08'),(61437,9,60.00,0.00,'2025-07-06 12:46:08'),(61438,10,60.00,0.28,'2025-07-06 12:46:08'),(61439,11,60.00,0.90,'2025-07-06 12:46:08'),(61440,12,54.24,1.00,'2025-07-06 12:46:08'),(61441,13,60.00,0.32,'2025-07-06 12:46:08'),(61442,1,97.28,0.30,'2025-07-06 12:46:36'),(61443,2,97.25,1.28,'2025-07-06 12:46:36'),(61444,3,97.23,1.06,'2025-07-06 12:46:36'),(61445,4,97.19,0.60,'2025-07-06 12:46:36'),(61446,5,97.14,0.42,'2025-07-06 12:46:36'),(61447,6,60.00,4.30,'2025-07-06 12:46:36'),(61448,7,60.00,4.89,'2025-07-06 12:46:36'),(61449,8,60.00,0.00,'2025-07-06 12:46:36'),(61450,9,60.00,0.00,'2025-07-06 12:46:36'),(61451,10,60.00,0.97,'2025-07-06 12:46:36'),(61452,11,60.00,1.58,'2025-07-06 12:46:36'),(61453,12,54.47,0.95,'2025-07-06 12:46:36'),(61454,13,60.00,0.67,'2025-07-06 12:46:36'),(61455,1,97.55,1.62,'2025-07-06 12:47:08'),(61456,2,97.52,1.11,'2025-07-06 12:47:08'),(61457,3,97.50,1.47,'2025-07-06 12:47:08'),(61458,4,97.45,0.48,'2025-07-06 12:47:08'),(61459,5,97.40,0.73,'2025-07-06 12:47:08'),(61460,6,60.00,4.02,'2025-07-06 12:47:08'),(61461,7,60.00,4.22,'2025-07-06 12:47:08'),(61462,8,60.00,0.00,'2025-07-06 12:47:08'),(61463,9,60.00,0.00,'2025-07-06 12:47:08'),(61464,10,60.00,1.30,'2025-07-06 12:47:08'),(61465,11,60.00,0.32,'2025-07-06 12:47:08'),(61466,12,54.74,0.51,'2025-07-06 12:47:08'),(61467,13,60.00,1.27,'2025-07-06 12:47:08'),(61468,1,97.78,1.87,'2025-07-06 12:47:36'),(61469,2,97.75,0.75,'2025-07-06 12:47:36'),(61470,3,97.73,1.02,'2025-07-06 12:47:36'),(61471,4,97.69,1.75,'2025-07-06 12:47:36'),(61472,5,97.64,0.28,'2025-07-06 12:47:36'),(61473,6,60.00,4.37,'2025-07-06 12:47:36'),(61474,7,60.00,4.56,'2025-07-06 12:47:36'),(61475,8,60.00,0.00,'2025-07-06 12:47:36'),(61476,9,60.00,0.00,'2025-07-06 12:47:36'),(61477,10,60.00,1.93,'2025-07-06 12:47:36'),(61478,11,60.00,0.57,'2025-07-06 12:47:36'),(61479,12,54.97,0.48,'2025-07-06 12:47:36'),(61480,13,60.00,0.35,'2025-07-06 12:47:36'),(61481,1,98.05,1.93,'2025-07-06 12:48:08'),(61482,2,98.02,1.24,'2025-07-06 12:48:08'),(61483,3,98.00,0.59,'2025-07-06 12:48:08'),(61484,4,97.95,0.81,'2025-07-06 12:48:08'),(61485,5,97.90,0.09,'2025-07-06 12:48:08'),(61486,6,60.00,4.68,'2025-07-06 12:48:08'),(61487,7,60.00,4.01,'2025-07-06 12:48:08'),(61488,8,60.00,0.00,'2025-07-06 12:48:08'),(61489,9,60.00,0.00,'2025-07-06 12:48:08'),(61490,10,60.00,0.56,'2025-07-06 12:48:08'),(61491,11,60.00,0.39,'2025-07-06 12:48:08'),(61492,12,55.24,1.02,'2025-07-06 12:48:08'),(61493,13,60.00,0.46,'2025-07-06 12:48:08'),(61494,1,98.28,1.09,'2025-07-06 12:48:36'),(61495,2,98.25,1.37,'2025-07-06 12:48:36'),(61496,3,98.23,0.36,'2025-07-06 12:48:36'),(61497,4,98.19,0.61,'2025-07-06 12:48:36'),(61498,5,98.14,0.23,'2025-07-06 12:48:36'),(61499,6,60.00,4.29,'2025-07-06 12:48:36'),(61500,7,60.00,4.53,'2025-07-06 12:48:36'),(61501,8,60.00,0.00,'2025-07-06 12:48:36'),(61502,9,60.00,0.00,'2025-07-06 12:48:36'),(61503,10,60.00,0.86,'2025-07-06 12:48:36'),(61504,11,60.00,1.48,'2025-07-06 12:48:36'),(61505,12,55.47,1.57,'2025-07-06 12:48:36'),(61506,13,60.00,0.06,'2025-07-06 12:48:36'),(61507,1,98.55,1.63,'2025-07-06 12:49:08'),(61508,2,98.52,0.65,'2025-07-06 12:49:08'),(61509,3,98.50,0.38,'2025-07-06 12:49:08'),(61510,4,98.45,1.80,'2025-07-06 12:49:08'),(61511,5,98.40,0.63,'2025-07-06 12:49:08'),(61512,6,60.00,4.10,'2025-07-06 12:49:08'),(61513,7,60.00,4.61,'2025-07-06 12:49:08'),(61514,8,60.00,0.00,'2025-07-06 12:49:08'),(61515,9,60.00,0.00,'2025-07-06 12:49:08'),(61516,10,60.00,1.05,'2025-07-06 12:49:08'),(61517,11,60.00,1.09,'2025-07-06 12:49:08'),(61518,12,55.74,0.22,'2025-07-06 12:49:08'),(61519,13,60.00,0.82,'2025-07-06 12:49:08'),(61520,1,98.78,1.65,'2025-07-06 12:49:36'),(61521,2,98.75,0.06,'2025-07-06 12:49:36'),(61522,3,98.73,0.96,'2025-07-06 12:49:36'),(61523,4,98.69,0.70,'2025-07-06 12:49:36'),(61524,5,98.64,1.61,'2025-07-06 12:49:36'),(61525,6,60.00,4.68,'2025-07-06 12:49:36'),(61526,7,60.00,4.77,'2025-07-06 12:49:36'),(61527,8,60.00,0.00,'2025-07-06 12:49:36'),(61528,9,60.00,0.00,'2025-07-06 12:49:36'),(61529,10,60.00,1.51,'2025-07-06 12:49:36'),(61530,11,60.00,1.65,'2025-07-06 12:49:36'),(61531,12,55.97,1.33,'2025-07-06 12:49:36'),(61532,13,60.00,1.38,'2025-07-06 12:49:36'),(61533,1,99.05,1.62,'2025-07-06 12:50:08'),(61534,2,99.02,1.35,'2025-07-06 12:50:08'),(61535,3,99.00,1.40,'2025-07-06 12:50:08'),(61536,4,98.95,1.19,'2025-07-06 12:50:08'),(61537,5,98.90,1.68,'2025-07-06 12:50:08'),(61538,6,60.00,4.41,'2025-07-06 12:50:08'),(61539,7,60.00,4.27,'2025-07-06 12:50:08'),(61540,8,60.00,0.00,'2025-07-06 12:50:08'),(61541,9,60.00,0.00,'2025-07-06 12:50:08'),(61542,10,60.00,0.22,'2025-07-06 12:50:08'),(61543,11,60.00,0.77,'2025-07-06 12:50:08'),(61544,12,56.24,1.30,'2025-07-06 12:50:08'),(61545,13,60.00,0.27,'2025-07-06 12:50:08'),(61546,1,99.28,0.85,'2025-07-06 12:50:36'),(61547,2,99.25,0.29,'2025-07-06 12:50:36'),(61548,3,99.23,1.56,'2025-07-06 12:50:36'),(61549,4,99.19,0.27,'2025-07-06 12:50:36'),(61550,5,99.14,0.43,'2025-07-06 12:50:36'),(61551,6,60.00,4.83,'2025-07-06 12:50:36'),(61552,7,60.00,4.42,'2025-07-06 12:50:36'),(61553,8,60.00,0.00,'2025-07-06 12:50:36'),(61554,9,60.00,0.00,'2025-07-06 12:50:36'),(61555,10,60.00,1.92,'2025-07-06 12:50:36'),(61556,11,60.00,0.18,'2025-07-06 12:50:36'),(61557,12,56.47,0.19,'2025-07-06 12:50:36'),(61558,13,60.00,1.06,'2025-07-06 12:50:36'),(61559,1,99.55,1.43,'2025-07-06 12:51:08'),(61560,2,99.52,1.23,'2025-07-06 12:51:08'),(61561,3,99.50,1.51,'2025-07-06 12:51:08'),(61562,4,99.45,0.37,'2025-07-06 12:51:08'),(61563,5,99.40,1.69,'2025-07-06 12:51:08'),(61564,6,60.00,4.71,'2025-07-06 12:51:08'),(61565,7,60.00,4.23,'2025-07-06 12:51:08'),(61566,8,60.00,0.00,'2025-07-06 12:51:08'),(61567,9,60.00,0.00,'2025-07-06 12:51:08'),(61568,10,60.00,0.66,'2025-07-06 12:51:08'),(61569,11,60.00,1.71,'2025-07-06 12:51:08'),(61570,12,56.74,0.17,'2025-07-06 12:51:08'),(61571,13,60.00,1.10,'2025-07-06 12:51:08');
/*!40000 ALTER TABLE `historia_pomiarow` ENABLE KEYS */;
UNLOCK TABLES;

--
-- Table structure for table `log_uzyte_segmenty`
--

DROP TABLE IF EXISTS `log_uzyte_segmenty`;
/*!40101 SET @saved_cs_client     = @@character_set_client */;
/*!50503 SET character_set_client = utf8mb4 */;
CREATE TABLE `log_uzyte_segmenty` (
  `id_operacji_log` int NOT NULL,
  `id_segmentu` int NOT NULL,
  PRIMARY KEY (`id_operacji_log`,`id_segmentu`),
  KEY `id_segmentu` (`id_segmentu`),
  CONSTRAINT `log_uzyte_segmenty_ibfk_1` FOREIGN KEY (`id_operacji_log`) REFERENCES `operacje_log` (`id`) ON DELETE CASCADE,
  CONSTRAINT `log_uzyte_segmenty_ibfk_2` FOREIGN KEY (`id_segmentu`) REFERENCES `segmenty` (`id`)
) ENGINE=InnoDB DEFAULT CHARSET=utf8mb4 COLLATE=utf8mb4_unicode_ci COMMENT='Zapisuje, które segmenty były używane w danej operacji z logu';
/*!40101 SET character_set_client = @saved_cs_client */;

--
-- Dumping data for table `log_uzyte_segmenty`
--

LOCK TABLES `log_uzyte_segmenty` WRITE;
/*!40000 ALTER TABLE `log_uzyte_segmenty` DISABLE KEYS */;
INSERT INTO `log_uzyte_segmenty` VALUES (4,1),(5,1),(10,1),(11,1),(16,1),(19,1),(24,1),(31,1),(4,2),(5,2),(10,2),(11,2),(16,2),(19,2),(24,2),(31,2),(4,3),(5,3),(10,3),(11,3),(12,3),(13,3),(16,3),(18,3),(19,3),(23,3),(24,3),(31,3),(32,3),(34,3),(37,3),(43,3),(47,3),(20,4),(30,4),(33,4),(20,5),(30,5),(33,5),(4,6),(5,6),(10,6),(11,6),(12,6),(13,6),(15,6),(16,6),(18,6),(19,6),(22,6),(23,6),(24,6),(29,6),(31,6),(32,6),(34,6),(35,6),(36,6),(37,6),(42,6),(43,6),(47,6),(48,6),(14,7),(20,7),(30,7),(33,7),(4,8),(5,8),(10,8),(11,8),(12,8),(13,8),(14,8),(15,8),(16,8),(18,8),(19,8),(20,8),(22,8),(23,8),(24,8),(29,8),(30,8),(31,8),(32,8),(33,8),(34,8),(35,8),(36,8),(37,8),(42,8),(43,8),(47,8),(48,8),(10,9),(12,9),(13,9),(14,9),(15,9),(16,9),(18,9),(19,9),(20,9),(22,9),(23,9),(24,9),(29,9),(30,9),(31,9),(32,9),(33,9),(34,9),(35,9),(36,9),(37,9),(42,9),(43,9),(47,9),(48,9),(14,10),(20,10),(24,10),(30,10),(43,10),(47,10),(16,11),(22,11),(33,11),(35,11),(36,11),(42,11),(15,12),(18,12),(23,12),(37,12),(48,12),(13,13),(31,13),(10,14),(12,14),(19,14),(29,14),(32,14),(34,14),(10,15),(12,15),(16,15),(18,15),(19,15),(20,15),(22,15),(23,15),(24,15),(29,15),(30,15),(31,15),(32,15),(33,15),(34,15),(35,15),(36,15),(37,15),(42,15),(43,15),(47,15),(48,15),(12,16),(13,16),(18,16),(23,16),(32,16),(34,16),(37,16),(43,16),(47,16),(15,17),(22,17),(29,17),(35,17),(36,17),(42,17),(48,17),(14,18),(52,21),(52,24),(52,26),(52,32),(52,36),(52,40);
/*!40000 ALTER TABLE `log_uzyte_segmenty` ENABLE KEYS */;
UNLOCK TABLES;

--
-- Table structure for table `operacje_log`
--

DROP TABLE IF EXISTS `operacje_log`;
/*!40101 SET @saved_cs_client     = @@character_set_client */;
/*!50503 SET character_set_client = utf8mb4 */;
CREATE TABLE `operacje_log` (
  `id` int NOT NULL AUTO_INCREMENT,
  `typ_operacji` varchar(50) COLLATE utf8mb4_unicode_ci NOT NULL COMMENT 'Np. TRANSFER, DODANIE_ZIEMI, FILTRACJA_KOŁO',
  `id_partii_surowca` int DEFAULT NULL,
  `id_sprzetu_zrodlowego` int DEFAULT NULL,
  `id_sprzetu_docelowego` int DEFAULT NULL,
  `czas_rozpoczecia` datetime NOT NULL,
  `czas_zakonczenia` datetime DEFAULT NULL,
  `ilosc_kg` decimal(10,2) DEFAULT NULL,
  `opis` text COLLATE utf8mb4_unicode_ci,
  `status_operacji` enum('aktywna','zakonczona','przerwana') COLLATE utf8mb4_unicode_ci NOT NULL DEFAULT 'aktywna',
  `punkt_startowy` varchar(50) COLLATE utf8mb4_unicode_ci DEFAULT NULL,
  `punkt_docelowy` varchar(50) COLLATE utf8mb4_unicode_ci DEFAULT NULL,
  PRIMARY KEY (`id`),
  KEY `id_partii_surowca` (`id_partii_surowca`),
  KEY `id_sprzetu_zrodlowego` (`id_sprzetu_zrodlowego`),
  KEY `id_sprzetu_docelowego` (`id_sprzetu_docelowego`),
  CONSTRAINT `operacje_log_ibfk_1` FOREIGN KEY (`id_partii_surowca`) REFERENCES `partie_surowca` (`id`) ON DELETE SET NULL,
  CONSTRAINT `operacje_log_ibfk_2` FOREIGN KEY (`id_sprzetu_zrodlowego`) REFERENCES `sprzet` (`id`) ON DELETE SET NULL,
  CONSTRAINT `operacje_log_ibfk_3` FOREIGN KEY (`id_sprzetu_docelowego`) REFERENCES `sprzet` (`id`) ON DELETE SET NULL
) ENGINE=InnoDB AUTO_INCREMENT=53 DEFAULT CHARSET=utf8mb4 COLLATE=utf8mb4_unicode_ci COMMENT='Log wszystkich zdarzeń i operacji w procesie';
/*!40101 SET character_set_client = @saved_cs_client */;

--
-- Dumping data for table `operacje_log`
--

LOCK TABLES `operacje_log` WRITE;
/*!40000 ALTER TABLE `operacje_log` DISABLE KEYS */;
INSERT INTO `operacje_log` VALUES (1,'TRANSFER',1,8,1,'2023-10-27 15:00:00','2025-07-01 02:20:26',7500.00,'Tankowanie z B1b do R1','zakonczona',NULL,NULL),(2,'TRANSFER',NULL,8,2,'2025-06-29 17:32:15','2025-07-01 02:20:20',7200.00,'Tankowanie partii 19-20250629-173214-CYSTERNA','zakonczona',NULL,NULL),(4,'FILTRACJA_DO_FZ',1,NULL,NULL,'2025-07-01 00:10:30','2025-07-01 00:26:12',NULL,'Operacja FILTRACJA_DO_FZ z R3_OUT do FZ_IN','zakonczona',NULL,NULL),(5,'FILTRACJA_DO_FZ',1,NULL,NULL,'2025-07-01 00:41:48','2025-07-01 00:43:21',NULL,'Operacja FILTRACJA_DO_FZ z R3_OUT do FZ_IN','zakonczona',NULL,NULL),(10,'FILTRACJA_R3_R5',1,NULL,NULL,'2025-07-01 02:27:04','2025-07-01 02:27:26',NULL,'Operacja FILTRACJA_R3_R5 z R3_OUT do R5_IN','zakonczona',NULL,NULL),(11,'DYNAMIC_R3_OUT_FZ_IN',1,NULL,NULL,'2025-07-01 03:51:48','2025-07-01 04:37:11',NULL,'Operacja DYNAMIC_R3_OUT_FZ_IN z R3_OUT do FZ_IN','zakonczona',NULL,NULL),(12,'FILTRACJA_R1_R5',1,NULL,NULL,'2025-07-01 23:15:17','2025-07-01 23:30:16',NULL,'Operacja FILTRACJA_R1_R5 z R1_OUT do R5_IN','zakonczona','R1_OUT','R5_IN'),(13,'DYNAMIC_R2_OUT_R4_IN',NULL,NULL,NULL,'2025-07-02 00:51:20','2025-07-02 00:54:52',NULL,'Operacja DYNAMIC_R2_OUT_R4_IN z R2_OUT do R4_IN','zakonczona','R2_OUT','R4_IN'),(14,'DYNAMIC_R4_OUT_R1_IN',NULL,NULL,NULL,'2025-07-02 01:00:49','2025-07-02 01:02:17',NULL,'Operacja DYNAMIC_R4_OUT_R1_IN z R4_OUT do R1_IN','zakonczona','R4_OUT','R1_IN'),(15,'DYNAMIC_R1_OUT_R3_IN',NULL,NULL,NULL,'2025-07-02 01:03:42','2025-07-02 01:14:51',NULL,'Operacja DYNAMIC_R1_OUT_R3_IN z R1_OUT do R3_IN','zakonczona','R1_OUT','R3_IN'),(16,'DYNAMIC_R3_OUT_R2_IN',NULL,NULL,NULL,'2025-07-02 01:15:53','2025-07-02 01:16:26',NULL,'Operacja DYNAMIC_R3_OUT_R2_IN z R3_OUT do R2_IN','zakonczona','R3_OUT','R2_IN'),(17,'DOBIELANIE',NULL,NULL,NULL,'2025-07-02 02:07:16',NULL,150.00,'Dodano 6 worków ziemi (150 kg) do partii 2','zakonczona',NULL,NULL),(18,'DYNAMIC_R2_OUT_R3_IN',NULL,NULL,NULL,'2025-07-02 02:25:22','2025-07-02 02:25:49',NULL,'Operacja DYNAMIC_R2_OUT_R3_IN z R2_OUT do R3_IN','zakonczona','R2_OUT','R3_IN'),(19,'DYNAMIC_R3_OUT_R5_IN',NULL,NULL,NULL,'2025-07-02 02:26:10','2025-07-02 02:26:29',NULL,'Operacja DYNAMIC_R3_OUT_R5_IN z R3_OUT do R5_IN','zakonczona','R3_OUT','R5_IN'),(20,'DYNAMIC_R5_OUT_R1_IN',1,NULL,NULL,'2025-07-02 02:32:09','2025-07-02 02:32:28',NULL,'Operacja DYNAMIC_R5_OUT_R1_IN z R5_OUT do R1_IN','zakonczona','R5_OUT','R1_IN'),(21,'DOBIELANIE',1,NULL,NULL,'2025-07-02 02:32:39',NULL,150.00,'Dodano 6 worków ziemi (150 kg) do partii 1','zakonczona',NULL,NULL),(22,'DYNAMIC_R1_OUT_R2_IN',1,NULL,NULL,'2025-07-02 03:24:05','2025-07-02 03:24:22',NULL,'Operacja DYNAMIC_R1_OUT_R2_IN z R1_OUT do R2_IN','zakonczona','R1_OUT','R2_IN'),(23,'DYNAMIC_R2_OUT_R3_IN',1,NULL,NULL,'2025-07-02 03:39:47','2025-07-02 03:41:34',NULL,'Operacja DYNAMIC_R2_OUT_R3_IN z R2_OUT do R3_IN','zakonczona','R2_OUT','R3_IN'),(24,'DYNAMIC_R3_OUT_R1_IN',1,NULL,NULL,'2025-07-02 10:34:14','2025-07-02 10:34:49',NULL,'Operacja DYNAMIC_R3_OUT_R1_IN z R3_OUT do R1_IN','zakonczona','R3_OUT','R1_IN'),(25,'TRANSFER',3,11,2,'2025-07-03 00:21:11',NULL,7500.00,'Tankowanie partii T-10-20250703-002111-APOLLO','zakonczona',NULL,NULL),(26,'TRANSFER',NULL,10,3,'2025-07-03 00:22:07',NULL,7500.00,'Tankowanie partii T-10-20250703-002207-APOLLO','zakonczona',NULL,NULL),(27,'DOBIELANIE',NULL,NULL,NULL,'2025-07-03 00:22:44',NULL,150.00,'Dodano 6 worków ziemi (150 kg) do partii 4','zakonczona',NULL,NULL),(28,'DOBIELANIE',3,NULL,NULL,'2025-07-03 05:13:18',NULL,150.00,'Dodano 6 worków ziemi (150 kg) do partii 3','zakonczona',NULL,NULL),(29,'DYNAMIC_R1_OUT_R5_IN',1,NULL,NULL,'2025-07-03 05:14:04','2025-07-03 10:55:57',NULL,'Operacja DYNAMIC_R1_OUT_R5_IN z R1_OUT do R5_IN','zakonczona','R1_OUT','R5_IN'),(30,'DYNAMIC_R5_OUT_R1_IN',1,NULL,NULL,'2025-07-03 11:27:15','2025-07-03 11:29:48',NULL,'Operacja DYNAMIC_R5_OUT_R1_IN z R5_OUT do R1_IN','zakonczona','R5_OUT','R1_IN'),(31,'DYNAMIC_R3_OUT_R4_IN',NULL,NULL,NULL,'2025-07-03 11:34:02','2025-07-03 11:34:06',NULL,'Operacja DYNAMIC_R3_OUT_R4_IN z R3_OUT do R4_IN','zakonczona','R3_OUT','R4_IN'),(32,'DYNAMIC_R2_OUT_R5_IN',3,NULL,NULL,'2025-07-03 11:34:54','2025-07-03 11:34:59',NULL,'Operacja DYNAMIC_R2_OUT_R5_IN z R2_OUT do R5_IN','zakonczona','R2_OUT','R5_IN'),(33,'DYNAMIC_R5_OUT_R2_IN',3,NULL,NULL,'2025-07-03 11:35:17','2025-07-03 11:35:32',NULL,'Operacja DYNAMIC_R5_OUT_R2_IN z R5_OUT do R2_IN','zakonczona','R5_OUT','R2_IN'),(34,'DYNAMIC_R2_OUT_R5_IN',3,NULL,NULL,'2025-07-03 17:02:57','2025-07-04 13:40:50',NULL,'Operacja DYNAMIC_R2_OUT_R5_IN z R2_OUT do R5_IN','zakonczona','R2_OUT','R5_IN'),(35,'DYNAMIC_R1_OUT_R2_IN',1,NULL,NULL,'2025-07-04 22:24:40','2025-07-04 23:57:08',NULL,'Operacja DYNAMIC_R1_OUT_R2_IN z R1_OUT do R2_IN','zakonczona','R1_OUT','R2_IN'),(36,'DYNAMIC_R1_OUT_R2_IN',1,NULL,NULL,'2025-07-05 00:01:19','2025-07-05 00:01:29',NULL,'Operacja DYNAMIC_R1_OUT_R2_IN z R1_OUT do R2_IN','zakonczona','R1_OUT','R2_IN'),(37,'DYNAMIC_R2_OUT_R3_IN',1,NULL,NULL,'2025-07-05 01:01:28','2025-07-05 01:22:09',NULL,'Operacja DYNAMIC_R2_OUT_R3_IN z R2_OUT do R3_IN','zakonczona','R2_OUT','R3_IN'),(38,'ZMIANA_STATUSU',NULL,NULL,NULL,'2025-07-05 01:25:15','2025-07-05 01:25:15',NULL,'Zmiana statusu na: Dobielanie','zakonczona',NULL,NULL),(39,'ZMIANA_STATUSU',NULL,NULL,NULL,'2025-07-05 01:30:35','2025-07-05 01:30:35',NULL,'Zmiana statusu na: Dobielanie','zakonczona',NULL,NULL),(40,'ZMIANA_STATUSU',NULL,NULL,NULL,'2025-07-05 01:34:07','2025-07-05 01:34:07',NULL,'Zmiana statusu na: Dobielanie','zakonczona',NULL,NULL),(41,'TANKOWANIE_BRUDNEGO',NULL,8,1,'2025-07-05 03:21:26','2025-07-05 03:21:26',7900.00,'Tankowanie brudnego surowca 19 z B1b do R1','zakonczona',NULL,NULL),(42,'DYNAMIC_R1_OUT_R2_IN',NULL,NULL,NULL,'2025-07-05 03:26:29','2025-07-05 03:45:47',NULL,'Operacja DYNAMIC_R1_OUT_R2_IN z R1_OUT do R2_IN','zakonczona','R1_OUT','R2_IN'),(43,'DYNAMIC_R2_OUT_R1_IN',NULL,NULL,NULL,'2025-07-05 03:48:45','2025-07-05 05:22:15',NULL,'Operacja DYNAMIC_R2_OUT_R1_IN z R2_OUT do R1_IN','zakonczona','R2_OUT','R1_IN'),(44,'TANKOWANIE_BRUDNEGO',NULL,22,1,'2025-07-05 03:57:06','2025-07-05 03:57:06',7800.00,'Tankowanie brudnego surowca GC42 z B6b do R1','zakonczona',NULL,NULL),(45,'TANKOWANIE_BRUDNEGO',NULL,25,1,'2025-07-05 04:16:32','2025-07-05 04:16:32',8000.00,'Tankowanie brudnego surowca 44 z B9b do R1','zakonczona',NULL,NULL),(46,'TANKOWANIE_BRUDNEGO',8,19,2,'2025-07-05 04:24:24','2025-07-05 04:24:24',7777.00,'Tankowanie brudnego surowca GC42 z B3b do R2','zakonczona',NULL,NULL),(47,'TRANSFER_PRZEZ_FILTR',8,NULL,NULL,'2025-07-05 05:23:53','2025-07-05 05:31:23',7777.00,'Transfer GC42 z R2 przez FZ do R1','zakonczona','R2_OUT','R1_IN'),(48,'DYNAMIC_R1_OUT_R3_IN',8,NULL,NULL,'2025-07-06 04:45:32','2025-07-06 04:45:40',NULL,'Operacja DYNAMIC_R1_OUT_R3_IN z R1_OUT do R3_IN','zakonczona','R1_OUT','R3_IN'),(49,'ZMIANA_STATUSU',3,NULL,NULL,'2025-07-06 10:54:41','2025-07-06 10:54:41',NULL,'Zmiana statusu na: Surowy w reaktorze','zakonczona',NULL,NULL),(50,'ZMIANA_STATUSU',1,NULL,NULL,'2025-07-06 10:54:48','2025-07-06 10:54:48',NULL,'Zmiana statusu na: Surowy w reaktorze','zakonczona',NULL,NULL),(51,'TANKOWANIE_BRUDNEGO',9,26,12,'2025-07-06 12:35:40','2025-07-06 12:35:40',7777.00,'Tankowanie brudnego surowca 44 z B10b do R8','zakonczona',NULL,NULL),(52,'TRANSFER_BEZPOSREDNI',9,NULL,NULL,'2025-07-06 12:36:23','2025-07-06 12:37:17',7777.00,'Transfer bezpośredni 44 z R8 do R9','zakonczona','R8_OUT','R9_IN');
/*!40000 ALTER TABLE `operacje_log` ENABLE KEYS */;
UNLOCK TABLES;

--
-- Table structure for table `operator_temperatures`
--

DROP TABLE IF EXISTS `operator_temperatures`;
/*!40101 SET @saved_cs_client     = @@character_set_client */;
/*!50503 SET character_set_client = utf8mb4 */;
CREATE TABLE `operator_temperatures` (
  `id` int NOT NULL AUTO_INCREMENT,
  `id_sprzetu` int NOT NULL,
  `temperatura` decimal(5,2) NOT NULL,
  `czas_ustawienia` datetime NOT NULL,
  PRIMARY KEY (`id`),
  KEY `id_sprzetu` (`id_sprzetu`),
  CONSTRAINT `operator_temperatures_ibfk_1` FOREIGN KEY (`id_sprzetu`) REFERENCES `sprzet` (`id`)
) ENGINE=InnoDB AUTO_INCREMENT=149 DEFAULT CHARSET=utf8mb4 COLLATE=utf8mb4_unicode_ci;
/*!40101 SET character_set_client = @saved_cs_client */;

--
-- Dumping data for table `operator_temperatures`
--

LOCK TABLES `operator_temperatures` WRITE;
/*!40000 ALTER TABLE `operator_temperatures` DISABLE KEYS */;
INSERT INTO `operator_temperatures` VALUES (5,4,80.00,'2025-07-03 07:31:10'),(7,1,100.00,'2025-07-03 07:45:59'),(8,2,97.00,'2025-07-03 07:46:14'),(9,3,77.00,'2025-07-03 07:46:27'),(10,5,110.00,'2025-07-03 07:46:43'),(11,1,66.00,'2025-07-03 08:21:27'),(12,2,66.00,'2025-07-03 08:21:32'),(13,3,66.00,'2025-07-03 08:21:37'),(14,4,66.00,'2025-07-03 08:21:42'),(15,5,66.00,'2025-07-03 08:21:46'),(16,1,80.00,'2025-07-03 08:41:01'),(17,1,55.00,'2025-07-03 08:45:45'),(18,1,50.00,'2025-07-03 08:58:07'),(19,1,55.00,'2025-07-03 10:12:58'),(20,2,55.00,'2025-07-03 10:13:02'),(21,3,55.00,'2025-07-03 10:13:05'),(22,4,55.00,'2025-07-03 10:13:08'),(23,5,55.00,'2025-07-03 10:13:16'),(24,1,110.00,'2025-07-03 11:21:56'),(25,2,110.00,'2025-07-03 11:22:03'),(26,3,110.00,'2025-07-03 11:22:06'),(27,4,110.00,'2025-07-03 11:22:09'),(28,5,110.00,'2025-07-03 11:22:13'),(29,1,50.00,'2025-07-03 11:28:14'),(30,2,50.00,'2025-07-03 11:28:17'),(31,3,50.00,'2025-07-03 11:28:24'),(32,4,50.00,'2025-07-03 11:28:27'),(33,5,50.00,'2025-07-03 11:28:30'),(34,1,120.00,'2025-07-03 11:46:03'),(35,1,50.00,'2025-07-03 11:49:00'),(36,1,50.00,'2025-07-03 12:47:55'),(37,1,120.00,'2025-07-03 12:50:19'),(38,1,50.00,'2025-07-03 12:50:56'),(39,1,40.00,'2025-07-03 17:01:37'),(40,2,40.00,'2025-07-03 17:01:40'),(41,3,40.00,'2025-07-03 17:01:48'),(42,4,40.00,'2025-07-03 17:01:51'),(43,5,40.00,'2025-07-03 17:01:54'),(44,1,30.00,'2025-07-03 18:28:26'),(46,1,30.00,'2025-07-03 18:28:41'),(48,1,50.00,'2025-07-03 18:28:52'),(50,2,50.00,'2025-07-03 18:30:14'),(52,3,50.00,'2025-07-03 18:33:27'),(60,3,40.00,'2025-07-03 19:24:26'),(61,3,40.00,'2025-07-03 19:24:26'),(62,1,20.00,'2025-07-03 19:25:38'),(64,1,20.00,'2025-07-03 19:25:48'),(65,1,20.00,'2025-07-03 19:25:48'),(67,1,20.00,'2025-07-03 19:25:56'),(68,1,20.00,'2025-07-03 19:26:00'),(69,1,20.00,'2025-07-03 19:26:00'),(70,1,30.00,'2025-07-03 19:26:39'),(73,1,40.00,'2025-07-03 19:26:56'),(74,1,30.00,'2025-07-03 19:32:48'),(75,1,30.00,'2025-07-03 19:32:48'),(76,1,30.00,'2025-07-03 19:32:53'),(77,1,30.00,'2025-07-03 19:32:53'),(79,1,30.00,'2025-07-03 19:32:57'),(80,1,30.00,'2025-07-03 19:33:00'),(82,1,30.00,'2025-07-03 19:33:04'),(83,1,30.00,'2025-07-03 19:33:04'),(84,1,30.00,'2025-07-03 19:33:07'),(85,1,30.00,'2025-07-03 19:33:07'),(86,1,30.00,'2025-07-03 19:33:11'),(87,1,30.00,'2025-07-03 19:33:11'),(88,1,30.00,'2025-07-03 19:33:14'),(89,1,30.00,'2025-07-03 19:33:14'),(90,1,30.00,'2025-07-03 19:33:18'),(92,3,15.00,'2025-07-03 19:37:42'),(93,4,40.00,'2025-07-03 20:21:18'),(94,5,40.00,'2025-07-03 20:21:22'),(95,5,130.00,'2025-07-03 20:24:43'),(96,5,80.00,'2025-07-03 20:25:45'),(97,5,130.00,'2025-07-03 20:26:18'),(98,5,80.00,'2025-07-03 20:32:06'),(99,5,130.00,'2025-07-03 20:32:36'),(100,5,80.00,'2025-07-03 20:42:57'),(101,1,50.00,'2025-07-03 20:46:03'),(102,1,70.00,'2025-07-03 20:47:13'),(103,4,200.00,'2025-07-03 20:53:22'),(104,1,30.00,'2025-07-03 21:31:20'),(105,2,30.00,'2025-07-03 21:31:24'),(106,3,30.00,'2025-07-03 21:31:29'),(107,4,30.00,'2025-07-03 21:31:48'),(108,1,130.00,'2025-07-03 21:35:24'),(109,1,50.00,'2025-07-03 21:42:26'),(110,1,70.00,'2025-07-03 21:46:15'),(111,39,50.00,'2025-07-03 21:52:37'),(112,1,50.00,'2025-07-03 21:54:29'),(113,1,70.00,'2025-07-03 21:57:47'),(114,1,50.00,'2025-07-03 22:09:39'),(115,5,50.00,'2025-07-03 22:11:08'),(116,3,200.00,'2025-07-03 22:15:35'),(117,3,118.00,'2025-07-03 22:24:40'),(118,1,55.00,'2025-07-03 22:37:56'),(119,3,55.00,'2025-07-03 22:38:01'),(120,3,55.00,'2025-07-03 22:38:03'),(121,3,55.00,'2025-07-03 22:38:05'),(122,3,200.00,'2025-07-03 22:39:32'),(123,1,55.00,'2025-07-03 23:00:08'),(124,3,55.00,'2025-07-03 23:00:12'),(125,1,55.00,'2025-07-03 23:19:46'),(126,1,55.00,'2025-07-03 23:19:56'),(127,1,55.00,'2025-07-03 23:19:58'),(128,1,55.00,'2025-07-03 23:20:13'),(129,1,55.00,'2025-07-03 23:20:21'),(130,1,44.00,'2025-07-03 23:20:59'),(131,1,55.00,'2025-07-03 23:22:32'),(132,1,55.00,'2025-07-03 23:23:09'),(133,1,55.00,'2025-07-03 23:26:52'),(134,1,30.00,'2025-07-04 22:29:33'),(135,2,30.00,'2025-07-04 22:29:42'),(136,3,30.00,'2025-07-04 22:29:45'),(137,4,30.00,'2025-07-04 22:29:48'),(138,5,30.00,'2025-07-04 22:29:55'),(139,1,44.00,'2025-07-05 03:21:25'),(140,1,55.00,'2025-07-05 03:57:05'),(141,1,44.00,'2025-07-05 04:16:31'),(142,2,34.00,'2025-07-05 04:24:23'),(143,1,30.00,'2025-07-06 10:32:03'),(144,2,30.00,'2025-07-06 10:32:06'),(145,3,30.00,'2025-07-06 10:32:09'),(146,4,30.00,'2025-07-06 10:32:14'),(147,5,30.00,'2025-07-06 10:32:20'),(148,12,49.00,'2025-07-06 12:35:40');
/*!40000 ALTER TABLE `operator_temperatures` ENABLE KEYS */;
UNLOCK TABLES;

--
-- Table structure for table `partie_historia`
--

DROP TABLE IF EXISTS `partie_historia`;
/*!40101 SET @saved_cs_client     = @@character_set_client */;
/*!50503 SET character_set_client = utf8mb4 */;
CREATE TABLE `partie_historia` (
  `id` int NOT NULL AUTO_INCREMENT,
  `id_partii_surowca` int NOT NULL,
  `typ_operacji` enum('UTWORZENIE','TRANSFER','FILTRACJA','MIESZANIE','DZIELENIE','ZMIANA_STANU','POBOR_PROBKI','ZATWIERDZENIE') COLLATE utf8mb4_unicode_ci NOT NULL,
  `data_operacji` timestamp NULL DEFAULT CURRENT_TIMESTAMP,
  `operator` varchar(100) COLLATE utf8mb4_unicode_ci DEFAULT NULL,
  `lokalizacja_przed` varchar(100) COLLATE utf8mb4_unicode_ci DEFAULT NULL,
  `lokalizacja_po` varchar(100) COLLATE utf8mb4_unicode_ci DEFAULT NULL,
  `waga_przed` decimal(10,3) DEFAULT NULL,
  `waga_po` decimal(10,3) DEFAULT NULL,
  `parametry_operacji` json DEFAULT NULL,
  `opis_operacji` text COLLATE utf8mb4_unicode_ci,
  `id_operacji_log` int DEFAULT NULL,
  PRIMARY KEY (`id`),
  KEY `idx_partia` (`id_partii_surowca`),
  KEY `idx_typ_operacji` (`typ_operacji`),
  KEY `idx_data_operacji` (`data_operacji`),
  KEY `id_operacji_log` (`id_operacji_log`),
  CONSTRAINT `partie_historia_ibfk_1` FOREIGN KEY (`id_partii_surowca`) REFERENCES `partie_surowca` (`id`) ON DELETE CASCADE,
  CONSTRAINT `partie_historia_ibfk_2` FOREIGN KEY (`id_operacji_log`) REFERENCES `operacje_log` (`id`) ON DELETE SET NULL
) ENGINE=InnoDB AUTO_INCREMENT=4 DEFAULT CHARSET=utf8mb4 COLLATE=utf8mb4_unicode_ci;
/*!40101 SET character_set_client = @saved_cs_client */;

--
-- Dumping data for table `partie_historia`
--

LOCK TABLES `partie_historia` WRITE;
/*!40000 ALTER TABLE `partie_historia` DISABLE KEYS */;
INSERT INTO `partie_historia` VALUES (1,1,'UTWORZENIE','2025-07-05 19:28:50','SYSTEM_MIGRATION',NULL,NULL,NULL,NULL,NULL,'Partia utworzona: TEMP_PARTIA_1 (T-10)',NULL),(2,3,'UTWORZENIE','2025-07-05 19:28:50','SYSTEM_MIGRATION',NULL,NULL,NULL,NULL,NULL,'Partia utworzona: TEMP_PARTIA_3 (T-10)',NULL),(3,8,'UTWORZENIE','2025-07-05 19:28:50','SYSTEM_MIGRATION',NULL,NULL,NULL,NULL,NULL,'Partia utworzona: PARTIA_GC42-20250705-042423-B3b (GC42)',NULL);
/*!40000 ALTER TABLE `partie_historia` ENABLE KEYS */;
UNLOCK TABLES;

--
-- Table structure for table `partie_powiazania`
--

DROP TABLE IF EXISTS `partie_powiazania`;
/*!40101 SET @saved_cs_client     = @@character_set_client */;
/*!50503 SET character_set_client = utf8mb4 */;
CREATE TABLE `partie_powiazania` (
  `id` int NOT NULL AUTO_INCREMENT,
  `partia_zrodlowa_id` int NOT NULL,
  `partia_docelowa_id` int NOT NULL,
  `typ_powiazania` enum('DZIELENIE','LACZENIE','TRANSFORMACJA') COLLATE utf8mb4_unicode_ci NOT NULL,
  `procent_udzialu` decimal(5,2) DEFAULT NULL,
  `data_powiazania` timestamp NULL DEFAULT CURRENT_TIMESTAMP,
  `id_operacji_log` int DEFAULT NULL,
  `uwagi` text COLLATE utf8mb4_unicode_ci,
  PRIMARY KEY (`id`),
  KEY `idx_partia_zrodlowa` (`partia_zrodlowa_id`),
  KEY `idx_partia_docelowa` (`partia_docelowa_id`),
  KEY `idx_typ_powiazania` (`typ_powiazania`),
  KEY `id_operacji_log` (`id_operacji_log`),
  CONSTRAINT `partie_powiazania_ibfk_1` FOREIGN KEY (`partia_zrodlowa_id`) REFERENCES `partie_surowca` (`id`) ON DELETE CASCADE,
  CONSTRAINT `partie_powiazania_ibfk_2` FOREIGN KEY (`partia_docelowa_id`) REFERENCES `partie_surowca` (`id`) ON DELETE CASCADE,
  CONSTRAINT `partie_powiazania_ibfk_3` FOREIGN KEY (`id_operacji_log`) REFERENCES `operacje_log` (`id`) ON DELETE SET NULL
) ENGINE=InnoDB DEFAULT CHARSET=utf8mb4 COLLATE=utf8mb4_unicode_ci;
/*!40101 SET character_set_client = @saved_cs_client */;

--
-- Dumping data for table `partie_powiazania`
--

LOCK TABLES `partie_powiazania` WRITE;
/*!40000 ALTER TABLE `partie_powiazania` DISABLE KEYS */;
/*!40000 ALTER TABLE `partie_powiazania` ENABLE KEYS */;
UNLOCK TABLES;

--
-- Table structure for table `partie_probki`
--

DROP TABLE IF EXISTS `partie_probki`;
/*!40101 SET @saved_cs_client     = @@character_set_client */;
/*!50503 SET character_set_client = utf8mb4 */;
CREATE TABLE `partie_probki` (
  `id` int NOT NULL AUTO_INCREMENT,
  `id_partii_surowca` int NOT NULL,
  `numer_probki` varchar(50) COLLATE utf8mb4_unicode_ci NOT NULL,
  `data_pobrania` timestamp NULL DEFAULT CURRENT_TIMESTAMP,
  `pobrana_przez` varchar(100) COLLATE utf8mb4_unicode_ci DEFAULT NULL,
  `lokalizacja_pobrania` varchar(100) COLLATE utf8mb4_unicode_ci DEFAULT NULL,
  `typ_probki` enum('RUTYNOWA','KONTROLNA','REKLAMACYJNA','WALIDACYJNA') COLLATE utf8mb4_unicode_ci DEFAULT 'RUTYNOWA',
  `status_probki` enum('POBRANA','W_ANALIZIE','ZATWIERDZONA','ODRZUCONA') COLLATE utf8mb4_unicode_ci DEFAULT 'POBRANA',
  `wyniki_analizy` json DEFAULT NULL,
  `data_analizy` timestamp NULL DEFAULT NULL,
  `analizowana_przez` varchar(100) COLLATE utf8mb4_unicode_ci DEFAULT NULL,
  `uwagi` text COLLATE utf8mb4_unicode_ci,
  PRIMARY KEY (`id`),
  UNIQUE KEY `numer_probki` (`numer_probki`),
  KEY `idx_partia` (`id_partii_surowca`),
  KEY `idx_numer_probki` (`numer_probki`),
  KEY `idx_status` (`status_probki`),
  KEY `idx_data_pobrania` (`data_pobrania`),
  CONSTRAINT `partie_probki_ibfk_1` FOREIGN KEY (`id_partii_surowca`) REFERENCES `partie_surowca` (`id`) ON DELETE CASCADE
) ENGINE=InnoDB DEFAULT CHARSET=utf8mb4 COLLATE=utf8mb4_unicode_ci;
/*!40101 SET character_set_client = @saved_cs_client */;

--
-- Dumping data for table `partie_probki`
--

LOCK TABLES `partie_probki` WRITE;
/*!40000 ALTER TABLE `partie_probki` DISABLE KEYS */;
/*!40000 ALTER TABLE `partie_probki` ENABLE KEYS */;
UNLOCK TABLES;

--
-- Table structure for table `partie_statusy`
--

DROP TABLE IF EXISTS `partie_statusy`;
/*!40101 SET @saved_cs_client     = @@character_set_client */;
/*!50503 SET character_set_client = utf8mb4 */;
CREATE TABLE `partie_statusy` (
  `id_partii` int NOT NULL,
  `id_statusu` int NOT NULL,
  `data_nadania` timestamp NULL DEFAULT CURRENT_TIMESTAMP,
  PRIMARY KEY (`id_partii`,`id_statusu`),
  KEY `id_statusu` (`id_statusu`),
  CONSTRAINT `partie_statusy_ibfk_1` FOREIGN KEY (`id_partii`) REFERENCES `partie_surowca` (`id`) ON DELETE CASCADE,
  CONSTRAINT `partie_statusy_ibfk_2` FOREIGN KEY (`id_statusu`) REFERENCES `statusy` (`id`) ON DELETE CASCADE
) ENGINE=InnoDB DEFAULT CHARSET=utf8mb4 COLLATE=utf8mb4_unicode_ci COMMENT='Przypisuje wiele statusów do jednej partii';
/*!40101 SET character_set_client = @saved_cs_client */;

--
-- Dumping data for table `partie_statusy`
--

LOCK TABLES `partie_statusy` WRITE;
/*!40000 ALTER TABLE `partie_statusy` DISABLE KEYS */;
INSERT INTO `partie_statusy` VALUES (1,1,'2025-06-29 14:37:43'),(1,3,'2025-07-02 00:32:39'),(3,1,'2025-07-02 22:21:10'),(3,3,'2025-07-03 03:13:18'),(8,1,'2025-07-05 02:24:23'),(9,1,'2025-07-06 10:35:40');
/*!40000 ALTER TABLE `partie_statusy` ENABLE KEYS */;
UNLOCK TABLES;

--
-- Table structure for table `partie_surowca`
--

DROP TABLE IF EXISTS `partie_surowca`;
/*!40101 SET @saved_cs_client     = @@character_set_client */;
/*!50503 SET character_set_client = utf8mb4 */;
CREATE TABLE `partie_surowca` (
  `id` int NOT NULL AUTO_INCREMENT,
  `unikalny_kod` varchar(50) COLLATE utf8mb4_unicode_ci NOT NULL COMMENT 'Identyfikator partii, np. T10-20231027-1430-APOLLO',
  `typ_surowca` varchar(50) COLLATE utf8mb4_unicode_ci DEFAULT NULL,
  `zrodlo_pochodzenia` enum('apollo','cysterna') COLLATE utf8mb4_unicode_ci NOT NULL,
  `waga_poczatkowa_kg` decimal(10,2) NOT NULL,
  `waga_aktualna_kg` decimal(10,2) DEFAULT NULL,
  `data_utworzenia` timestamp NULL DEFAULT CURRENT_TIMESTAMP,
  `id_sprzetu` int DEFAULT NULL,
  `nazwa_partii` varchar(100) COLLATE utf8mb4_unicode_ci NOT NULL,
  `rodzaj_surowca` varchar(50) COLLATE utf8mb4_unicode_ci DEFAULT NULL,
  `id_aktualnego_sprzetu` int DEFAULT NULL,
  `status_partii` enum('W magazynie brudnym','Surowy w reaktorze','Budowanie placka','Przelewanie','Filtrowanie','Oczekiwanie na ocenę','Do ponownej filtracji','Dobielanie','Gotowy do wysłania','W magazynie czystym') COLLATE utf8mb4_unicode_ci NOT NULL,
  `aktualny_etap_procesu` enum('surowy','placek','przelew','w_kole','ocena_probki','dmuchanie','gotowy','wydmuch') COLLATE utf8mb4_unicode_ci DEFAULT 'surowy',
  `numer_cyklu_aktualnego` int DEFAULT '0',
  `czas_rozpoczecia_etapu` datetime DEFAULT NULL,
  `planowany_czas_zakonczenia` datetime DEFAULT NULL,
  `id_aktualnego_filtra` varchar(10) COLLATE utf8mb4_unicode_ci DEFAULT NULL,
  `reaktor_docelowy` varchar(10) COLLATE utf8mb4_unicode_ci DEFAULT NULL,
  `ilosc_cykli_filtracyjnych` int DEFAULT '0',
  `historia_operacji` json DEFAULT NULL,
  `partia_rodzic_id` int DEFAULT NULL,
  `typ_transformacji` enum('NOWA','TRANSFER','FILTRACJA','MIESZANIE','DZIELENIE') COLLATE utf8mb4_unicode_ci DEFAULT 'NOWA',
  `etap_procesu` enum('SUROWA','W_PROCESIE','FILTROWANA','GOTOWA','ZATWIERDZONA','ODRZUCONA') COLLATE utf8mb4_unicode_ci DEFAULT 'SUROWA',
  `pochodzenie_opis` text COLLATE utf8mb4_unicode_ci,
  `data_ostatniej_modyfikacji` timestamp NULL DEFAULT CURRENT_TIMESTAMP ON UPDATE CURRENT_TIMESTAMP,
  `utworzona_przez` varchar(100) COLLATE utf8mb4_unicode_ci DEFAULT NULL,
  `certyfikat_jakosci` text COLLATE utf8mb4_unicode_ci,
  `uwagi_operatora` text COLLATE utf8mb4_unicode_ci,
  PRIMARY KEY (`id`),
  UNIQUE KEY `unikalny_kod` (`unikalny_kod`),
  UNIQUE KEY `nazwa_partii` (`nazwa_partii`),
  KEY `id_sprzetu` (`id_sprzetu`),
  KEY `idx_partia_rodzic` (`partia_rodzic_id`),
  KEY `idx_typ_transformacji` (`typ_transformacji`),
  KEY `idx_etap_procesu` (`etap_procesu`),
  CONSTRAINT `fk_partia_rodzic` FOREIGN KEY (`partia_rodzic_id`) REFERENCES `partie_surowca` (`id`) ON DELETE SET NULL,
  CONSTRAINT `partie_surowca_ibfk_1` FOREIGN KEY (`id_sprzetu`) REFERENCES `sprzet` (`id`) ON DELETE SET NULL
) ENGINE=InnoDB AUTO_INCREMENT=10 DEFAULT CHARSET=utf8mb4 COLLATE=utf8mb4_unicode_ci COMMENT='Każdy wiersz to unikalna partia produkcyjna surowca';
/*!40101 SET character_set_client = @saved_cs_client */;

--
-- Dumping data for table `partie_surowca`
--

LOCK TABLES `partie_surowca` WRITE;
/*!40000 ALTER TABLE `partie_surowca` DISABLE KEYS */;
INSERT INTO `partie_surowca` VALUES (1,'T10-20231027-1500-APOLLO','T-10','apollo',7500.00,7650.00,'2025-06-29 14:37:43',3,'TEMP_PARTIA_1',NULL,NULL,'Surowy w reaktorze','przelew',3,'2025-07-05 05:29:46',NULL,NULL,NULL,0,NULL,NULL,'NOWA','SUROWA',NULL,'2025-07-06 08:54:48',NULL,NULL,NULL),(3,'T-10-20250703-002111-APOLLO','T-10','apollo',7500.00,7650.00,'2025-07-02 22:21:10',5,'TEMP_PARTIA_3',NULL,NULL,'Surowy w reaktorze','przelew',1,'2025-07-05 05:29:32',NULL,NULL,NULL,0,NULL,NULL,'NOWA','SUROWA',NULL,'2025-07-06 08:54:41',NULL,NULL,NULL),(8,'GC42-20250705-042423-B3b','GC42','cysterna',7777.00,7777.00,'2025-07-05 02:24:23',3,'PARTIA_GC42-20250705-042423-B3b',NULL,NULL,'Surowy w reaktorze','gotowy',0,'2025-07-05 05:29:37',NULL,NULL,NULL,0,NULL,NULL,'NOWA','SUROWA',NULL,'2025-07-06 02:45:40',NULL,NULL,NULL),(9,'44-20250706-123540-B10b','44','cysterna',7777.00,7777.00,'2025-07-06 10:35:40',13,'PARTIA_44-20250706-123540-B10b',NULL,NULL,'Surowy w reaktorze','surowy',0,NULL,NULL,NULL,NULL,0,NULL,NULL,'NOWA','SUROWA',NULL,'2025-07-06 10:37:17',NULL,NULL,NULL);
/*!40000 ALTER TABLE `partie_surowca` ENABLE KEYS */;
UNLOCK TABLES;

--
-- Table structure for table `pathfinder_test_history`
--

DROP TABLE IF EXISTS `pathfinder_test_history`;
/*!40101 SET @saved_cs_client     = @@character_set_client */;
/*!50503 SET character_set_client = utf8mb4 */;
CREATE TABLE `pathfinder_test_history` (
  `id` int NOT NULL AUTO_INCREMENT,
  `test_type` varchar(50) COLLATE utf8mb4_unicode_ci NOT NULL,
  `start_point` varchar(100) COLLATE utf8mb4_unicode_ci DEFAULT NULL,
  `end_point` varchar(100) COLLATE utf8mb4_unicode_ci DEFAULT NULL,
  `test_parameters` json DEFAULT NULL,
  `result` json DEFAULT NULL,
  `success` tinyint(1) DEFAULT NULL,
  `execution_time_ms` int DEFAULT NULL,
  `created_at` datetime DEFAULT CURRENT_TIMESTAMP,
  PRIMARY KEY (`id`)
) ENGINE=InnoDB AUTO_INCREMENT=27 DEFAULT CHARSET=utf8mb4 COLLATE=utf8mb4_unicode_ci;
/*!40101 SET character_set_client = @saved_cs_client */;

--
-- Dumping data for table `pathfinder_test_history`
--

LOCK TABLES `pathfinder_test_history` WRITE;
/*!40000 ALTER TABLE `pathfinder_test_history` DISABLE KEYS */;
INSERT INTO `pathfinder_test_history` VALUES (1,'connection_test','R1_IN','R1_OUT','{\"valve_states\": null}','{\"path\": null, \"message\": \"Brak dostępnej ścieżki z R1_IN do R1_OUT\", \"available\": false, \"path_length\": 0, \"segments_used\": []}',0,9,'2025-07-06 02:03:02'),(2,'connection_test','W_FZ_OUT_MAIN','W_R1_FZ','{\"valve_states\": null}','{\"path\": null, \"message\": \"Brak dostępnej ścieżki z W_FZ_OUT_MAIN do W_R1_FZ\", \"available\": false, \"path_length\": 0, \"segments_used\": []}',0,16,'2025-07-06 02:03:16'),(3,'connection_test','FZ_IN','FZ_OUT','{\"valve_states\": null}','{\"path\": [\"SEGM_FZ_IN_DO_FZ_OUT\"], \"message\": \"Znaleziono ścieżkę z FZ_IN do FZ_OUT\", \"available\": true, \"path_length\": 1, \"segments_used\": []}',1,9,'2025-07-06 02:07:23'),(4,'connection_test','R1_OUT','R2_IN','{\"valve_states\": null}','{\"path\": [\"SEGM_R1_OUT_DO_W_R1_FZ\", \"SEGM_W_R1_FZ_DO_W_FZ_IN_MAIN\", \"SEGM_W_FZ_IN_MAIN_DO_FZ_IN\", \"SEGM_FZ_IN_DO_FZ_OUT\", \"SEGM_FZ_OUT_DO_W_FZ_OUT_MAIN\", \"SEGM_W_FZ_OUT_MAIN_DO_R2_IN\"], \"message\": \"Znaleziono ścieżkę z R1_OUT do R2_IN\", \"available\": true, \"path_length\": 6, \"segments_used\": []}',1,30,'2025-07-06 02:10:30'),(5,'find_paths','R1_OUT','R2_IN','{\"max_paths\": 5}','{\"count\": 1, \"paths\": [{\"path\": [\"SEGM_R1_OUT_DO_W_R1_FZ\", \"SEGM_W_R1_FZ_DO_W_FZ_IN_MAIN\", \"SEGM_W_FZ_IN_MAIN_DO_FZ_IN\", \"SEGM_FZ_IN_DO_FZ_OUT\", \"SEGM_FZ_OUT_DO_W_FZ_OUT_MAIN\", \"SEGM_W_FZ_OUT_MAIN_DO_R2_IN\"], \"length\": 6, \"segments\": [], \"estimated_cost\": 5}], \"message\": \"Znaleziono 1 ścieżek z R1_OUT do R2_IN\"}',1,138,'2025-07-06 02:10:39'),(6,'connection_test','R1_OUT','R7_IN','{\"valve_states\": null}','{\"path\": null, \"message\": \"Brak dostępnej ścieżki z R1_OUT do R7_IN\", \"available\": false, \"path_length\": 0, \"segments_used\": []}',0,11,'2025-07-06 02:11:06'),(7,'valve_simulation',NULL,NULL,'{\"valve_changes\": [{\"new_state\": \"OTWARTY\", \"valve_name\": \"V_FN_IN_FN_OUT\", \"test_routes\": [{\"end\": \"R2_IN\", \"start\": \"R1_IN\"}]}]}','{\"message\": \"Wykonano symulację dla 1 zmian zaworów\", \"simulation_results\": [{\"valve_change\": \"V_FN_IN_FN_OUT: OTWARTY\", \"route_results\": [{\"route\": \"R1_IN -> R2_IN\", \"message\": \"Brak dostępnej ścieżki z R1_IN do R2_IN\", \"available\": false, \"path_length\": 0}], \"overall_impact\": \"duży_wpływ\"}]}',1,135,'2025-07-06 02:22:00'),(8,'valve_simulation',NULL,NULL,'{\"valve_changes\": [{\"new_state\": \"ZAMKNIETY\", \"valve_name\": \"V_R1_OUT_W_R1_FZ\", \"test_routes\": [{\"end\": \"R2_IN\", \"start\": \"R1_IN\"}]}]}','{\"message\": \"Wykonano symulację dla 1 zmian zaworów\", \"simulation_results\": [{\"valve_change\": \"V_R1_OUT_W_R1_FZ: ZAMKNIETY\", \"route_results\": [{\"route\": \"R1_IN -> R2_IN\", \"message\": \"Brak dostępnej ścieżki z R1_IN do R2_IN\", \"available\": false, \"path_length\": 0}], \"overall_impact\": \"duży_wpływ\"}]}',1,44,'2025-07-06 02:23:10'),(9,'valve_simulation',NULL,NULL,'{\"valve_changes\": [{\"new_state\": \"OTWARTY\", \"valve_name\": \"V_FZ_OUT_W_FZ_OUT\", \"test_routes\": [{\"end\": \"R2_IN\", \"start\": \"R1_IN\"}]}]}','{\"message\": \"Wykonano symulację dla 1 zmian zaworów\", \"simulation_results\": [{\"valve_change\": \"V_FZ_OUT_W_FZ_OUT: OTWARTY\", \"route_results\": [{\"route\": \"R1_IN -> R2_IN\", \"message\": \"Brak dostępnej ścieżki z R1_IN do R2_IN\", \"available\": false, \"path_length\": 0}], \"overall_impact\": \"duży_wpływ\"}]}',1,53,'2025-07-06 02:23:55'),(10,'connection_test','R1_OUT','R9_IN','{\"valve_states\": null}','{\"path\": null, \"message\": \"Brak dostępnej ścieżki z R1_OUT do R9_IN\", \"available\": false, \"path_length\": 0, \"segments_used\": []}',0,11,'2025-07-06 04:40:47'),(11,'find_paths','R1_OUT','R9_IN','{\"max_paths\": 5}','{\"count\": 0, \"paths\": [], \"message\": \"Brak dostępnych ścieżek z R1_OUT do R9_IN\"}',0,10,'2025-07-06 04:40:54'),(12,'connection_test','R6_OUT','R9_IN','{\"valve_states\": null}','{\"path\": null, \"message\": \"Brak dostępnej ścieżki z R6_OUT do R9_IN\", \"available\": false, \"path_length\": 0, \"segments_used\": []}',0,8,'2025-07-06 04:41:16'),(13,'connection_test','R1_OUT','R3_IN','{\"valve_states\": null}','{\"path\": [\"SEGM_R1_OUT_DO_W_R1_FZ\", \"SEGM_W_R1_FZ_DO_W_FZ_IN_MAIN\", \"SEGM_W_FZ_IN_MAIN_DO_FZ_IN\", \"SEGM_FZ_IN_DO_FZ_OUT\", \"SEGM_FZ_OUT_DO_W_FZ_OUT_MAIN\", \"SEGM_W_FZ_OUT_MAIN_DO_R3_IN\"], \"message\": \"Znaleziono ścieżkę z R1_OUT do R3_IN\", \"available\": true, \"path_length\": 6, \"segments_used\": []}',1,29,'2025-07-06 04:46:22'),(14,'connection_test','R4_OUT','R6_IN','{\"valve_states\": null}','{\"path\": null, \"message\": \"Brak dostępnej ścieżki z R4_OUT do R6_IN\", \"available\": false, \"path_length\": 0, \"segments_used\": []}',0,12,'2025-07-06 04:51:40'),(15,'connection_test','R6_OUT','R8_OUT','{\"valve_states\": null}','{\"path\": null, \"message\": \"Brak dostępnej ścieżki z R6_OUT do R8_OUT\", \"available\": false, \"path_length\": 0, \"segments_used\": []}',0,16,'2025-07-06 05:11:43'),(16,'connection_test','R7_OUT','R7_IN','{\"valve_states\": null}','{\"path\": [\"SEGM_R7_OUT_W_R7_FN\", \"SEGM_W_R7_FN_FN_IN\", \"SEGM_FN_IN_DO_FN_OUT\", \"SEGM_FN_OUT_DO_W_FN_OUT\", \"SEGM_W_FN_OUT_MAIN_DO_R7_IN\"], \"message\": \"Znaleziono ścieżkę z R7_OUT do R7_IN\", \"available\": true, \"path_length\": 5, \"segments_used\": []}',1,119,'2025-07-06 05:13:24'),(17,'connection_test','R4_OUT','R8_IN','{\"valve_states\": null}','{\"path\": null, \"message\": \"Brak dostępnej ścieżki z R4_OUT do R8_IN\", \"available\": false, \"path_length\": 0, \"segments_used\": []}',0,11,'2025-07-06 11:40:46'),(18,'find_paths','R1_IN','R8_IN','{\"max_paths\": 5}','{\"count\": 0, \"paths\": [], \"message\": \"Brak dostępnych ścieżek z R1_IN do R8_IN\"}',0,11,'2025-07-06 11:41:59'),(19,'connection_test','R1_IN','R8_IN','{\"valve_states\": null}','{\"path\": null, \"message\": \"Brak dostępnej ścieżki z R1_IN do R8_IN\", \"available\": false, \"path_length\": 0, \"segments_used\": []}',0,12,'2025-07-06 11:42:06'),(20,'connection_test','R1_OUT','R8_IN','{\"valve_states\": null}','{\"path\": [\"SEGM_R1_OUT_DO_W_R1_FZ\", \"SEGM_W_R1_FZ_DO_W_R1_R2\", \"SEGM_W_R1_R2_DO_W_R2_R3\", \"SEGM_W_R2_R3_DO_W_R3_R6_R9\", \"SEGM_W_R8_R9_DO_W_R3_R6_R9\", \"SEGM_W_R7_R8_W_R8_R9\", \"SEGM_W_R7_FN_W_R7_R8\", \"SEGM_W_R7_FN_FN_IN\", \"SEGM_FN_IN_DO_FN_OUT\", \"SEGM_FN_OUT_DO_W_FN_OUT\", \"SEGM_W_FN_OUT_MAIN_DO_R8_IN\"], \"message\": \"Znaleziono ścieżkę z R1_OUT do R8_IN\", \"available\": true, \"path_length\": 11, \"segments_used\": []}',1,28,'2025-07-06 11:42:42'),(21,'find_paths','R1_OUT','R8_IN','{\"max_paths\": 5}','{\"count\": 1, \"paths\": [{\"path\": [\"SEGM_R1_OUT_DO_W_R1_FZ\", \"SEGM_W_R1_FZ_DO_W_R1_R2\", \"SEGM_W_R1_R2_DO_W_R2_R3\", \"SEGM_W_R2_R3_DO_W_R3_R6_R9\", \"SEGM_W_R8_R9_DO_W_R3_R6_R9\", \"SEGM_W_R7_R8_W_R8_R9\", \"SEGM_W_R7_FN_W_R7_R8\", \"SEGM_W_R7_FN_FN_IN\", \"SEGM_FN_IN_DO_FN_OUT\", \"SEGM_FN_OUT_DO_W_FN_OUT\", \"SEGM_W_FN_OUT_MAIN_DO_R8_IN\"], \"length\": 11, \"segments\": [], \"estimated_cost\": 10}], \"message\": \"Znaleziono 1 ścieżek z R1_OUT do R8_IN\"}',1,83,'2025-07-06 11:42:55'),(22,'connection_test','R9_OUT','R1_IN','{\"valve_states\": null}','{\"path\": [\"SEGM_R9_OUT_W_R8_R9\", \"SEGM_W_R8_R9_W_R3_R6_R9\", \"SEGM_W_R3_R6_R9_W_R3_R2\", \"SEGM_W_R2_R3_DO_W_R1_R2\", \"SEGM_W_R1_R2_DO_W_R1_FZ\", \"SEGM_W_R1_FZ_DO_W_FZ_IN_MAIN\", \"SEGM_W_FZ_IN_MAIN_DO_FZ_IN\", \"SEGM_FZ_IN_DO_FZ_OUT\", \"SEGM_FZ_OUT_DO_W_FZ_OUT_MAIN\", \"SEGM_W_FZ_OUT_MAIN_DO_R1_IN\"], \"message\": \"Znaleziono ścieżkę z R9_OUT do R1_IN\", \"available\": true, \"path_length\": 10, \"segments_used\": []}',1,50,'2025-07-06 11:49:33'),(23,'connection_test','R9_OUT','R1_IN','{\"valve_states\": null}','{\"path\": [\"SEGM_R9_OUT_W_R8_R9\", \"SEGM_W_R8_R9_W_R3_R6_R9\", \"SEGM_W_R3_R6_R9_W_R3_R2\", \"SEGM_W_R2_R3_DO_W_R1_R2\", \"SEGM_W_R1_R2_DO_W_R1_FZ\", \"SEGM_W_R1_FZ_DO_W_FZ_IN_MAIN\", \"SEGM_W_FZ_IN_MAIN_DO_FZ_IN\", \"SEGM_FZ_IN_DO_FZ_OUT\", \"SEGM_FZ_OUT_DO_W_FZ_OUT_MAIN\", \"SEGM_W_FZ_OUT_MAIN_DO_R1_IN\"], \"message\": \"Znaleziono ścieżkę z R9_OUT do R1_IN\", \"available\": true, \"path_length\": 10, \"segments_used\": []}',1,33,'2025-07-06 11:49:47'),(24,'find_paths','R9_OUT','R1_IN','{\"max_paths\": 5}','{\"count\": 1, \"paths\": [{\"path\": [\"SEGM_R9_OUT_W_R8_R9\", \"SEGM_W_R8_R9_W_R3_R6_R9\", \"SEGM_W_R3_R6_R9_W_R3_R2\", \"SEGM_W_R2_R3_DO_W_R1_R2\", \"SEGM_W_R1_R2_DO_W_R1_FZ\", \"SEGM_W_R1_FZ_DO_W_FZ_IN_MAIN\", \"SEGM_W_FZ_IN_MAIN_DO_FZ_IN\", \"SEGM_FZ_IN_DO_FZ_OUT\", \"SEGM_FZ_OUT_DO_W_FZ_OUT_MAIN\", \"SEGM_W_FZ_OUT_MAIN_DO_R1_IN\"], \"length\": 10, \"segments\": [], \"estimated_cost\": 9}], \"message\": \"Znaleziono 1 ścieżek z R9_OUT do R1_IN\"}',1,109,'2025-07-06 11:49:49'),(25,'connection_test','R9_OUT','R1_IN','{\"valve_states\": null}','{\"path\": [\"SEGM_R9_OUT_W_R8_R9\", \"SEGM_W_R8_R9_W_R3_R6_R9\", \"SEGM_W_R3_R6_R9_W_R3_R2\", \"SEGM_W_R2_R3_DO_W_R1_R2\", \"SEGM_W_R1_R2_DO_W_R1_FZ\", \"SEGM_W_R1_FZ_DO_W_FZ_IN_MAIN\", \"SEGM_W_FZ_IN_MAIN_DO_FZ_IN\", \"SEGM_FZ_IN_DO_FZ_OUT\", \"SEGM_FZ_OUT_DO_W_FZ_OUT_MAIN\", \"SEGM_W_FZ_OUT_MAIN_DO_R1_IN\"], \"message\": \"Znaleziono ścieżkę z R9_OUT do R1_IN\", \"available\": true, \"path_length\": 10, \"segments_used\": []}',1,38,'2025-07-06 11:49:51'),(26,'connection_test','R7_OUT','R1_IN','{\"valve_states\": null}','{\"path\": [\"SEGM_R7_OUT_W_R7_FN\", \"SEGM_W_R7_FN_DO_W_R7_R8\", \"SEGM_W_R7_R8_DO_W_R8_R9\", \"SEGM_W_R8_R9_W_R3_R6_R9\", \"SEGM_W_R3_R6_R9_W_R3_R2\", \"SEGM_W_R2_R3_DO_W_R1_R2\", \"SEGM_W_R1_R2_DO_W_R1_FZ\", \"SEGM_W_R1_FZ_DO_W_FZ_IN_MAIN\", \"SEGM_W_FZ_IN_MAIN_DO_FZ_IN\", \"SEGM_FZ_IN_DO_FZ_OUT\", \"SEGM_FZ_OUT_DO_W_FZ_OUT_MAIN\", \"SEGM_W_FZ_OUT_MAIN_DO_R1_IN\"], \"message\": \"Znaleziono ścieżkę z R7_OUT do R1_IN\", \"available\": true, \"path_length\": 12, \"segments_used\": []}',1,45,'2025-07-06 11:50:05');
/*!40000 ALTER TABLE `pathfinder_test_history` ENABLE KEYS */;
UNLOCK TABLES;

--
-- Table structure for table `porty_sprzetu`
--

DROP TABLE IF EXISTS `porty_sprzetu`;
/*!40101 SET @saved_cs_client     = @@character_set_client */;
/*!50503 SET character_set_client = utf8mb4 */;
CREATE TABLE `porty_sprzetu` (
  `id` int NOT NULL AUTO_INCREMENT,
  `id_sprzetu` int NOT NULL,
  `nazwa_portu` varchar(50) COLLATE utf8mb4_unicode_ci NOT NULL,
  `typ_portu` enum('IN','OUT') COLLATE utf8mb4_unicode_ci NOT NULL,
  PRIMARY KEY (`id`),
  UNIQUE KEY `nazwa_portu` (`nazwa_portu`),
  KEY `id_sprzetu` (`id_sprzetu`),
  CONSTRAINT `porty_sprzetu_ibfk_1` FOREIGN KEY (`id_sprzetu`) REFERENCES `sprzet` (`id`) ON DELETE CASCADE
) ENGINE=InnoDB AUTO_INCREMENT=27 DEFAULT CHARSET=utf8mb4 COLLATE=utf8mb4_unicode_ci COMMENT='Punkty wejściowe/wyjściowe na sprzęcie (reaktorach, filtrach)';
/*!40101 SET character_set_client = @saved_cs_client */;

--
-- Dumping data for table `porty_sprzetu`
--

LOCK TABLES `porty_sprzetu` WRITE;
/*!40000 ALTER TABLE `porty_sprzetu` DISABLE KEYS */;
INSERT INTO `porty_sprzetu` VALUES (1,1,'R1_IN','IN'),(2,1,'R1_OUT','OUT'),(3,2,'R2_IN','IN'),(4,2,'R2_OUT','OUT'),(5,3,'R3_IN','IN'),(6,3,'R3_OUT','OUT'),(7,4,'R4_IN','IN'),(8,4,'R4_OUT','OUT'),(9,5,'R5_IN','IN'),(10,5,'R5_OUT','OUT'),(11,6,'FZ_IN','IN'),(12,6,'FZ_OUT','OUT'),(13,7,'FN_IN','IN'),(14,7,'FN_OUT','OUT'),(16,10,'R6_IN','IN'),(17,11,'R7_IN','IN'),(18,12,'R8_IN','IN'),(19,13,'R9_IN','IN'),(23,10,'R6_OUT','OUT'),(24,11,'R7_OUT','OUT'),(25,12,'R8_OUT','OUT'),(26,13,'R9_OUT','OUT');
/*!40000 ALTER TABLE `porty_sprzetu` ENABLE KEYS */;
UNLOCK TABLES;

--
-- Table structure for table `probki_ocena`
--

DROP TABLE IF EXISTS `probki_ocena`;
/*!40101 SET @saved_cs_client     = @@character_set_client */;
/*!50503 SET character_set_client = utf8mb4 */;
CREATE TABLE `probki_ocena` (
  `id` int NOT NULL AUTO_INCREMENT,
  `id_partii` int NOT NULL,
  `id_cyklu_filtracyjnego` int NOT NULL,
  `czas_pobrania` datetime NOT NULL,
  `czas_oceny` datetime DEFAULT NULL,
  `wynik_oceny` enum('pozytywna','negatywna','oczekuje') COLLATE utf8mb4_unicode_ci DEFAULT 'oczekuje',
  `ocena_koloru` varchar(50) COLLATE utf8mb4_unicode_ci DEFAULT NULL,
  `decyzja` enum('kontynuuj_filtracje','wyslij_do_magazynu','dodaj_ziemie') COLLATE utf8mb4_unicode_ci DEFAULT NULL,
  `operator_oceniajacy` varchar(100) COLLATE utf8mb4_unicode_ci DEFAULT NULL,
  `uwagi` text COLLATE utf8mb4_unicode_ci,
  PRIMARY KEY (`id`),
  KEY `id_cyklu_filtracyjnego` (`id_cyklu_filtracyjnego`),
  KEY `idx_partia_czas` (`id_partii`,`czas_pobrania`),
  CONSTRAINT `probki_ocena_ibfk_1` FOREIGN KEY (`id_partii`) REFERENCES `partie_surowca` (`id`) ON DELETE CASCADE,
  CONSTRAINT `probki_ocena_ibfk_2` FOREIGN KEY (`id_cyklu_filtracyjnego`) REFERENCES `cykle_filtracyjne` (`id`) ON DELETE CASCADE
) ENGINE=InnoDB DEFAULT CHARSET=utf8mb4 COLLATE=utf8mb4_unicode_ci COMMENT='Rejestr próbek i ich ocen podczas procesu filtracji';
/*!40101 SET character_set_client = @saved_cs_client */;

--
-- Dumping data for table `probki_ocena`
--

LOCK TABLES `probki_ocena` WRITE;
/*!40000 ALTER TABLE `probki_ocena` DISABLE KEYS */;
/*!40000 ALTER TABLE `probki_ocena` ENABLE KEYS */;
UNLOCK TABLES;

--
-- Table structure for table `segmenty`
--

DROP TABLE IF EXISTS `segmenty`;
/*!40101 SET @saved_cs_client     = @@character_set_client */;
/*!50503 SET character_set_client = utf8mb4 */;
CREATE TABLE `segmenty` (
  `id` int NOT NULL AUTO_INCREMENT,
  `nazwa_segmentu` varchar(100) COLLATE utf8mb4_unicode_ci NOT NULL,
  `id_portu_startowego` int DEFAULT NULL,
  `id_wezla_startowego` int DEFAULT NULL,
  `id_portu_koncowego` int DEFAULT NULL,
  `id_wezla_koncowego` int DEFAULT NULL,
  `id_zaworu` int NOT NULL,
  PRIMARY KEY (`id`),
  UNIQUE KEY `nazwa_segmentu` (`nazwa_segmentu`),
  KEY `id_portu_startowego` (`id_portu_startowego`),
  KEY `id_wezla_startowego` (`id_wezla_startowego`),
  KEY `id_portu_koncowego` (`id_portu_koncowego`),
  KEY `id_wezla_koncowego` (`id_wezla_koncowego`),
  KEY `id_zaworu` (`id_zaworu`),
  CONSTRAINT `segmenty_ibfk_1` FOREIGN KEY (`id_portu_startowego`) REFERENCES `porty_sprzetu` (`id`),
  CONSTRAINT `segmenty_ibfk_2` FOREIGN KEY (`id_wezla_startowego`) REFERENCES `wezly_rurociagu` (`id`),
  CONSTRAINT `segmenty_ibfk_3` FOREIGN KEY (`id_portu_koncowego`) REFERENCES `porty_sprzetu` (`id`),
  CONSTRAINT `segmenty_ibfk_4` FOREIGN KEY (`id_wezla_koncowego`) REFERENCES `wezly_rurociagu` (`id`),
  CONSTRAINT `segmenty_ibfk_5` FOREIGN KEY (`id_zaworu`) REFERENCES `zawory` (`id`),
  CONSTRAINT `chk_end` CHECK (((`id_portu_koncowego` is not null) or (`id_wezla_koncowego` is not null))),
  CONSTRAINT `chk_start` CHECK (((`id_portu_startowego` is not null) or (`id_wezla_startowego` is not null)))
) ENGINE=InnoDB AUTO_INCREMENT=57 DEFAULT CHARSET=utf8mb4 COLLATE=utf8mb4_unicode_ci COMMENT='Definiuje fizyczne połączenia (krawędzie grafu)';
/*!40101 SET character_set_client = @saved_cs_client */;

--
-- Dumping data for table `segmenty`
--

LOCK TABLES `segmenty` WRITE;
/*!40000 ALTER TABLE `segmenty` DISABLE KEYS */;
INSERT INTO `segmenty` VALUES (1,'SEGM_R3_OUT_DO_W_R2_R3',6,NULL,NULL,1,1),(2,'SEGM_W_R2_R3_DO_W_R1_R2',NULL,1,NULL,2,2),(3,'SEGM_W_R1_R2_DO_W_R1_FZ',NULL,2,NULL,3,3),(4,'SEGM_R5_OUT_DO_W_R4_R5',10,NULL,NULL,4,4),(5,'SEGM_W_R4_R5_DO_W_R4_FZ',NULL,4,NULL,5,5),(6,'SEGM_W_R1_FZ_DO_W_FZ_IN_MAIN',NULL,3,NULL,6,6),(7,'SEGM_W_R4_FZ_DO_W_FZ_IN_MAIN',NULL,5,NULL,6,7),(8,'SEGM_W_FZ_IN_MAIN_DO_FZ_IN',NULL,6,11,NULL,8),(9,'SEGM_FZ_OUT_DO_W_FZ_OUT_MAIN',12,NULL,NULL,7,9),(10,'SEGM_W_FZ_OUT_MAIN_DO_R1_IN',NULL,7,1,NULL,10),(11,'SEGM_W_FZ_OUT_MAIN_DO_R2_IN',NULL,7,3,NULL,11),(12,'SEGM_W_FZ_OUT_MAIN_DO_R3_IN',NULL,7,5,NULL,12),(13,'SEGM_W_FZ_OUT_MAIN_DO_R4_IN',NULL,7,7,NULL,13),(14,'SEGM_W_FZ_OUT_MAIN_DO_R5_IN',NULL,7,9,NULL,14),(15,'SEGM_FZ_IN_DO_FZ_OUT',11,NULL,12,NULL,15),(16,'SEGM_R2_OUT_DO_W_R1_R2',4,NULL,NULL,2,16),(17,'SEGM_R1_OUT_DO_W_R1_FZ',2,NULL,NULL,3,17),(18,'SEGM_R4_OUT_DO_W_R4_FZ',8,NULL,NULL,5,18),(21,'SEGM_FN_IN_DO_FN_OUT',13,NULL,14,NULL,21),(22,'SEGM_W_R3_R6_R9_W_R3_R2',NULL,13,NULL,1,30),(23,'SEGM_W_R7_R8_W_R8_R9',NULL,11,NULL,10,27),(24,'SEGM_W_R7_FN_W_R7_R8',NULL,10,NULL,9,26),(25,'SEGM_R7_OUT_W_R7_FN',24,NULL,NULL,9,22),(26,'SEGM_R8_OUT_W_R7_R8',25,NULL,NULL,10,23),(27,'SEGM_R9_OUT_W_R8_R9',26,NULL,NULL,11,24),(28,'SEGM_W_R8_R9_W_R3_R6_R9',NULL,11,NULL,13,28),(31,'SEGM_W_R3_R6_R9_W_R5_R6',NULL,13,NULL,15,29),(32,'SEGM_W_R7_FN_FN_IN',NULL,9,13,NULL,25),(33,'SEGM_R6_OUT_W_R5_R6',23,NULL,NULL,15,31),(34,'SEGM_W_R4_R5_W_R5_R6',NULL,4,NULL,15,32),(36,'SEGM_FN_OUT_DO_W_FN_OUT',14,NULL,NULL,8,33),(37,'SEGM_W_FN_OUT_MAIN_DO_R6_IN',NULL,8,16,NULL,34),(38,'SEGM_W_FN_OUT_MAIN_DO_R7_IN',NULL,8,17,NULL,35),(39,'SEGM_W_FN_OUT_MAIN_DO_R8_IN',NULL,8,18,NULL,36),(40,'SEGM_W_FN_OUT_MAIN_DO_R9_IN',NULL,8,19,NULL,37),(48,'SEGM_W_R1_FZ_DO_W_R1_R2',NULL,3,NULL,2,3),(49,'SEGM_W_R1_R2_DO_W_R2_R3',NULL,2,NULL,1,2),(50,'SEGM_W_R4_FZ_DO_W_R4_R5',NULL,5,NULL,4,5),(51,'SEGM_W_R5_R6_DO_W_R4_R5',NULL,15,NULL,4,32),(52,'SEGM_W_R2_R3_DO_W_R3_R6_R9',NULL,1,NULL,13,30),(53,'SEGM_W_R5_R6_DO_W_R3_R6_R9',NULL,15,NULL,13,29),(54,'SEGM_W_R7_FN_DO_W_R7_R8',NULL,9,NULL,10,26),(55,'SEGM_W_R7_R8_DO_W_R8_R9',NULL,10,NULL,11,27),(56,'SEGM_W_R8_R9_DO_W_R3_R6_R9',NULL,13,NULL,11,28);
/*!40000 ALTER TABLE `segmenty` ENABLE KEYS */;
UNLOCK TABLES;

--
-- Table structure for table `sprzet`
--

DROP TABLE IF EXISTS `sprzet`;
/*!40101 SET @saved_cs_client     = @@character_set_client */;
/*!50503 SET character_set_client = utf8mb4 */;
CREATE TABLE `sprzet` (
  `id` int NOT NULL AUTO_INCREMENT,
  `nazwa_unikalna` varchar(20) COLLATE utf8mb4_unicode_ci NOT NULL COMMENT 'Np. R1, FZ, B1b, B7c',
  `typ_sprzetu` enum('reaktor','filtr','beczka_brudna','beczka_czysta','apollo') COLLATE utf8mb4_unicode_ci NOT NULL,
  `pojemnosc_kg` decimal(10,2) DEFAULT NULL,
  `stan_sprzetu` varchar(50) COLLATE utf8mb4_unicode_ci DEFAULT NULL COMMENT 'Np. Pusty, W koło, Przelew, Dmuchanie filtra',
  `temperatura_aktualna` decimal(5,2) DEFAULT NULL,
  `cisnienie_aktualne` decimal(5,2) DEFAULT NULL,
  `poziom_aktualny_procent` decimal(5,2) DEFAULT NULL,
  `ostatnia_aktualizacja` datetime DEFAULT NULL,
  `temperatura_max` decimal(5,2) DEFAULT '120.00',
  `cisnienie_max` decimal(5,2) DEFAULT '6.00',
  `id_partii_surowca` int DEFAULT NULL,
  `temperatura_docelowa` decimal(5,2) DEFAULT NULL COMMENT 'Temperatura zadana przez operatora',
  PRIMARY KEY (`id`),
  UNIQUE KEY `nazwa_unikalna` (`nazwa_unikalna`)
) ENGINE=InnoDB AUTO_INCREMENT=70 DEFAULT CHARSET=utf8mb4 COLLATE=utf8mb4_unicode_ci COMMENT='Lista całego sprzętu produkcyjnego i magazynowego';
/*!40101 SET character_set_client = @saved_cs_client */;

--
-- Dumping data for table `sprzet`
--

LOCK TABLES `sprzet` WRITE;
/*!40000 ALTER TABLE `sprzet` DISABLE KEYS */;
INSERT INTO `sprzet` VALUES (1,'R1','reaktor',9000.00,'Pusty',99.55,1.43,NULL,'2025-07-06 12:51:08',60.00,6.00,NULL,30.00),(2,'R2','reaktor',9000.00,'Pusty',99.52,1.23,NULL,'2025-07-06 12:51:08',120.00,6.00,NULL,30.00),(3,'R3','reaktor',9000.00,'Zatankowany',99.50,1.51,NULL,'2025-07-06 12:51:08',120.00,6.00,NULL,30.00),(4,'R4','reaktor',9000.00,'Pusty',99.45,0.37,NULL,'2025-07-06 12:51:08',120.00,6.00,NULL,30.00),(5,'R5','reaktor',9000.00,'Zatankowany',99.40,1.69,NULL,'2025-07-06 12:51:08',120.00,6.00,NULL,30.00),(6,'FZ','filtr',NULL,'W transferze',60.00,4.71,NULL,'2025-07-06 12:51:08',120.00,6.00,NULL,NULL),(7,'FN','filtr',NULL,'Czysty',60.00,4.23,NULL,'2025-07-06 12:51:08',120.00,6.00,NULL,NULL),(8,'B1b','beczka_brudna',10000.00,'Pełna',60.00,0.00,NULL,'2025-07-06 12:51:08',120.00,6.00,NULL,NULL),(9,'B1c','beczka_czysta',10000.00,'Pusta',60.00,0.00,NULL,'2025-07-06 12:51:08',120.00,6.00,NULL,NULL),(10,'R6','reaktor',NULL,'Pusty',60.00,0.66,NULL,'2025-07-06 12:51:08',120.00,6.00,NULL,NULL),(11,'R7','reaktor',NULL,'Pusty',60.00,1.71,NULL,'2025-07-06 12:51:08',120.00,6.00,NULL,NULL),(12,'R8','reaktor',NULL,'Pusty',56.74,0.17,NULL,'2025-07-06 12:51:08',120.00,6.00,NULL,NULL),(13,'R9','reaktor',NULL,'Zatankowany',60.00,1.10,NULL,'2025-07-06 12:51:08',120.00,6.00,NULL,NULL),(14,'Apollo1','apollo',NULL,NULL,NULL,NULL,NULL,NULL,120.00,6.00,NULL,NULL),(18,'B2b','beczka_brudna',NULL,NULL,NULL,NULL,NULL,NULL,120.00,6.00,NULL,NULL),(19,'B3b','beczka_brudna',NULL,NULL,NULL,NULL,NULL,NULL,120.00,6.00,NULL,NULL),(20,'B4b','beczka_brudna',NULL,NULL,NULL,NULL,NULL,NULL,120.00,6.00,NULL,NULL),(21,'B5b','beczka_brudna',NULL,NULL,NULL,NULL,NULL,NULL,120.00,6.00,NULL,NULL),(22,'B6b','beczka_brudna',NULL,NULL,NULL,NULL,NULL,NULL,120.00,6.00,NULL,NULL),(23,'B7b','beczka_brudna',NULL,NULL,NULL,NULL,NULL,NULL,120.00,6.00,NULL,NULL),(24,'B8b','beczka_brudna',NULL,NULL,NULL,NULL,NULL,NULL,120.00,6.00,NULL,NULL),(25,'B9b','beczka_brudna',NULL,NULL,NULL,NULL,NULL,NULL,120.00,6.00,NULL,NULL),(26,'B10b','beczka_brudna',NULL,NULL,NULL,NULL,NULL,NULL,120.00,6.00,NULL,NULL),(27,'Apollo2','apollo',NULL,NULL,NULL,NULL,NULL,NULL,120.00,6.00,NULL,NULL),(28,'B2c','beczka_czysta',NULL,NULL,NULL,NULL,NULL,NULL,120.00,6.00,NULL,NULL),(29,'B3c','beczka_czysta',NULL,NULL,NULL,NULL,NULL,NULL,120.00,6.00,NULL,NULL),(30,'B4c','beczka_czysta',NULL,NULL,NULL,NULL,NULL,NULL,120.00,6.00,NULL,NULL),(31,'B5c','beczka_czysta',NULL,NULL,NULL,NULL,NULL,NULL,120.00,6.00,NULL,NULL),(32,'B6c','beczka_czysta',NULL,NULL,NULL,NULL,NULL,NULL,120.00,6.00,NULL,NULL),(33,'B7c','beczka_czysta',NULL,NULL,NULL,NULL,NULL,NULL,120.00,6.00,NULL,NULL),(34,'B8c','beczka_czysta',NULL,NULL,NULL,NULL,NULL,NULL,120.00,6.00,NULL,NULL),(35,'B9c','beczka_czysta',NULL,NULL,NULL,NULL,NULL,NULL,120.00,6.00,NULL,NULL),(36,'B10c','beczka_czysta',NULL,NULL,NULL,NULL,NULL,NULL,120.00,6.00,NULL,NULL),(37,'B11c','beczka_czysta',NULL,NULL,NULL,NULL,NULL,NULL,120.00,6.00,NULL,NULL),(38,'B12c','beczka_czysta',NULL,NULL,NULL,NULL,NULL,NULL,120.00,6.00,NULL,NULL),(39,'cysterna','',NULL,NULL,50.00,NULL,NULL,'2025-07-03 21:52:37',120.00,6.00,NULL,50.00);
/*!40000 ALTER TABLE `sprzet` ENABLE KEYS */;
UNLOCK TABLES;

--
-- Table structure for table `statusy`
--

DROP TABLE IF EXISTS `statusy`;
/*!40101 SET @saved_cs_client     = @@character_set_client */;
/*!50503 SET character_set_client = utf8mb4 */;
CREATE TABLE `statusy` (
  `id` int NOT NULL AUTO_INCREMENT,
  `nazwa_statusu` varchar(50) COLLATE utf8mb4_unicode_ci NOT NULL COMMENT 'Np. Surowy, Filtrowany, Dobielony, Wydmuch',
  PRIMARY KEY (`id`),
  UNIQUE KEY `nazwa_statusu` (`nazwa_statusu`)
) ENGINE=InnoDB AUTO_INCREMENT=8 DEFAULT CHARSET=utf8mb4 COLLATE=utf8mb4_unicode_ci COMMENT='Słownik możliwych statusów partii surowca';
/*!40101 SET character_set_client = @saved_cs_client */;

--
-- Dumping data for table `statusy`
--

LOCK TABLES `statusy` WRITE;
/*!40000 ALTER TABLE `statusy` DISABLE KEYS */;
INSERT INTO `statusy` VALUES (3,'Dobielony'),(4,'Dobielony (placek)'),(2,'Filtrowany'),(7,'Próbka Odrzucona'),(6,'Próbka OK'),(1,'Surowy'),(5,'Zawiera wydmuch');
/*!40000 ALTER TABLE `statusy` ENABLE KEYS */;
UNLOCK TABLES;

--
-- Table structure for table `typy_surowca`
--

DROP TABLE IF EXISTS `typy_surowca`;
/*!40101 SET @saved_cs_client     = @@character_set_client */;
/*!50503 SET character_set_client = utf8mb4 */;
CREATE TABLE `typy_surowca` (
  `id` int NOT NULL AUTO_INCREMENT,
  `nazwa` varchar(50) CHARACTER SET utf8mb4 COLLATE utf8mb4_unicode_ci NOT NULL,
  `opis` varchar(255) CHARACTER SET utf8mb4 COLLATE utf8mb4_unicode_ci DEFAULT NULL,
  PRIMARY KEY (`id`),
  UNIQUE KEY `nazwa` (`nazwa`)
) ENGINE=InnoDB AUTO_INCREMENT=6 DEFAULT CHARSET=utf8mb4 COLLATE=utf8mb4_unicode_ci COMMENT='Słownik typów surowca';
/*!40101 SET character_set_client = @saved_cs_client */;

--
-- Dumping data for table `typy_surowca`
--

LOCK TABLES `typy_surowca` WRITE;
/*!40000 ALTER TABLE `typy_surowca` DISABLE KEYS */;
INSERT INTO `typy_surowca` VALUES (1,'T-10','Typ surowca T-10'),(2,'19','Typ surowca 19'),(3,'44','Typ surowca 44'),(4,'GC43','Typ surowca GC43'),(5,'GC42','Typ surowca GC42');
/*!40000 ALTER TABLE `typy_surowca` ENABLE KEYS */;
UNLOCK TABLES;

--
-- Table structure for table `wezly_rurociagu`
--

DROP TABLE IF EXISTS `wezly_rurociagu`;
/*!40101 SET @saved_cs_client     = @@character_set_client */;
/*!50503 SET character_set_client = utf8mb4 */;
CREATE TABLE `wezly_rurociagu` (
  `id` int NOT NULL AUTO_INCREMENT,
  `nazwa_wezla` varchar(50) COLLATE utf8mb4_unicode_ci NOT NULL,
  PRIMARY KEY (`id`),
  UNIQUE KEY `nazwa_wezla` (`nazwa_wezla`)
) ENGINE=InnoDB AUTO_INCREMENT=16 DEFAULT CHARSET=utf8mb4 COLLATE=utf8mb4_unicode_ci COMMENT='Punkty łączeniowe w rurociągu (trójniki, kolektory)';
/*!40101 SET character_set_client = @saved_cs_client */;

--
-- Dumping data for table `wezly_rurociagu`
--

LOCK TABLES `wezly_rurociagu` WRITE;
/*!40000 ALTER TABLE `wezly_rurociagu` DISABLE KEYS */;
INSERT INTO `wezly_rurociagu` VALUES (14,'W_FN_IN_MAIN'),(8,'W_FN_OUT_MAIN'),(6,'W_FZ_IN_MAIN'),(7,'W_FZ_OUT_MAIN'),(3,'W_R1_FZ'),(2,'W_R1_R2'),(1,'W_R2_R3'),(13,'W_R3_R6_R9'),(5,'W_R4_FZ'),(4,'W_R4_R5'),(15,'W_R5_R6'),(9,'W_R7_FN'),(10,'W_R7_R8'),(11,'W_R8_R9');
/*!40000 ALTER TABLE `wezly_rurociagu` ENABLE KEYS */;
UNLOCK TABLES;

--
-- Table structure for table `zawory`
--

DROP TABLE IF EXISTS `zawory`;
/*!40101 SET @saved_cs_client     = @@character_set_client */;
/*!50503 SET character_set_client = utf8mb4 */;
CREATE TABLE `zawory` (
  `id` int NOT NULL AUTO_INCREMENT,
  `nazwa_zaworu` varchar(50) COLLATE utf8mb4_unicode_ci NOT NULL,
  `stan` enum('OTWARTY','ZAMKNIETY') COLLATE utf8mb4_unicode_ci NOT NULL DEFAULT 'ZAMKNIETY',
  PRIMARY KEY (`id`),
  UNIQUE KEY `nazwa_zaworu` (`nazwa_zaworu`)
) ENGINE=InnoDB AUTO_INCREMENT=38 DEFAULT CHARSET=utf8mb4 COLLATE=utf8mb4_unicode_ci COMMENT='Lista zaworów sterujących przepływem';
/*!40101 SET character_set_client = @saved_cs_client */;

--
-- Dumping data for table `zawory`
--

LOCK TABLES `zawory` WRITE;
/*!40000 ALTER TABLE `zawory` DISABLE KEYS */;
INSERT INTO `zawory` VALUES (1,'V_R3_OUT_W_R2_R3','ZAMKNIETY'),(2,'V_W_R2_R3_W_R1_R2','ZAMKNIETY'),(3,'V_W_R1_R2_W_R1_FZ','ZAMKNIETY'),(4,'V_R5_OUT_W_R4_R5','ZAMKNIETY'),(5,'V_W_R4_R5_W_R4_FZ','ZAMKNIETY'),(6,'V_W_R1_FZ_W_FZ_IN','ZAMKNIETY'),(7,'V_W_R4_FZ_W_FZ_IN','ZAMKNIETY'),(8,'V_W_FZ_IN_FZ_IN','ZAMKNIETY'),(9,'V_FZ_OUT_W_FZ_OUT','ZAMKNIETY'),(10,'V_W_FZ_OUT_R1_IN','ZAMKNIETY'),(11,'V_W_FZ_OUT_R2_IN','ZAMKNIETY'),(12,'V_W_FZ_OUT_R3_IN','ZAMKNIETY'),(13,'V_W_FZ_OUT_R4_IN','ZAMKNIETY'),(14,'V_W_FZ_OUT_R5_IN','ZAMKNIETY'),(15,'V_FZ_IN_FZ_OUT','ZAMKNIETY'),(16,'V_R2_OUT_W_R1_R2','ZAMKNIETY'),(17,'V_R1_OUT_W_R1_FZ','ZAMKNIETY'),(18,'V_R4_OUT_W_R4_FZ','ZAMKNIETY'),(21,'V_FN_IN_FN_OUT','ZAMKNIETY'),(22,'V_R7_OUT_W_R7_FN','ZAMKNIETY'),(23,'V_R8_OUT_W_R7_R8','ZAMKNIETY'),(24,'V_R9_OUT_W_R8_R9','ZAMKNIETY'),(25,'V_W_R7_FN_FN_IN','ZAMKNIETY'),(26,'V_W_R7_FN_W_R7_R8','ZAMKNIETY'),(27,'V_W_R7_R8_W_R8_R9','ZAMKNIETY'),(28,'V_W_R8_R9_W_R3_R6_R9','ZAMKNIETY'),(29,'V_W_R3_R6_R9_W_R5_R6','ZAMKNIETY'),(30,'V_W_R3_R6_R9_W_R3_R2','ZAMKNIETY'),(31,'V_R6_OUT_W_R5_R6','ZAMKNIETY'),(32,'V_W_R4_R5_W_R5_R6','ZAMKNIETY'),(33,'V_FN_OUT_DO_W_FN_OUT','ZAMKNIETY'),(34,'V_W_FN_OUT_MAIN_DO_R6_IN','ZAMKNIETY'),(35,'V_W_FN_OUT_MAIN_DO_R7_IN','ZAMKNIETY'),(36,'V_W_FN_OUT_MAIN_DO_R8_IN','ZAMKNIETY'),(37,'V_W_FN_OUT_MAIN_DO_R9_IN','ZAMKNIETY');
/*!40000 ALTER TABLE `zawory` ENABLE KEYS */;
UNLOCK TABLES;

--
-- Dumping events for database 'mes_parafina_db'
--

--
-- Dumping routines for database 'mes_parafina_db'
--
/*!40103 SET TIME_ZONE=@OLD_TIME_ZONE */;

/*!40101 SET SQL_MODE=@OLD_SQL_MODE */;
/*!40014 SET FOREIGN_KEY_CHECKS=@OLD_FOREIGN_KEY_CHECKS */;
/*!40014 SET UNIQUE_CHECKS=@OLD_UNIQUE_CHECKS */;
/*!40101 SET CHARACTER_SET_CLIENT=@OLD_CHARACTER_SET_CLIENT */;
/*!40101 SET CHARACTER_SET_RESULTS=@OLD_CHARACTER_SET_RESULTS */;
/*!40101 SET COLLATION_CONNECTION=@OLD_COLLATION_CONNECTION */;
/*!40111 SET SQL_NOTES=@OLD_SQL_NOTES */;

-- Dump completed on 2025-07-06 12:51:30
