-- MySQL dump 10.13  Distrib 8.0.42, for Win64 (x86_64)
--
-- Host: 10.142.237.217    Database: mes_parafina_db
-- ------------------------------------------------------
-- Server version	8.0.42-0ubuntu0.22.04.1

/*!40101 SET @OLD_CHARACTER_SET_CLIENT=@@CHARACTER_SET_CLIENT */;
/*!40101 SET @OLD_CHARACTER_SET_RESULTS=@@CHARACTER_SET_RESULTS */;
/*!40101 SET @OLD_COLLATION_CONNECTION=@@COLLATION_CONNECTION */;
/*!50503 SET NAMES utf8 */;
/*!40103 SET @OLD_TIME_ZONE=@@TIME_ZONE */;
/*!40103 SET TIME_ZONE='+00:00' */;
/*!40014 SET @OLD_UNIQUE_CHECKS=@@UNIQUE_CHECKS, UNIQUE_CHECKS=0 */;
/*!40014 SET @OLD_FOREIGN_KEY_CHECKS=@@FOREIGN_KEY_CHECKS, FOREIGN_KEY_CHECKS=0 */;
/*!40101 SET @OLD_SQL_MODE=@@SQL_MODE, SQL_MODE='NO_AUTO_VALUE_ON_ZERO' */;
/*!40111 SET @OLD_SQL_NOTES=@@SQL_NOTES, SQL_NOTES=0 */;

--
-- Table structure for table `alarmy`
--

DROP TABLE IF EXISTS `alarmy`;
/*!40101 SET @saved_cs_client     = @@character_set_client */;
/*!50503 SET character_set_client = utf8mb4 */;
CREATE TABLE `alarmy` (
  `id` int NOT NULL AUTO_INCREMENT,
  `typ_alarmu` enum('TEMPERATURA','CISNIENIE','POZIOM','SYSTEM') COLLATE utf8mb4_unicode_ci NOT NULL,
  `nazwa_sprzetu` varchar(100) COLLATE utf8mb4_unicode_ci NOT NULL,
  `wartosc` decimal(10,2) NOT NULL,
  `limit_przekroczenia` decimal(10,2) NOT NULL,
  `czas_wystapienia` datetime NOT NULL,
  `status_alarmu` enum('AKTYWNY','POTWIERDZONY','ZAKONCZONY') COLLATE utf8mb4_unicode_ci DEFAULT 'AKTYWNY',
  `czas_potwierdzenia` datetime DEFAULT NULL,
  `czas_zakonczenia` datetime DEFAULT NULL,
  `komentarz` text COLLATE utf8mb4_unicode_ci,
  PRIMARY KEY (`id`)
) ENGINE=InnoDB AUTO_INCREMENT=313 DEFAULT CHARSET=utf8mb4 COLLATE=utf8mb4_unicode_ci;
/*!40101 SET character_set_client = @saved_cs_client */;

--
-- Dumping data for table `alarmy`
--

LOCK TABLES `alarmy` WRITE;
/*!40000 ALTER TABLE `alarmy` DISABLE KEYS */;
INSERT INTO `alarmy` VALUES (143,'TEMPERATURA','R1',117.20,60.00,'2025-07-03 08:21:23','POTWIERDZONY','2025-07-03 08:37:57',NULL,NULL),(144,'TEMPERATURA','R5',126.84,120.00,'2025-07-03 08:21:23','POTWIERDZONY','2025-07-03 08:37:56',NULL,NULL),(145,'TEMPERATURA','R1',117.70,60.00,'2025-07-03 08:21:23','POTWIERDZONY','2025-07-03 08:37:54',NULL,NULL),(146,'TEMPERATURA','R5',127.33,120.00,'2025-07-03 08:21:23','POTWIERDZONY','2025-07-03 08:37:53',NULL,NULL),(147,'TEMPERATURA','R1',67.97,60.00,'2025-07-03 08:26:23','POTWIERDZONY','2025-07-03 08:38:00',NULL,NULL),(148,'TEMPERATURA','R1',68.46,60.00,'2025-07-03 08:26:23','POTWIERDZONY','2025-07-03 08:37:58',NULL,NULL),(149,'TEMPERATURA','R1',70.47,60.00,'2025-07-03 08:31:23','POTWIERDZONY','2025-07-03 08:37:50',NULL,NULL),(150,'TEMPERATURA','R1',70.96,60.00,'2025-07-03 08:31:23','POTWIERDZONY','2025-07-03 08:37:51',NULL,NULL),(151,'TEMPERATURA','R1',73.27,60.00,'2025-07-03 08:36:23','POTWIERDZONY','2025-07-03 08:37:49',NULL,NULL),(152,'TEMPERATURA','R1',80.06,60.00,'2025-07-03 08:41:23','ZAKONCZONY',NULL,'2025-07-03 08:58:22',NULL),(153,'TEMPERATURA','R1',60.08,60.00,'2025-07-03 08:56:23','ZAKONCZONY',NULL,'2025-07-03 08:58:12',NULL),(154,'TEMPERATURA','R1',60.13,60.00,'2025-07-03 09:18:26','POTWIERDZONY','2025-07-03 09:19:27',NULL,NULL),(155,'TEMPERATURA','R1',60.63,60.00,'2025-07-03 09:19:36','ZAKONCZONY',NULL,'2025-07-03 10:14:52',NULL),(156,'TEMPERATURA','R1',61.58,60.00,'2025-07-03 09:21:23','ZAKONCZONY',NULL,'2025-07-03 10:14:42',NULL),(157,'TEMPERATURA','R1',64.08,60.00,'2025-07-03 09:26:23','ZAKONCZONY',NULL,'2025-07-03 10:14:32',NULL),(158,'TEMPERATURA','R1',66.58,60.00,'2025-07-03 09:31:23','ZAKONCZONY',NULL,'2025-07-03 10:14:22',NULL),(159,'TEMPERATURA','R1',69.08,60.00,'2025-07-03 09:36:23','ZAKONCZONY',NULL,'2025-07-03 10:14:12',NULL),(160,'TEMPERATURA','R1',71.58,60.00,'2025-07-03 09:41:23','ZAKONCZONY',NULL,'2025-07-03 10:14:02',NULL),(161,'TEMPERATURA','R1',74.08,60.00,'2025-07-03 09:46:23','ZAKONCZONY',NULL,'2025-07-03 10:13:52',NULL),(162,'TEMPERATURA','R1',76.58,60.00,'2025-07-03 09:51:23','ZAKONCZONY',NULL,'2025-07-03 10:13:42',NULL),(163,'TEMPERATURA','R1',79.08,60.00,'2025-07-03 09:56:23','ZAKONCZONY',NULL,'2025-07-03 10:13:32',NULL),(164,'TEMPERATURA','R1',81.58,60.00,'2025-07-03 10:01:23','ZAKONCZONY',NULL,'2025-07-03 10:13:22',NULL),(165,'TEMPERATURA','R1',83.65,60.00,'2025-07-03 10:06:23','ZAKONCZONY',NULL,'2025-07-03 10:13:12',NULL),(166,'TEMPERATURA','R2',120.42,120.00,'2025-07-03 10:10:25','ZAKONCZONY',NULL,'2025-07-03 10:13:22',NULL),(167,'TEMPERATURA','R3',120.38,120.00,'2025-07-03 10:10:25','ZAKONCZONY',NULL,'2025-07-03 10:13:22',NULL),(168,'TEMPERATURA','R4',120.34,120.00,'2025-07-03 10:10:25','ZAKONCZONY',NULL,'2025-07-03 10:13:22',NULL),(169,'TEMPERATURA','R5',120.31,120.00,'2025-07-03 10:10:25','ZAKONCZONY',NULL,'2025-07-03 10:13:32',NULL),(170,'TEMPERATURA','R1',86.15,60.00,'2025-07-03 10:11:23','ZAKONCZONY',NULL,'2025-07-03 10:13:02',NULL),(171,'TEMPERATURA','R2',120.44,120.00,'2025-07-03 10:11:23','ZAKONCZONY',NULL,'2025-07-03 10:13:12',NULL),(172,'TEMPERATURA','R3',120.40,120.00,'2025-07-03 10:11:23','ZAKONCZONY',NULL,'2025-07-03 10:13:12',NULL),(173,'TEMPERATURA','R4',120.36,120.00,'2025-07-03 10:11:23','ZAKONCZONY',NULL,'2025-07-03 10:13:12',NULL),(174,'TEMPERATURA','R5',120.33,120.00,'2025-07-03 10:11:23','ZAKONCZONY',NULL,'2025-07-03 10:13:22',NULL),(175,'TEMPERATURA','R1',60.11,60.00,'2025-07-03 10:23:22','ZAKONCZONY',NULL,'2025-07-03 11:28:58',NULL),(176,'TEMPERATURA','R1',61.61,60.00,'2025-07-03 10:26:23','ZAKONCZONY',NULL,'2025-07-03 11:28:58',NULL),(177,'TEMPERATURA','R1',64.11,60.00,'2025-07-03 10:31:23','ZAKONCZONY',NULL,'2025-07-03 11:28:48',NULL),(178,'TEMPERATURA','R1',66.61,60.00,'2025-07-03 10:36:23','ZAKONCZONY',NULL,'2025-07-03 11:28:48',NULL),(179,'TEMPERATURA','R1',69.11,60.00,'2025-07-03 10:41:23','ZAKONCZONY',NULL,'2025-07-03 11:28:39',NULL),(180,'TEMPERATURA','R1',71.61,60.00,'2025-07-03 10:46:23','ZAKONCZONY',NULL,'2025-07-03 11:28:38',NULL),(181,'TEMPERATURA','R1',74.11,60.00,'2025-07-03 10:51:23','ZAKONCZONY',NULL,'2025-07-03 11:28:28',NULL),(182,'TEMPERATURA','R1',76.61,60.00,'2025-07-03 10:56:23','ZAKONCZONY',NULL,'2025-07-03 11:28:28',NULL),(183,'TEMPERATURA','R1',79.11,60.00,'2025-07-03 11:01:23','ZAKONCZONY',NULL,'2025-07-03 11:28:18',NULL),(184,'TEMPERATURA','R1',81.61,60.00,'2025-07-03 11:06:23','ZAKONCZONY',NULL,'2025-07-03 11:28:18',NULL),(185,'TEMPERATURA','R1',120.56,60.00,'2025-07-03 11:47:20','ZAKONCZONY',NULL,'2025-07-03 11:49:20',NULL),(186,'TEMPERATURA','R1',120.56,60.00,'2025-07-03 11:47:58','ZAKONCZONY',NULL,'2025-07-03 11:49:10',NULL),(187,'TEMPERATURA','R1',79.19,60.00,'2025-07-03 12:47:23','ZAKONCZONY',NULL,'2025-07-03 12:47:56',NULL),(188,'TEMPERATURA','R1',120.00,60.00,'2025-07-03 12:50:20','ZAKONCZONY',NULL,'2025-07-03 12:50:56',NULL),(189,'TEMPERATURA','R1',60.22,60.00,'2025-07-03 13:11:23','ZAKONCZONY',NULL,'2025-07-03 17:01:54',NULL),(190,'TEMPERATURA','R1',61.72,60.00,'2025-07-03 13:14:55','ZAKONCZONY',NULL,'2025-07-03 17:01:53',NULL),(191,'TEMPERATURA','R1',64.22,60.00,'2025-07-03 13:19:55','ZAKONCZONY',NULL,'2025-07-03 17:01:52',NULL),(192,'TEMPERATURA','R1',66.72,60.00,'2025-07-03 13:24:55','ZAKONCZONY',NULL,'2025-07-03 17:01:51',NULL),(193,'TEMPERATURA','R1',69.22,60.00,'2025-07-03 13:29:55','ZAKONCZONY',NULL,'2025-07-03 17:01:50',NULL),(194,'TEMPERATURA','R1',71.72,60.00,'2025-07-03 13:34:55','ZAKONCZONY',NULL,'2025-07-03 17:01:49',NULL),(195,'TEMPERATURA','R1',74.22,60.00,'2025-07-03 13:39:55','ZAKONCZONY',NULL,'2025-07-03 17:01:48',NULL),(196,'TEMPERATURA','R1',76.72,60.00,'2025-07-03 13:44:55','ZAKONCZONY',NULL,'2025-07-03 17:01:47',NULL),(197,'TEMPERATURA','R2',120.04,120.00,'2025-07-03 13:48:23','ZAKONCZONY',NULL,'2025-07-03 17:01:50',NULL),(198,'TEMPERATURA','R3',120.26,120.00,'2025-07-03 13:48:55','ZAKONCZONY',NULL,'2025-07-03 17:01:58',NULL),(199,'TEMPERATURA','R4',120.23,120.00,'2025-07-03 13:48:55','ZAKONCZONY',NULL,'2025-07-03 17:02:01',NULL),(200,'TEMPERATURA','R5',120.21,120.00,'2025-07-03 13:48:55','ZAKONCZONY',NULL,'2025-07-03 17:02:04',NULL),(201,'TEMPERATURA','R1',79.22,60.00,'2025-07-03 13:49:55','ZAKONCZONY',NULL,'2025-07-03 17:01:46',NULL),(202,'TEMPERATURA','R2',120.54,120.00,'2025-07-03 13:49:55','ZAKONCZONY',NULL,'2025-07-03 17:01:49',NULL),(203,'TEMPERATURA','R3',120.49,120.00,'2025-07-03 13:49:55','ZAKONCZONY',NULL,'2025-07-03 17:01:57',NULL),(204,'TEMPERATURA','R4',120.46,120.00,'2025-07-03 13:49:55','ZAKONCZONY',NULL,'2025-07-03 17:02:00',NULL),(205,'TEMPERATURA','R5',120.44,120.00,'2025-07-03 13:49:55','ZAKONCZONY',NULL,'2025-07-03 17:02:03',NULL),(206,'TEMPERATURA','R1',81.72,60.00,'2025-07-03 13:54:55','ZAKONCZONY',NULL,'2025-07-03 17:01:45',NULL),(207,'TEMPERATURA','R2',123.04,120.00,'2025-07-03 13:54:55','ZAKONCZONY',NULL,'2025-07-03 17:01:48',NULL),(208,'TEMPERATURA','R3',122.99,120.00,'2025-07-03 13:54:55','ZAKONCZONY',NULL,'2025-07-03 17:01:56',NULL),(209,'TEMPERATURA','R4',122.96,120.00,'2025-07-03 13:54:55','ZAKONCZONY',NULL,'2025-07-03 17:01:59',NULL),(210,'TEMPERATURA','R5',122.94,120.00,'2025-07-03 13:54:55','ZAKONCZONY',NULL,'2025-07-03 17:02:02',NULL),(211,'TEMPERATURA','R1',146.72,60.00,'2025-07-03 16:04:55','ZAKONCZONY',NULL,'2025-07-03 17:01:44',NULL),(212,'TEMPERATURA','R2',188.04,120.00,'2025-07-03 16:04:55','ZAKONCZONY',NULL,'2025-07-03 17:01:47',NULL),(213,'TEMPERATURA','R3',187.99,120.00,'2025-07-03 16:04:55','ZAKONCZONY',NULL,'2025-07-03 17:01:55',NULL),(214,'TEMPERATURA','R4',187.96,120.00,'2025-07-03 16:04:55','ZAKONCZONY',NULL,'2025-07-03 17:01:58',NULL),(215,'TEMPERATURA','R5',187.94,120.00,'2025-07-03 16:04:55','ZAKONCZONY',NULL,'2025-07-03 17:02:01',NULL),(216,'TEMPERATURA','R1',149.22,60.00,'2025-07-03 16:09:55','ZAKONCZONY',NULL,'2025-07-03 17:01:43',NULL),(217,'TEMPERATURA','R2',190.54,120.00,'2025-07-03 16:09:55','ZAKONCZONY',NULL,'2025-07-03 17:01:46',NULL),(218,'TEMPERATURA','R3',190.49,120.00,'2025-07-03 16:09:55','ZAKONCZONY',NULL,'2025-07-03 17:01:54',NULL),(219,'TEMPERATURA','R4',190.46,120.00,'2025-07-03 16:09:55','ZAKONCZONY',NULL,'2025-07-03 17:01:57',NULL),(220,'TEMPERATURA','R5',190.44,120.00,'2025-07-03 16:09:55','ZAKONCZONY',NULL,'2025-07-03 17:02:00',NULL),(221,'TEMPERATURA','R1',156.72,60.00,'2025-07-03 16:24:55','ZAKONCZONY',NULL,'2025-07-03 17:01:42',NULL),(222,'TEMPERATURA','R2',198.04,120.00,'2025-07-03 16:24:55','ZAKONCZONY',NULL,'2025-07-03 17:01:45',NULL),(223,'TEMPERATURA','R3',197.99,120.00,'2025-07-03 16:24:55','ZAKONCZONY',NULL,'2025-07-03 17:01:53',NULL),(224,'TEMPERATURA','R4',197.96,120.00,'2025-07-03 16:24:55','ZAKONCZONY',NULL,'2025-07-03 17:01:56',NULL),(225,'TEMPERATURA','R5',197.94,120.00,'2025-07-03 16:24:55','ZAKONCZONY',NULL,'2025-07-03 17:01:59',NULL),(226,'TEMPERATURA','R1',159.22,60.00,'2025-07-03 16:29:55','ZAKONCZONY',NULL,'2025-07-03 17:01:41',NULL),(227,'TEMPERATURA','R2',200.54,120.00,'2025-07-03 16:29:55','ZAKONCZONY',NULL,'2025-07-03 17:01:44',NULL),(228,'TEMPERATURA','R3',200.49,120.00,'2025-07-03 16:29:55','ZAKONCZONY',NULL,'2025-07-03 17:01:52',NULL),(229,'TEMPERATURA','R4',200.46,120.00,'2025-07-03 16:29:55','ZAKONCZONY',NULL,'2025-07-03 17:01:55',NULL),(230,'TEMPERATURA','R5',200.44,120.00,'2025-07-03 16:29:55','ZAKONCZONY',NULL,'2025-07-03 17:01:58',NULL),(231,'TEMPERATURA','R1',161.72,60.00,'2025-07-03 16:34:55','ZAKONCZONY',NULL,'2025-07-03 17:01:40',NULL),(232,'TEMPERATURA','R2',203.04,120.00,'2025-07-03 16:34:55','ZAKONCZONY',NULL,'2025-07-03 17:01:43',NULL),(233,'TEMPERATURA','R3',202.99,120.00,'2025-07-03 16:34:55','ZAKONCZONY',NULL,'2025-07-03 17:01:51',NULL),(234,'TEMPERATURA','R4',202.96,120.00,'2025-07-03 16:34:55','ZAKONCZONY',NULL,'2025-07-03 17:01:54',NULL),(235,'TEMPERATURA','R5',202.94,120.00,'2025-07-03 16:34:55','ZAKONCZONY',NULL,'2025-07-03 17:01:57',NULL),(236,'TEMPERATURA','R1',164.22,60.00,'2025-07-03 16:39:55','ZAKONCZONY',NULL,'2025-07-03 17:01:39',NULL),(237,'TEMPERATURA','R2',205.54,120.00,'2025-07-03 16:39:55','ZAKONCZONY',NULL,'2025-07-03 17:01:42',NULL),(238,'TEMPERATURA','R3',205.49,120.00,'2025-07-03 16:39:55','ZAKONCZONY',NULL,'2025-07-03 17:01:50',NULL),(239,'TEMPERATURA','R4',205.46,120.00,'2025-07-03 16:39:55','ZAKONCZONY',NULL,'2025-07-03 17:01:53',NULL),(240,'TEMPERATURA','R5',205.44,120.00,'2025-07-03 16:39:55','ZAKONCZONY',NULL,'2025-07-03 17:01:56',NULL),(241,'TEMPERATURA','R1',166.72,60.00,'2025-07-03 16:44:55','ZAKONCZONY',NULL,'2025-07-03 17:01:38',NULL),(242,'TEMPERATURA','R2',208.04,120.00,'2025-07-03 16:44:55','ZAKONCZONY',NULL,'2025-07-03 17:01:41',NULL),(243,'TEMPERATURA','R3',207.99,120.00,'2025-07-03 16:44:55','ZAKONCZONY',NULL,'2025-07-03 17:01:49',NULL),(244,'TEMPERATURA','R4',207.96,120.00,'2025-07-03 16:44:55','ZAKONCZONY',NULL,'2025-07-03 17:01:52',NULL),(245,'TEMPERATURA','R5',207.94,120.00,'2025-07-03 16:44:55','ZAKONCZONY',NULL,'2025-07-03 17:01:55',NULL),(246,'TEMPERATURA','R1',169.22,60.00,'2025-07-03 16:49:55','ZAKONCZONY',NULL,'2025-07-03 17:01:37',NULL),(247,'TEMPERATURA','R2',210.54,120.00,'2025-07-03 16:49:55','ZAKONCZONY',NULL,'2025-07-03 17:01:40',NULL),(248,'TEMPERATURA','R3',210.49,120.00,'2025-07-03 16:49:55','ZAKONCZONY',NULL,'2025-07-03 17:01:48',NULL),(249,'TEMPERATURA','R4',210.46,120.00,'2025-07-03 16:49:55','ZAKONCZONY',NULL,'2025-07-03 17:01:51',NULL),(250,'TEMPERATURA','R5',210.44,120.00,'2025-07-03 16:49:55','ZAKONCZONY',NULL,'2025-07-03 17:01:54',NULL),(251,'TEMPERATURA','R1',68.65,60.00,'2025-07-03 17:58:55','POTWIERDZONY','2025-07-03 18:27:26',NULL,NULL),(252,'TEMPERATURA','R1',68.88,60.00,'2025-07-03 17:59:55','POTWIERDZONY','2025-07-03 18:27:27',NULL,NULL),(253,'TEMPERATURA','R1',71.38,60.00,'2025-07-03 18:04:55','POTWIERDZONY','2025-07-03 18:27:28',NULL,NULL),(254,'TEMPERATURA','R1',73.88,60.00,'2025-07-03 18:09:55','POTWIERDZONY','2025-07-03 18:27:29',NULL,NULL),(255,'TEMPERATURA','R1',82.78,60.00,'2025-07-03 18:27:29','ZAKONCZONY',NULL,'2025-07-03 18:28:26',NULL),(256,'TEMPERATURA','R1',60.15,60.00,'2025-07-03 18:49:11','ZAKONCZONY',NULL,'2025-07-03 19:25:38',NULL),(257,'TEMPERATURA','R4',120.16,120.00,'2025-07-03 19:42:11','ZAKONCZONY',NULL,'2025-07-03 20:21:46',NULL),(258,'TEMPERATURA','R5',120.14,120.00,'2025-07-03 19:42:11','ZAKONCZONY',NULL,'2025-07-03 20:21:46',NULL),(259,'TEMPERATURA','R5',130.00,120.00,'2025-07-03 20:24:46','ZAKONCZONY',NULL,'2025-07-03 20:25:46',NULL),(260,'TEMPERATURA','R5',130.00,120.00,'2025-07-03 20:26:46','ZAKONCZONY',NULL,'2025-07-03 20:32:16',NULL),(261,'TEMPERATURA','R5',130.00,120.00,'2025-07-03 20:32:46','ZAKONCZONY',NULL,'2025-07-03 20:43:16',NULL),(262,'TEMPERATURA','R1',60.48,60.00,'2025-07-03 20:34:17','ZAKONCZONY',NULL,'2025-07-03 20:46:16',NULL),(263,'TEMPERATURA','R1',70.00,60.00,'2025-07-03 20:47:16','ZAKONCZONY',NULL,'2025-07-03 21:31:46',NULL),(264,'TEMPERATURA','R2',120.02,120.00,'2025-07-03 20:50:17','ZAKONCZONY',NULL,'2025-07-03 21:31:46',NULL),(265,'TEMPERATURA','R4',200.00,120.00,'2025-07-03 20:53:46','ZAKONCZONY',NULL,'2025-07-03 21:32:16',NULL),(266,'TEMPERATURA','R1',130.00,60.00,'2025-07-03 21:35:46','ZAKONCZONY',NULL,'2025-07-03 21:42:33',NULL),(267,'TEMPERATURA','R1',70.00,60.00,'2025-07-03 21:46:16','ZAKONCZONY',NULL,'2025-07-03 21:54:53',NULL),(268,'TEMPERATURA','R1',70.00,60.00,'2025-07-03 21:57:53','ZAKONCZONY',NULL,'2025-07-03 22:09:53',NULL),(269,'TEMPERATURA','R5',121.72,120.00,'2025-07-03 22:06:25','ZAKONCZONY',NULL,'2025-07-03 22:11:23',NULL),(270,'TEMPERATURA','R3',200.00,120.00,'2025-07-03 22:15:53','ZAKONCZONY',NULL,'2025-07-03 22:25:02',NULL),(271,'TEMPERATURA','R1',61.94,60.00,'2025-07-03 22:33:34','ZAKONCZONY',NULL,'2025-07-03 22:38:02',NULL),(272,'TEMPERATURA','R3',122.43,120.00,'2025-07-03 22:33:34','ZAKONCZONY',NULL,'2025-07-03 22:38:02',NULL),(273,'TEMPERATURA','R3',200.00,120.00,'2025-07-03 22:39:32','ZAKONCZONY',NULL,'2025-07-03 23:00:31',NULL),(274,'TEMPERATURA','R1',60.30,60.00,'2025-07-03 22:48:34','ZAKONCZONY',NULL,'2025-07-03 23:00:31',NULL),(275,'TEMPERATURA','R1',60.19,60.00,'2025-07-03 23:10:32','ZAKONCZONY',NULL,'2025-07-03 23:26:53',NULL),(276,'TEMPERATURA','R1',60.26,60.00,'2025-07-03 23:37:24','ZAKONCZONY',NULL,'2025-07-04 22:29:45',NULL),(277,'TEMPERATURA','R5',120.12,120.00,'2025-07-04 00:31:24','ZAKONCZONY',NULL,'2025-07-04 22:30:15',NULL),(278,'TEMPERATURA','R2',120.49,120.00,'2025-07-04 00:32:24','ZAKONCZONY',NULL,'2025-07-04 22:29:45',NULL),(279,'TEMPERATURA','R4',120.29,120.00,'2025-07-04 00:32:24','ZAKONCZONY',NULL,'2025-07-04 22:30:15',NULL),(280,'TEMPERATURA','R3',120.09,120.00,'2025-07-04 01:10:24','ZAKONCZONY',NULL,'2025-07-04 22:29:46',NULL),(281,'TEMPERATURA','R1',60.23,60.00,'2025-07-04 23:30:15','POTWIERDZONY','2025-07-04 23:56:23',NULL,NULL),(282,'TEMPERATURA','R1',73.35,60.00,'2025-07-04 23:56:45','ZAKONCZONY',NULL,'2025-07-05 03:21:39',NULL),(283,'TEMPERATURA','R2',120.06,120.00,'2025-07-05 01:29:57','ZAKONCZONY',NULL,'2025-07-05 04:24:30',NULL),(284,'TEMPERATURA','R3',120.03,120.00,'2025-07-05 01:29:57','ZAKONCZONY',NULL,'2025-07-06 10:32:21',NULL),(285,'TEMPERATURA','R4',120.01,120.00,'2025-07-05 01:29:57','ZAKONCZONY',NULL,'2025-07-06 10:32:21',NULL),(286,'TEMPERATURA','R5',120.07,120.00,'2025-07-05 01:30:10','ZAKONCZONY',NULL,'2025-07-06 10:32:21',NULL),(287,'TEMPERATURA','R1',60.01,60.00,'2025-07-05 03:53:39','ZAKONCZONY',NULL,'2025-07-05 03:57:19',NULL),(288,'TEMPERATURA','R1',60.04,60.00,'2025-07-05 04:07:19','ZAKONCZONY',NULL,'2025-07-05 04:16:40',NULL),(289,'TEMPERATURA','R1',60.07,60.00,'2025-07-05 04:48:40','ZAKONCZONY',NULL,'2025-07-06 10:32:21',NULL),(290,'TEMPERATURA','R2',351.70,120.00,'2025-07-05 15:00:07','ZAKONCZONY',NULL,'2025-07-06 10:32:21',NULL),(291,'TEMPERATURA','R1',60.36,60.00,'2025-07-06 11:32:51','POTWIERDZONY','2025-07-06 20:20:46',NULL,NULL),(292,'TEMPERATURA','R2',120.07,120.00,'2025-07-06 13:32:38','POTWIERDZONY','2025-07-06 20:20:46',NULL,NULL),(293,'TEMPERATURA','R3',120.05,120.00,'2025-07-06 13:32:38','ZAKONCZONY',NULL,'2025-07-06 13:36:08',NULL),(294,'TEMPERATURA','R4',120.01,120.00,'2025-07-06 13:32:38','ZAKONCZONY',NULL,'2025-07-06 13:37:08',NULL),(295,'TEMPERATURA','R5',120.40,120.00,'2025-07-06 13:33:15','POTWIERDZONY','2025-07-06 20:20:46',NULL,NULL),(296,'TEMPERATURA','R3',120.45,120.00,'2025-07-06 15:44:12','POTWIERDZONY','2025-07-06 20:20:45',NULL,NULL),(297,'TEMPERATURA','R8',120.43,120.00,'2025-07-06 15:56:12','POTWIERDZONY','2025-07-06 20:20:45',NULL,NULL),(298,'TEMPERATURA','R4',120.25,120.00,'2025-07-06 16:09:12','POTWIERDZONY','2025-07-06 20:20:45',NULL,NULL),(299,'TEMPERATURA','R1',324.24,60.00,'2025-07-06 20:21:00','ZAKONCZONY',NULL,'2025-07-06 22:04:10',NULL),(300,'TEMPERATURA','R2',324.21,120.00,'2025-07-06 20:21:00','ZAKONCZONY',NULL,'2025-07-06 22:04:38',NULL),(301,'TEMPERATURA','R3',258.62,120.00,'2025-07-06 20:21:00','ZAKONCZONY',NULL,'2025-07-06 22:04:38',NULL),(302,'TEMPERATURA','R4',245.92,120.00,'2025-07-06 20:21:00','ZAKONCZONY',NULL,'2025-07-06 22:04:38',NULL),(303,'TEMPERATURA','R5',324.10,120.00,'2025-07-06 20:21:00','ZAKONCZONY',NULL,'2025-07-06 22:04:38',NULL),(304,'TEMPERATURA','R8',252.60,120.00,'2025-07-06 20:21:00','ZAKONCZONY',NULL,'2025-07-07 16:07:23',NULL),(305,'TEMPERATURA','R1',61.27,60.00,'2025-07-06 23:07:07','ZAKONCZONY',NULL,'2025-07-07 16:06:53',NULL),(306,'TEMPERATURA','R2',120.08,120.00,'2025-07-07 01:04:24','ZAKONCZONY',NULL,'2025-07-07 16:06:53',NULL),(307,'TEMPERATURA','R3',120.03,120.00,'2025-07-07 01:04:24','ZAKONCZONY',NULL,'2025-07-07 16:06:53',NULL),(308,'TEMPERATURA','R4',120.01,120.00,'2025-07-07 01:04:24','ZAKONCZONY',NULL,'2025-07-07 16:06:53',NULL),(309,'TEMPERATURA','R5',120.48,120.00,'2025-07-07 01:05:24','ZAKONCZONY',NULL,'2025-07-07 16:06:53',NULL),(310,'TEMPERATURA','R6',120.45,120.00,'2025-07-07 01:05:24','ZAKONCZONY',NULL,'2025-07-07 16:09:23',NULL),(311,'TEMPERATURA','R1',60.13,60.00,'2025-07-07 17:06:54','ZAKONCZONY',NULL,'2025-07-07 17:11:58',NULL),(312,'TEMPERATURA','R1',75.00,60.00,'2025-07-07 17:19:28','AKTYWNY',NULL,NULL,NULL);
/*!40000 ALTER TABLE `alarmy` ENABLE KEYS */;
UNLOCK TABLES;

--
-- Table structure for table `cykle_filtracyjne`
--

DROP TABLE IF EXISTS `cykle_filtracyjne`;
/*!40101 SET @saved_cs_client     = @@character_set_client */;
/*!50503 SET character_set_client = utf8mb4 */;
CREATE TABLE `cykle_filtracyjne` (
  `id` int NOT NULL AUTO_INCREMENT,
  `id_partii` int DEFAULT NULL,
  `numer_cyklu` int DEFAULT NULL,
  `typ_cyklu` enum('placek','filtracja','dmuchanie') COLLATE utf8mb4_unicode_ci DEFAULT NULL,
  `id_filtra` varchar(10) COLLATE utf8mb4_unicode_ci DEFAULT NULL,
  `reaktor_startowy` varchar(10) COLLATE utf8mb4_unicode_ci DEFAULT NULL,
  `reaktor_docelowy` varchar(10) COLLATE utf8mb4_unicode_ci DEFAULT NULL,
  `czas_rozpoczecia` datetime DEFAULT NULL,
  `czas_zakonczenia` datetime DEFAULT NULL,
  `czas_trwania_minut` int DEFAULT NULL,
  `wynik_oceny` enum('pozytywna','negatywna','oczekuje') COLLATE utf8mb4_unicode_ci DEFAULT NULL,
  `komentarz` text COLLATE utf8mb4_unicode_ci,
  PRIMARY KEY (`id`),
  KEY `idx_partia_cykl` (`id_partii`,`numer_cyklu`),
  KEY `idx_filtr_czas` (`id_filtra`,`czas_rozpoczecia`),
  CONSTRAINT `cykle_filtracyjne_ibfk_1` FOREIGN KEY (`id_partii`) REFERENCES `partie_surowca` (`id`) ON DELETE CASCADE
) ENGINE=InnoDB AUTO_INCREMENT=14 DEFAULT CHARSET=utf8mb4 COLLATE=utf8mb4_unicode_ci COMMENT='Historia wszystkich cykli filtracyjnych dla każdej partii';
/*!40101 SET character_set_client = @saved_cs_client */;

--
-- Dumping data for table `cykle_filtracyjne`
--

LOCK TABLES `cykle_filtracyjne` WRITE;
/*!40000 ALTER TABLE `cykle_filtracyjne` DISABLE KEYS */;
INSERT INTO `cykle_filtracyjne` VALUES (1,1,1,'placek','FZ','r2',NULL,'2025-07-05 00:46:47','2025-07-05 00:47:32',0,'oczekuje',''),(2,1,2,'placek','FZ','r1',NULL,'2025-07-05 00:51:28','2025-07-05 00:51:57',0,'oczekuje',''),(3,1,3,'placek','FZ','r4',NULL,'2025-07-05 01:06:31','2025-07-05 05:29:46',263,'oczekuje',''),(13,3,1,'placek','FZ','',NULL,'2025-07-05 05:29:08','2025-07-05 05:29:32',0,'oczekuje','');
/*!40000 ALTER TABLE `cykle_filtracyjne` ENABLE KEYS */;
UNLOCK TABLES;

--
-- Table structure for table `historia_pomiarow`
--

DROP TABLE IF EXISTS `historia_pomiarow`;
/*!40101 SET @saved_cs_client     = @@character_set_client */;
/*!50503 SET character_set_client = utf8mb4 */;
CREATE TABLE `historia_pomiarow` (
  `id` int NOT NULL AUTO_INCREMENT,
  `id_sprzetu` int NOT NULL,
  `temperatura` decimal(5,2) DEFAULT NULL,
  `cisnienie` decimal(5,2) DEFAULT NULL,
  `czas_pomiaru` datetime NOT NULL,
  PRIMARY KEY (`id`),
  KEY `idx_historia_sprzet_czas` (`id_sprzetu`,`czas_pomiaru`),
  CONSTRAINT `historia_pomiarow_ibfk_1` FOREIGN KEY (`id_sprzetu`) REFERENCES `sprzet` (`id`)
) ENGINE=InnoDB AUTO_INCREMENT=93448 DEFAULT CHARSET=utf8mb4 COLLATE=utf8mb4_unicode_ci;
/*!40101 SET character_set_client = @saved_cs_client */;

--
-- Dumping data for table `historia_pomiarow`
--

LOCK TABLES `historia_pomiarow` WRITE;
/*!40000 ALTER TABLE `historia_pomiarow` DISABLE KEYS */;
INSERT INTO `historia_pomiarow` VALUES (92044,1,75.76,0.25,'2025-07-07 17:24:28'),(92045,2,75.74,0.50,'2025-07-07 17:24:28'),(92046,3,75.73,0.74,'2025-07-07 17:24:28'),(92047,4,75.73,0.88,'2025-07-07 17:24:28'),(92048,5,75.72,1.39,'2025-07-07 17:24:28'),(92049,6,60.00,4.79,'2025-07-07 17:24:28'),(92050,7,60.00,4.01,'2025-07-07 17:24:28'),(92051,8,60.00,0.00,'2025-07-07 17:24:28'),(92052,9,60.00,0.00,'2025-07-07 17:24:28'),(92053,10,75.70,1.40,'2025-07-07 17:24:28'),(92054,11,75.70,0.49,'2025-07-07 17:24:28'),(92055,12,75.69,1.38,'2025-07-07 17:24:28'),(92056,13,75.68,0.10,'2025-07-07 17:24:28'),(92057,1,75.76,0.92,'2025-07-07 17:24:29'),(92058,2,75.74,0.08,'2025-07-07 17:24:29'),(92059,3,75.74,0.72,'2025-07-07 17:24:29'),(92060,4,75.73,2.00,'2025-07-07 17:24:29'),(92061,5,75.72,0.84,'2025-07-07 17:24:29'),(92062,6,60.00,4.64,'2025-07-07 17:24:29'),(92063,7,60.00,4.67,'2025-07-07 17:24:29'),(92064,8,60.00,0.00,'2025-07-07 17:24:29'),(92065,9,60.00,0.00,'2025-07-07 17:24:29'),(92066,10,75.71,1.85,'2025-07-07 17:24:29'),(92067,11,75.70,0.16,'2025-07-07 17:24:29'),(92068,12,75.69,1.59,'2025-07-07 17:24:29'),(92069,13,75.68,0.78,'2025-07-07 17:24:29'),(92070,1,75.90,1.00,'2025-07-07 17:25:28'),(92071,2,75.88,1.61,'2025-07-07 17:25:28'),(92072,3,75.87,0.77,'2025-07-07 17:25:28'),(92073,4,75.87,1.70,'2025-07-07 17:25:28'),(92074,5,75.86,1.62,'2025-07-07 17:25:28'),(92075,6,60.00,4.71,'2025-07-07 17:25:28'),(92076,7,60.00,4.28,'2025-07-07 17:25:28'),(92077,8,60.00,0.00,'2025-07-07 17:25:28'),(92078,9,60.00,0.00,'2025-07-07 17:25:28'),(92079,10,75.84,1.99,'2025-07-07 17:25:28'),(92080,11,75.84,0.11,'2025-07-07 17:25:28'),(92081,12,75.83,1.48,'2025-07-07 17:25:28'),(92082,13,75.82,0.18,'2025-07-07 17:25:28'),(92083,1,75.90,0.88,'2025-07-07 17:25:29'),(92084,2,75.88,0.37,'2025-07-07 17:25:29'),(92085,3,75.88,1.80,'2025-07-07 17:25:29'),(92086,4,75.87,0.97,'2025-07-07 17:25:29'),(92087,5,75.86,0.94,'2025-07-07 17:25:29'),(92088,6,60.00,4.04,'2025-07-07 17:25:29'),(92089,7,60.00,4.15,'2025-07-07 17:25:29'),(92090,8,60.00,0.00,'2025-07-07 17:25:29'),(92091,9,60.00,0.00,'2025-07-07 17:25:29'),(92092,10,75.85,0.47,'2025-07-07 17:25:29'),(92093,11,75.84,0.76,'2025-07-07 17:25:29'),(92094,12,75.83,1.11,'2025-07-07 17:25:29'),(92095,13,75.82,0.32,'2025-07-07 17:25:29'),(92096,1,76.04,0.88,'2025-07-07 17:26:28'),(92097,2,76.02,0.26,'2025-07-07 17:26:28'),(92098,3,76.01,1.43,'2025-07-07 17:26:28'),(92099,4,76.01,1.98,'2025-07-07 17:26:28'),(92100,5,76.00,1.20,'2025-07-07 17:26:28'),(92101,6,60.00,4.56,'2025-07-07 17:26:28'),(92102,7,60.00,4.69,'2025-07-07 17:26:28'),(92103,8,60.00,0.00,'2025-07-07 17:26:28'),(92104,9,60.00,0.00,'2025-07-07 17:26:28'),(92105,10,75.98,0.29,'2025-07-07 17:26:28'),(92106,11,75.98,1.93,'2025-07-07 17:26:28'),(92107,12,75.97,1.13,'2025-07-07 17:26:28'),(92108,13,75.96,1.07,'2025-07-07 17:26:28'),(92109,1,76.04,1.04,'2025-07-07 17:26:29'),(92110,2,76.02,0.42,'2025-07-07 17:26:29'),(92111,3,76.02,1.54,'2025-07-07 17:26:29'),(92112,4,76.01,0.56,'2025-07-07 17:26:29'),(92113,5,76.00,0.00,'2025-07-07 17:26:29'),(92114,6,60.00,4.29,'2025-07-07 17:26:29'),(92115,7,60.00,4.03,'2025-07-07 17:26:29'),(92116,8,60.00,0.00,'2025-07-07 17:26:29'),(92117,9,60.00,0.00,'2025-07-07 17:26:29'),(92118,10,75.99,1.90,'2025-07-07 17:26:29'),(92119,11,75.98,0.67,'2025-07-07 17:26:29'),(92120,12,75.97,0.15,'2025-07-07 17:26:29'),(92121,13,75.96,1.96,'2025-07-07 17:26:29'),(92122,1,76.18,0.08,'2025-07-07 17:27:28'),(92123,2,76.16,0.90,'2025-07-07 17:27:28'),(92124,3,76.15,1.41,'2025-07-07 17:27:28'),(92125,4,76.15,0.57,'2025-07-07 17:27:28'),(92126,5,76.14,0.42,'2025-07-07 17:27:28'),(92127,6,60.00,4.78,'2025-07-07 17:27:28'),(92128,7,60.00,4.94,'2025-07-07 17:27:28'),(92129,8,60.00,0.00,'2025-07-07 17:27:28'),(92130,9,60.00,0.00,'2025-07-07 17:27:28'),(92131,10,76.12,0.06,'2025-07-07 17:27:28'),(92132,11,76.12,0.99,'2025-07-07 17:27:28'),(92133,12,76.11,0.74,'2025-07-07 17:27:28'),(92134,13,76.10,1.80,'2025-07-07 17:27:28'),(92135,1,76.18,0.15,'2025-07-07 17:27:29'),(92136,2,76.16,0.95,'2025-07-07 17:27:29'),(92137,3,76.16,1.12,'2025-07-07 17:27:29'),(92138,4,76.15,1.91,'2025-07-07 17:27:29'),(92139,5,76.14,2.00,'2025-07-07 17:27:29'),(92140,6,60.00,4.65,'2025-07-07 17:27:29'),(92141,7,60.00,4.01,'2025-07-07 17:27:29'),(92142,8,60.00,0.00,'2025-07-07 17:27:29'),(92143,9,60.00,0.00,'2025-07-07 17:27:29'),(92144,10,76.13,0.17,'2025-07-07 17:27:29'),(92145,11,76.12,1.03,'2025-07-07 17:27:29'),(92146,12,76.11,0.95,'2025-07-07 17:27:29'),(92147,13,76.10,0.22,'2025-07-07 17:27:29'),(92148,1,76.32,0.37,'2025-07-07 17:28:28'),(92149,2,76.30,1.81,'2025-07-07 17:28:28'),(92150,3,76.29,1.63,'2025-07-07 17:28:28'),(92151,4,76.29,1.93,'2025-07-07 17:28:28'),(92152,5,76.28,0.47,'2025-07-07 17:28:28'),(92153,6,60.00,4.09,'2025-07-07 17:28:28'),(92154,7,60.00,4.52,'2025-07-07 17:28:28'),(92155,8,60.00,0.00,'2025-07-07 17:28:28'),(92156,9,60.00,0.00,'2025-07-07 17:28:28'),(92157,10,76.26,0.97,'2025-07-07 17:28:28'),(92158,11,76.26,1.59,'2025-07-07 17:28:28'),(92159,12,76.25,0.82,'2025-07-07 17:28:28'),(92160,13,76.24,0.88,'2025-07-07 17:28:28'),(92161,1,76.32,1.02,'2025-07-07 17:28:29'),(92162,2,76.30,0.99,'2025-07-07 17:28:29'),(92163,3,76.30,0.72,'2025-07-07 17:28:29'),(92164,4,76.29,0.29,'2025-07-07 17:28:29'),(92165,5,76.28,1.03,'2025-07-07 17:28:29'),(92166,6,60.00,4.70,'2025-07-07 17:28:29'),(92167,7,60.00,4.21,'2025-07-07 17:28:29'),(92168,8,60.00,0.00,'2025-07-07 17:28:29'),(92169,9,60.00,0.00,'2025-07-07 17:28:29'),(92170,10,76.27,1.82,'2025-07-07 17:28:29'),(92171,11,76.26,0.74,'2025-07-07 17:28:29'),(92172,12,76.25,0.16,'2025-07-07 17:28:29'),(92173,13,76.24,1.69,'2025-07-07 17:28:29'),(92174,1,76.46,1.20,'2025-07-07 17:29:28'),(92175,2,76.44,0.15,'2025-07-07 17:29:28'),(92176,3,76.43,1.45,'2025-07-07 17:29:28'),(92177,4,76.43,0.87,'2025-07-07 17:29:28'),(92178,5,76.42,1.85,'2025-07-07 17:29:28'),(92179,6,60.00,4.01,'2025-07-07 17:29:28'),(92180,7,60.00,4.61,'2025-07-07 17:29:28'),(92181,8,60.00,0.00,'2025-07-07 17:29:28'),(92182,9,60.00,0.00,'2025-07-07 17:29:28'),(92183,10,76.40,0.21,'2025-07-07 17:29:28'),(92184,11,76.40,0.58,'2025-07-07 17:29:28'),(92185,12,76.39,0.29,'2025-07-07 17:29:28'),(92186,13,76.38,0.50,'2025-07-07 17:29:28'),(92187,1,76.46,0.08,'2025-07-07 17:29:29'),(92188,2,76.44,0.94,'2025-07-07 17:29:29'),(92189,3,76.44,1.84,'2025-07-07 17:29:29'),(92190,4,76.43,0.61,'2025-07-07 17:29:29'),(92191,5,76.42,0.21,'2025-07-07 17:29:29'),(92192,6,60.00,4.57,'2025-07-07 17:29:29'),(92193,7,60.00,4.38,'2025-07-07 17:29:29'),(92194,8,60.00,0.00,'2025-07-07 17:29:29'),(92195,9,60.00,0.00,'2025-07-07 17:29:29'),(92196,10,76.41,1.35,'2025-07-07 17:29:29'),(92197,11,76.40,0.76,'2025-07-07 17:29:29'),(92198,12,76.39,0.80,'2025-07-07 17:29:29'),(92199,13,76.38,1.12,'2025-07-07 17:29:29'),(92200,1,76.60,0.23,'2025-07-07 17:30:28'),(92201,2,76.58,0.15,'2025-07-07 17:30:28'),(92202,3,76.57,1.05,'2025-07-07 17:30:28'),(92203,4,76.57,0.11,'2025-07-07 17:30:28'),(92204,5,76.56,1.76,'2025-07-07 17:30:28'),(92205,6,60.00,4.36,'2025-07-07 17:30:28'),(92206,7,60.00,4.23,'2025-07-07 17:30:28'),(92207,8,60.00,0.00,'2025-07-07 17:30:28'),(92208,9,60.00,0.00,'2025-07-07 17:30:28'),(92209,10,76.54,1.23,'2025-07-07 17:30:28'),(92210,11,76.54,0.97,'2025-07-07 17:30:28'),(92211,12,76.53,0.54,'2025-07-07 17:30:28'),(92212,13,76.52,1.64,'2025-07-07 17:30:28'),(92213,1,76.60,0.90,'2025-07-07 17:30:29'),(92214,2,76.58,1.25,'2025-07-07 17:30:29'),(92215,3,76.58,1.42,'2025-07-07 17:30:29'),(92216,4,76.57,0.66,'2025-07-07 17:30:29'),(92217,5,76.56,0.46,'2025-07-07 17:30:29'),(92218,6,60.00,4.62,'2025-07-07 17:30:29'),(92219,7,60.00,4.71,'2025-07-07 17:30:29'),(92220,8,60.00,0.00,'2025-07-07 17:30:29'),(92221,9,60.00,0.00,'2025-07-07 17:30:29'),(92222,10,76.55,1.31,'2025-07-07 17:30:29'),(92223,11,76.54,0.99,'2025-07-07 17:30:29'),(92224,12,76.53,1.02,'2025-07-07 17:30:29'),(92225,13,76.52,1.96,'2025-07-07 17:30:29'),(92226,1,76.74,1.32,'2025-07-07 17:31:28'),(92227,2,76.72,0.20,'2025-07-07 17:31:28'),(92228,3,76.71,1.25,'2025-07-07 17:31:28'),(92229,4,76.71,0.86,'2025-07-07 17:31:28'),(92230,5,76.70,0.02,'2025-07-07 17:31:28'),(92231,6,60.00,4.95,'2025-07-07 17:31:28'),(92232,7,60.00,4.47,'2025-07-07 17:31:28'),(92233,8,60.00,0.00,'2025-07-07 17:31:28'),(92234,9,60.00,0.00,'2025-07-07 17:31:28'),(92235,10,76.68,0.12,'2025-07-07 17:31:28'),(92236,11,76.68,0.11,'2025-07-07 17:31:28'),(92237,12,76.67,0.91,'2025-07-07 17:31:28'),(92238,13,76.66,1.85,'2025-07-07 17:31:28'),(92239,1,76.74,1.55,'2025-07-07 17:31:29'),(92240,2,76.72,0.02,'2025-07-07 17:31:29'),(92241,3,76.72,0.11,'2025-07-07 17:31:29'),(92242,4,76.71,1.79,'2025-07-07 17:31:29'),(92243,5,76.70,0.89,'2025-07-07 17:31:29'),(92244,6,60.00,4.53,'2025-07-07 17:31:29'),(92245,7,60.00,4.34,'2025-07-07 17:31:29'),(92246,8,60.00,0.00,'2025-07-07 17:31:29'),(92247,9,60.00,0.00,'2025-07-07 17:31:29'),(92248,10,76.69,0.56,'2025-07-07 17:31:29'),(92249,11,76.68,0.55,'2025-07-07 17:31:29'),(92250,12,76.67,1.06,'2025-07-07 17:31:29'),(92251,13,76.66,0.09,'2025-07-07 17:31:29'),(92252,1,76.88,1.60,'2025-07-07 17:32:28'),(92253,2,76.86,1.43,'2025-07-07 17:32:28'),(92254,3,76.85,0.37,'2025-07-07 17:32:28'),(92255,4,76.85,1.41,'2025-07-07 17:32:28'),(92256,5,76.84,0.46,'2025-07-07 17:32:28'),(92257,6,60.00,4.55,'2025-07-07 17:32:28'),(92258,7,60.00,4.71,'2025-07-07 17:32:28'),(92259,8,60.00,0.00,'2025-07-07 17:32:28'),(92260,9,60.00,0.00,'2025-07-07 17:32:28'),(92261,10,76.82,1.72,'2025-07-07 17:32:28'),(92262,11,76.82,1.78,'2025-07-07 17:32:28'),(92263,12,76.81,0.14,'2025-07-07 17:32:28'),(92264,13,76.80,1.06,'2025-07-07 17:32:28'),(92265,1,76.88,0.77,'2025-07-07 17:32:29'),(92266,2,76.86,1.54,'2025-07-07 17:32:29'),(92267,3,76.86,0.13,'2025-07-07 17:32:29'),(92268,4,76.85,0.84,'2025-07-07 17:32:29'),(92269,5,76.84,0.20,'2025-07-07 17:32:29'),(92270,6,60.00,4.34,'2025-07-07 17:32:29'),(92271,7,60.00,4.09,'2025-07-07 17:32:29'),(92272,8,60.00,0.00,'2025-07-07 17:32:29'),(92273,9,60.00,0.00,'2025-07-07 17:32:29'),(92274,10,76.83,0.25,'2025-07-07 17:32:29'),(92275,11,76.82,1.38,'2025-07-07 17:32:29'),(92276,12,76.81,0.94,'2025-07-07 17:32:29'),(92277,13,76.80,1.69,'2025-07-07 17:32:29'),(92278,1,77.02,0.97,'2025-07-07 17:33:28'),(92279,2,77.00,0.39,'2025-07-07 17:33:28'),(92280,3,76.99,0.24,'2025-07-07 17:33:28'),(92281,4,76.99,1.00,'2025-07-07 17:33:28'),(92282,5,76.98,2.00,'2025-07-07 17:33:28'),(92283,6,60.00,4.10,'2025-07-07 17:33:28'),(92284,7,60.00,4.07,'2025-07-07 17:33:28'),(92285,8,60.00,0.00,'2025-07-07 17:33:28'),(92286,9,60.00,0.00,'2025-07-07 17:33:28'),(92287,10,76.96,1.65,'2025-07-07 17:33:28'),(92288,11,76.96,0.33,'2025-07-07 17:33:28'),(92289,12,76.95,1.57,'2025-07-07 17:33:28'),(92290,13,76.94,1.73,'2025-07-07 17:33:28'),(92291,1,77.02,1.08,'2025-07-07 17:33:29'),(92292,2,77.00,1.99,'2025-07-07 17:33:29'),(92293,3,77.00,1.98,'2025-07-07 17:33:29'),(92294,4,76.99,1.11,'2025-07-07 17:33:29'),(92295,5,76.98,1.46,'2025-07-07 17:33:29'),(92296,6,60.00,4.13,'2025-07-07 17:33:29'),(92297,7,60.00,4.23,'2025-07-07 17:33:29'),(92298,8,60.00,0.00,'2025-07-07 17:33:29'),(92299,9,60.00,0.00,'2025-07-07 17:33:29'),(92300,10,76.97,1.05,'2025-07-07 17:33:29'),(92301,11,76.96,1.67,'2025-07-07 17:33:29'),(92302,12,76.95,1.62,'2025-07-07 17:33:29'),(92303,13,76.94,0.37,'2025-07-07 17:33:29'),(92304,1,77.16,1.67,'2025-07-07 17:34:28'),(92305,2,77.14,0.57,'2025-07-07 17:34:28'),(92306,3,77.13,1.06,'2025-07-07 17:34:28'),(92307,4,77.13,1.89,'2025-07-07 17:34:28'),(92308,5,77.12,0.68,'2025-07-07 17:34:28'),(92309,6,60.00,4.81,'2025-07-07 17:34:28'),(92310,7,60.00,4.11,'2025-07-07 17:34:28'),(92311,8,60.00,0.00,'2025-07-07 17:34:28'),(92312,9,60.00,0.00,'2025-07-07 17:34:28'),(92313,10,77.10,1.06,'2025-07-07 17:34:28'),(92314,11,77.10,1.55,'2025-07-07 17:34:28'),(92315,12,77.09,0.16,'2025-07-07 17:34:28'),(92316,13,77.08,0.40,'2025-07-07 17:34:28'),(92317,1,77.16,0.91,'2025-07-07 17:34:29'),(92318,2,77.14,0.76,'2025-07-07 17:34:29'),(92319,3,77.14,0.33,'2025-07-07 17:34:29'),(92320,4,77.13,0.99,'2025-07-07 17:34:29'),(92321,5,77.12,0.00,'2025-07-07 17:34:29'),(92322,6,60.00,4.61,'2025-07-07 17:34:29'),(92323,7,60.00,4.06,'2025-07-07 17:34:29'),(92324,8,60.00,0.00,'2025-07-07 17:34:29'),(92325,9,60.00,0.00,'2025-07-07 17:34:29'),(92326,10,77.11,0.19,'2025-07-07 17:34:29'),(92327,11,77.10,1.52,'2025-07-07 17:34:29'),(92328,12,77.09,0.20,'2025-07-07 17:34:29'),(92329,13,77.08,1.78,'2025-07-07 17:34:29'),(92330,1,77.30,1.42,'2025-07-07 17:35:28'),(92331,2,77.28,0.33,'2025-07-07 17:35:28'),(92332,3,77.27,0.05,'2025-07-07 17:35:28'),(92333,4,77.27,1.39,'2025-07-07 17:35:28'),(92334,5,77.26,0.34,'2025-07-07 17:35:28'),(92335,6,60.00,4.39,'2025-07-07 17:35:28'),(92336,7,60.00,4.49,'2025-07-07 17:35:28'),(92337,8,60.00,0.00,'2025-07-07 17:35:28'),(92338,9,60.00,0.00,'2025-07-07 17:35:28'),(92339,10,77.24,1.56,'2025-07-07 17:35:28'),(92340,11,77.24,1.37,'2025-07-07 17:35:28'),(92341,12,77.23,0.39,'2025-07-07 17:35:28'),(92342,13,77.22,0.97,'2025-07-07 17:35:28'),(92343,1,77.30,0.08,'2025-07-07 17:35:29'),(92344,2,77.28,0.07,'2025-07-07 17:35:29'),(92345,3,77.28,0.58,'2025-07-07 17:35:29'),(92346,4,77.27,0.87,'2025-07-07 17:35:29'),(92347,5,77.26,1.57,'2025-07-07 17:35:29'),(92348,6,60.00,4.50,'2025-07-07 17:35:29'),(92349,7,60.00,4.22,'2025-07-07 17:35:29'),(92350,8,60.00,0.00,'2025-07-07 17:35:29'),(92351,9,60.00,0.00,'2025-07-07 17:35:29'),(92352,10,77.25,0.93,'2025-07-07 17:35:29'),(92353,11,77.24,1.22,'2025-07-07 17:35:29'),(92354,12,77.23,1.21,'2025-07-07 17:35:29'),(92355,13,77.22,1.22,'2025-07-07 17:35:29'),(92356,1,77.44,0.30,'2025-07-07 17:36:28'),(92357,2,77.42,0.33,'2025-07-07 17:36:28'),(92358,3,77.41,1.98,'2025-07-07 17:36:28'),(92359,4,77.41,0.24,'2025-07-07 17:36:28'),(92360,5,77.40,1.03,'2025-07-07 17:36:28'),(92361,6,60.00,4.22,'2025-07-07 17:36:28'),(92362,7,60.00,4.71,'2025-07-07 17:36:28'),(92363,8,60.00,0.00,'2025-07-07 17:36:28'),(92364,9,60.00,0.00,'2025-07-07 17:36:28'),(92365,10,77.38,0.12,'2025-07-07 17:36:28'),(92366,11,77.38,0.25,'2025-07-07 17:36:28'),(92367,12,77.37,0.28,'2025-07-07 17:36:28'),(92368,13,77.36,0.86,'2025-07-07 17:36:28'),(92369,1,77.44,0.72,'2025-07-07 17:36:29'),(92370,2,77.42,0.77,'2025-07-07 17:36:29'),(92371,3,77.42,0.66,'2025-07-07 17:36:29'),(92372,4,77.41,0.72,'2025-07-07 17:36:29'),(92373,5,77.40,1.90,'2025-07-07 17:36:29'),(92374,6,60.00,4.74,'2025-07-07 17:36:29'),(92375,7,60.00,4.26,'2025-07-07 17:36:29'),(92376,8,60.00,0.00,'2025-07-07 17:36:29'),(92377,9,60.00,0.00,'2025-07-07 17:36:29'),(92378,10,77.39,1.90,'2025-07-07 17:36:29'),(92379,11,77.38,1.46,'2025-07-07 17:36:29'),(92380,12,77.37,0.58,'2025-07-07 17:36:29'),(92381,13,77.36,0.24,'2025-07-07 17:36:29'),(92382,1,77.58,1.78,'2025-07-07 17:37:28'),(92383,2,77.56,1.97,'2025-07-07 17:37:28'),(92384,3,77.55,1.20,'2025-07-07 17:37:28'),(92385,4,77.55,1.27,'2025-07-07 17:37:28'),(92386,5,77.54,0.07,'2025-07-07 17:37:28'),(92387,6,60.00,4.71,'2025-07-07 17:37:28'),(92388,7,60.00,4.58,'2025-07-07 17:37:28'),(92389,8,60.00,0.00,'2025-07-07 17:37:28'),(92390,9,60.00,0.00,'2025-07-07 17:37:28'),(92391,10,77.52,1.09,'2025-07-07 17:37:28'),(92392,11,77.52,0.53,'2025-07-07 17:37:28'),(92393,12,77.51,1.86,'2025-07-07 17:37:28'),(92394,13,77.50,1.54,'2025-07-07 17:37:28'),(92395,1,77.58,0.28,'2025-07-07 17:37:29'),(92396,2,77.56,1.74,'2025-07-07 17:37:29'),(92397,3,77.56,1.06,'2025-07-07 17:37:29'),(92398,4,77.55,0.21,'2025-07-07 17:37:29'),(92399,5,77.54,0.67,'2025-07-07 17:37:29'),(92400,6,60.00,4.10,'2025-07-07 17:37:29'),(92401,7,60.00,4.70,'2025-07-07 17:37:29'),(92402,8,60.00,0.00,'2025-07-07 17:37:29'),(92403,9,60.00,0.00,'2025-07-07 17:37:29'),(92404,10,77.53,0.74,'2025-07-07 17:37:29'),(92405,11,77.52,1.03,'2025-07-07 17:37:29'),(92406,12,77.51,0.37,'2025-07-07 17:37:29'),(92407,13,77.50,1.30,'2025-07-07 17:37:29'),(92408,1,77.72,0.30,'2025-07-07 17:38:28'),(92409,2,77.70,1.49,'2025-07-07 17:38:28'),(92410,3,77.69,0.81,'2025-07-07 17:38:28'),(92411,4,77.69,1.89,'2025-07-07 17:38:28'),(92412,5,77.68,0.94,'2025-07-07 17:38:28'),(92413,6,60.00,4.37,'2025-07-07 17:38:28'),(92414,7,60.00,4.63,'2025-07-07 17:38:28'),(92415,8,60.00,0.00,'2025-07-07 17:38:28'),(92416,9,60.00,0.00,'2025-07-07 17:38:28'),(92417,10,77.66,1.64,'2025-07-07 17:38:28'),(92418,11,77.66,0.07,'2025-07-07 17:38:28'),(92419,12,77.65,0.48,'2025-07-07 17:38:28'),(92420,13,77.64,1.96,'2025-07-07 17:38:28'),(92421,1,77.72,1.89,'2025-07-07 17:38:29'),(92422,2,77.70,1.22,'2025-07-07 17:38:29'),(92423,3,77.70,1.02,'2025-07-07 17:38:29'),(92424,4,77.69,0.65,'2025-07-07 17:38:29'),(92425,5,77.68,1.48,'2025-07-07 17:38:29'),(92426,6,60.00,4.57,'2025-07-07 17:38:29'),(92427,7,60.00,4.99,'2025-07-07 17:38:29'),(92428,8,60.00,0.00,'2025-07-07 17:38:29'),(92429,9,60.00,0.00,'2025-07-07 17:38:29'),(92430,10,77.67,0.29,'2025-07-07 17:38:29'),(92431,11,77.66,1.02,'2025-07-07 17:38:29'),(92432,12,77.65,0.56,'2025-07-07 17:38:29'),(92433,13,77.64,1.40,'2025-07-07 17:38:29'),(92434,1,77.86,0.99,'2025-07-07 17:39:28'),(92435,2,77.84,1.82,'2025-07-07 17:39:28'),(92436,3,77.83,0.34,'2025-07-07 17:39:28'),(92437,4,77.83,0.40,'2025-07-07 17:39:28'),(92438,5,77.82,0.54,'2025-07-07 17:39:28'),(92439,6,60.00,4.27,'2025-07-07 17:39:28'),(92440,7,60.00,4.24,'2025-07-07 17:39:28'),(92441,8,60.00,0.00,'2025-07-07 17:39:28'),(92442,9,60.00,0.00,'2025-07-07 17:39:28'),(92443,10,77.80,1.60,'2025-07-07 17:39:28'),(92444,11,77.80,0.08,'2025-07-07 17:39:28'),(92445,12,77.79,0.28,'2025-07-07 17:39:28'),(92446,13,77.78,1.91,'2025-07-07 17:39:28'),(92447,1,77.86,1.89,'2025-07-07 17:39:29'),(92448,2,77.84,1.48,'2025-07-07 17:39:29'),(92449,3,77.84,0.31,'2025-07-07 17:39:29'),(92450,4,77.83,1.53,'2025-07-07 17:39:29'),(92451,5,77.82,1.98,'2025-07-07 17:39:29'),(92452,6,60.00,4.33,'2025-07-07 17:39:29'),(92453,7,60.00,4.67,'2025-07-07 17:39:29'),(92454,8,60.00,0.00,'2025-07-07 17:39:29'),(92455,9,60.00,0.00,'2025-07-07 17:39:29'),(92456,10,77.81,1.61,'2025-07-07 17:39:29'),(92457,11,77.80,0.45,'2025-07-07 17:39:29'),(92458,12,77.79,1.93,'2025-07-07 17:39:29'),(92459,13,77.78,1.27,'2025-07-07 17:39:29'),(92460,1,78.00,0.07,'2025-07-07 17:40:28'),(92461,2,77.98,1.01,'2025-07-07 17:40:28'),(92462,3,77.97,1.94,'2025-07-07 17:40:28'),(92463,4,77.97,1.24,'2025-07-07 17:40:28'),(92464,5,77.96,0.87,'2025-07-07 17:40:28'),(92465,6,60.00,4.88,'2025-07-07 17:40:28'),(92466,7,60.00,4.87,'2025-07-07 17:40:28'),(92467,8,60.00,0.00,'2025-07-07 17:40:28'),(92468,9,60.00,0.00,'2025-07-07 17:40:28'),(92469,10,77.94,0.10,'2025-07-07 17:40:28'),(92470,11,77.94,1.36,'2025-07-07 17:40:28'),(92471,12,77.93,1.93,'2025-07-07 17:40:28'),(92472,13,77.92,1.40,'2025-07-07 17:40:28'),(92473,1,78.00,1.47,'2025-07-07 17:40:29'),(92474,2,77.98,0.03,'2025-07-07 17:40:29'),(92475,3,77.98,0.59,'2025-07-07 17:40:29'),(92476,4,77.97,1.93,'2025-07-07 17:40:29'),(92477,5,77.96,1.33,'2025-07-07 17:40:29'),(92478,6,60.00,4.29,'2025-07-07 17:40:29'),(92479,7,60.00,4.65,'2025-07-07 17:40:29'),(92480,8,60.00,0.00,'2025-07-07 17:40:29'),(92481,9,60.00,0.00,'2025-07-07 17:40:29'),(92482,10,77.95,1.12,'2025-07-07 17:40:29'),(92483,11,77.94,0.51,'2025-07-07 17:40:29'),(92484,12,77.93,0.56,'2025-07-07 17:40:29'),(92485,13,77.92,1.59,'2025-07-07 17:40:29'),(92486,1,78.14,1.64,'2025-07-07 17:41:28'),(92487,2,78.12,1.19,'2025-07-07 17:41:28'),(92488,3,78.11,1.48,'2025-07-07 17:41:28'),(92489,4,78.11,0.46,'2025-07-07 17:41:28'),(92490,5,78.10,0.48,'2025-07-07 17:41:28'),(92491,6,60.00,4.71,'2025-07-07 17:41:28'),(92492,7,60.00,4.10,'2025-07-07 17:41:28'),(92493,8,60.00,0.00,'2025-07-07 17:41:28'),(92494,9,60.00,0.00,'2025-07-07 17:41:28'),(92495,10,78.08,1.77,'2025-07-07 17:41:28'),(92496,11,78.08,1.12,'2025-07-07 17:41:28'),(92497,12,78.07,0.29,'2025-07-07 17:41:28'),(92498,13,78.06,1.24,'2025-07-07 17:41:28'),(92499,1,78.14,1.59,'2025-07-07 17:41:29'),(92500,2,78.12,0.32,'2025-07-07 17:41:29'),(92501,3,78.12,1.44,'2025-07-07 17:41:29'),(92502,4,78.11,1.46,'2025-07-07 17:41:29'),(92503,5,78.10,1.13,'2025-07-07 17:41:29'),(92504,6,60.00,4.83,'2025-07-07 17:41:29'),(92505,7,60.00,4.28,'2025-07-07 17:41:29'),(92506,8,60.00,0.00,'2025-07-07 17:41:29'),(92507,9,60.00,0.00,'2025-07-07 17:41:29'),(92508,10,78.09,1.35,'2025-07-07 17:41:29'),(92509,11,78.08,0.74,'2025-07-07 17:41:29'),(92510,12,78.07,0.52,'2025-07-07 17:41:29'),(92511,13,78.06,1.16,'2025-07-07 17:41:29'),(92512,1,78.28,1.03,'2025-07-07 17:42:28'),(92513,2,78.26,1.32,'2025-07-07 17:42:28'),(92514,3,78.25,1.80,'2025-07-07 17:42:28'),(92515,4,78.25,1.36,'2025-07-07 17:42:28'),(92516,5,78.24,0.75,'2025-07-07 17:42:28'),(92517,6,60.00,4.18,'2025-07-07 17:42:28'),(92518,7,60.00,4.07,'2025-07-07 17:42:28'),(92519,8,60.00,0.00,'2025-07-07 17:42:28'),(92520,9,60.00,0.00,'2025-07-07 17:42:28'),(92521,10,78.22,1.03,'2025-07-07 17:42:28'),(92522,11,78.22,1.78,'2025-07-07 17:42:28'),(92523,12,78.21,1.04,'2025-07-07 17:42:28'),(92524,13,78.20,2.00,'2025-07-07 17:42:28'),(92525,1,78.28,1.31,'2025-07-07 17:42:29'),(92526,2,78.26,0.47,'2025-07-07 17:42:29'),(92527,3,78.26,0.31,'2025-07-07 17:42:29'),(92528,4,78.25,0.49,'2025-07-07 17:42:29'),(92529,5,78.24,1.29,'2025-07-07 17:42:29'),(92530,6,60.00,4.84,'2025-07-07 17:42:29'),(92531,7,60.00,4.26,'2025-07-07 17:42:29'),(92532,8,60.00,0.00,'2025-07-07 17:42:29'),(92533,9,60.00,0.00,'2025-07-07 17:42:29'),(92534,10,78.23,1.75,'2025-07-07 17:42:29'),(92535,11,78.22,1.60,'2025-07-07 17:42:29'),(92536,12,78.21,0.06,'2025-07-07 17:42:29'),(92537,13,78.20,0.78,'2025-07-07 17:42:29'),(92538,1,78.42,0.09,'2025-07-07 17:43:28'),(92539,2,78.40,1.22,'2025-07-07 17:43:28'),(92540,3,78.39,1.13,'2025-07-07 17:43:28'),(92541,4,78.39,1.36,'2025-07-07 17:43:28'),(92542,5,78.38,0.20,'2025-07-07 17:43:28'),(92543,6,60.00,4.92,'2025-07-07 17:43:28'),(92544,7,60.00,4.62,'2025-07-07 17:43:28'),(92545,8,60.00,0.00,'2025-07-07 17:43:28'),(92546,9,60.00,0.00,'2025-07-07 17:43:28'),(92547,10,78.36,1.47,'2025-07-07 17:43:28'),(92548,11,78.36,1.96,'2025-07-07 17:43:28'),(92549,12,78.35,1.89,'2025-07-07 17:43:28'),(92550,13,78.34,1.41,'2025-07-07 17:43:28'),(92551,1,78.42,0.82,'2025-07-07 17:43:29'),(92552,2,78.40,1.52,'2025-07-07 17:43:29'),(92553,3,78.40,0.79,'2025-07-07 17:43:29'),(92554,4,78.39,0.41,'2025-07-07 17:43:29'),(92555,5,78.38,1.19,'2025-07-07 17:43:29'),(92556,6,60.00,4.99,'2025-07-07 17:43:29'),(92557,7,60.00,4.79,'2025-07-07 17:43:29'),(92558,8,60.00,0.00,'2025-07-07 17:43:29'),(92559,9,60.00,0.00,'2025-07-07 17:43:29'),(92560,10,78.37,0.23,'2025-07-07 17:43:29'),(92561,11,78.36,0.86,'2025-07-07 17:43:29'),(92562,12,78.35,1.79,'2025-07-07 17:43:29'),(92563,13,78.34,1.94,'2025-07-07 17:43:29'),(92564,1,78.56,1.13,'2025-07-07 17:44:28'),(92565,2,78.54,0.70,'2025-07-07 17:44:28'),(92566,3,78.53,1.30,'2025-07-07 17:44:28'),(92567,4,78.53,1.24,'2025-07-07 17:44:28'),(92568,5,78.52,0.54,'2025-07-07 17:44:28'),(92569,6,60.00,4.96,'2025-07-07 17:44:28'),(92570,7,60.00,4.37,'2025-07-07 17:44:28'),(92571,8,60.00,0.00,'2025-07-07 17:44:28'),(92572,9,60.00,0.00,'2025-07-07 17:44:28'),(92573,10,78.50,0.45,'2025-07-07 17:44:28'),(92574,11,78.50,0.38,'2025-07-07 17:44:28'),(92575,12,78.49,1.42,'2025-07-07 17:44:28'),(92576,13,78.48,0.54,'2025-07-07 17:44:28'),(92577,1,78.56,0.80,'2025-07-07 17:44:29'),(92578,2,78.54,0.95,'2025-07-07 17:44:29'),(92579,3,78.54,0.59,'2025-07-07 17:44:29'),(92580,4,78.53,1.09,'2025-07-07 17:44:29'),(92581,5,78.52,1.98,'2025-07-07 17:44:29'),(92582,6,60.00,4.34,'2025-07-07 17:44:29'),(92583,7,60.00,4.36,'2025-07-07 17:44:29'),(92584,8,60.00,0.00,'2025-07-07 17:44:29'),(92585,9,60.00,0.00,'2025-07-07 17:44:29'),(92586,10,78.51,0.54,'2025-07-07 17:44:29'),(92587,11,78.50,0.96,'2025-07-07 17:44:29'),(92588,12,78.49,0.37,'2025-07-07 17:44:29'),(92589,13,78.48,1.59,'2025-07-07 17:44:29'),(92590,1,78.70,1.36,'2025-07-07 17:45:28'),(92591,2,78.68,0.59,'2025-07-07 17:45:28'),(92592,3,78.67,0.78,'2025-07-07 17:45:28'),(92593,4,78.67,0.98,'2025-07-07 17:45:28'),(92594,5,78.66,1.69,'2025-07-07 17:45:28'),(92595,6,60.00,4.83,'2025-07-07 17:45:28'),(92596,7,60.00,4.34,'2025-07-07 17:45:28'),(92597,8,60.00,0.00,'2025-07-07 17:45:28'),(92598,9,60.00,0.00,'2025-07-07 17:45:28'),(92599,10,78.64,1.60,'2025-07-07 17:45:28'),(92600,11,78.64,0.62,'2025-07-07 17:45:28'),(92601,12,78.63,0.88,'2025-07-07 17:45:28'),(92602,13,78.62,1.84,'2025-07-07 17:45:28'),(92603,1,78.70,0.43,'2025-07-07 17:45:29'),(92604,2,78.68,0.72,'2025-07-07 17:45:29'),(92605,3,78.68,0.88,'2025-07-07 17:45:29'),(92606,4,78.67,0.79,'2025-07-07 17:45:29'),(92607,5,78.66,0.42,'2025-07-07 17:45:29'),(92608,6,60.00,4.40,'2025-07-07 17:45:29'),(92609,7,60.00,4.89,'2025-07-07 17:45:29'),(92610,8,60.00,0.00,'2025-07-07 17:45:29'),(92611,9,60.00,0.00,'2025-07-07 17:45:29'),(92612,10,78.65,0.79,'2025-07-07 17:45:29'),(92613,11,78.64,1.23,'2025-07-07 17:45:29'),(92614,12,78.63,0.93,'2025-07-07 17:45:29'),(92615,13,78.62,1.39,'2025-07-07 17:45:29'),(92616,1,78.84,1.43,'2025-07-07 17:46:28'),(92617,2,78.82,1.92,'2025-07-07 17:46:28'),(92618,3,78.81,0.85,'2025-07-07 17:46:28'),(92619,4,78.81,1.52,'2025-07-07 17:46:28'),(92620,5,78.80,0.37,'2025-07-07 17:46:28'),(92621,6,60.00,4.92,'2025-07-07 17:46:28'),(92622,7,60.00,4.85,'2025-07-07 17:46:28'),(92623,8,60.00,0.00,'2025-07-07 17:46:28'),(92624,9,60.00,0.00,'2025-07-07 17:46:28'),(92625,10,78.78,1.52,'2025-07-07 17:46:28'),(92626,11,78.78,1.26,'2025-07-07 17:46:28'),(92627,12,78.77,0.04,'2025-07-07 17:46:28'),(92628,13,78.76,0.78,'2025-07-07 17:46:28'),(92629,1,78.84,0.75,'2025-07-07 17:46:29'),(92630,2,78.82,1.43,'2025-07-07 17:46:29'),(92631,3,78.82,1.39,'2025-07-07 17:46:29'),(92632,4,78.81,0.09,'2025-07-07 17:46:29'),(92633,5,78.80,0.43,'2025-07-07 17:46:29'),(92634,6,60.00,4.61,'2025-07-07 17:46:29'),(92635,7,60.00,4.59,'2025-07-07 17:46:29'),(92636,8,60.00,0.00,'2025-07-07 17:46:29'),(92637,9,60.00,0.00,'2025-07-07 17:46:29'),(92638,10,78.79,1.15,'2025-07-07 17:46:29'),(92639,11,78.78,0.63,'2025-07-07 17:46:29'),(92640,12,78.77,1.38,'2025-07-07 17:46:29'),(92641,13,78.76,0.10,'2025-07-07 17:46:29'),(92642,1,78.98,0.57,'2025-07-07 17:47:28'),(92643,2,78.96,0.16,'2025-07-07 17:47:28'),(92644,3,78.95,1.94,'2025-07-07 17:47:28'),(92645,4,78.95,1.63,'2025-07-07 17:47:28'),(92646,5,78.94,1.55,'2025-07-07 17:47:28'),(92647,6,60.00,4.31,'2025-07-07 17:47:28'),(92648,7,60.00,4.15,'2025-07-07 17:47:28'),(92649,8,60.00,0.00,'2025-07-07 17:47:28'),(92650,9,60.00,0.00,'2025-07-07 17:47:28'),(92651,10,78.92,0.22,'2025-07-07 17:47:28'),(92652,11,78.92,1.34,'2025-07-07 17:47:28'),(92653,12,78.91,0.65,'2025-07-07 17:47:28'),(92654,13,78.90,0.71,'2025-07-07 17:47:28'),(92655,1,78.98,0.48,'2025-07-07 17:47:29'),(92656,2,78.96,1.37,'2025-07-07 17:47:29'),(92657,3,78.96,1.23,'2025-07-07 17:47:29'),(92658,4,78.95,1.57,'2025-07-07 17:47:29'),(92659,5,78.94,1.44,'2025-07-07 17:47:29'),(92660,6,60.00,4.13,'2025-07-07 17:47:29'),(92661,7,60.00,4.09,'2025-07-07 17:47:29'),(92662,8,60.00,0.00,'2025-07-07 17:47:29'),(92663,9,60.00,0.00,'2025-07-07 17:47:29'),(92664,10,78.93,0.01,'2025-07-07 17:47:29'),(92665,11,78.92,1.33,'2025-07-07 17:47:29'),(92666,12,78.91,1.85,'2025-07-07 17:47:29'),(92667,13,78.90,0.47,'2025-07-07 17:47:29'),(92668,1,79.12,0.00,'2025-07-07 17:48:28'),(92669,2,79.10,1.05,'2025-07-07 17:48:28'),(92670,3,79.09,1.01,'2025-07-07 17:48:28'),(92671,4,79.09,0.76,'2025-07-07 17:48:28'),(92672,5,79.08,0.74,'2025-07-07 17:48:28'),(92673,6,60.00,4.11,'2025-07-07 17:48:28'),(92674,7,60.00,4.31,'2025-07-07 17:48:28'),(92675,8,60.00,0.00,'2025-07-07 17:48:28'),(92676,9,60.00,0.00,'2025-07-07 17:48:28'),(92677,10,79.06,0.48,'2025-07-07 17:48:28'),(92678,11,79.06,0.32,'2025-07-07 17:48:28'),(92679,12,79.05,1.73,'2025-07-07 17:48:28'),(92680,13,79.04,0.40,'2025-07-07 17:48:28'),(92681,1,79.12,1.67,'2025-07-07 17:48:29'),(92682,2,79.10,1.90,'2025-07-07 17:48:29'),(92683,3,79.10,0.53,'2025-07-07 17:48:29'),(92684,4,79.09,1.65,'2025-07-07 17:48:29'),(92685,5,79.08,1.62,'2025-07-07 17:48:29'),(92686,6,60.00,4.45,'2025-07-07 17:48:29'),(92687,7,60.00,4.01,'2025-07-07 17:48:29'),(92688,8,60.00,0.00,'2025-07-07 17:48:29'),(92689,9,60.00,0.00,'2025-07-07 17:48:29'),(92690,10,79.07,0.64,'2025-07-07 17:48:29'),(92691,11,79.06,0.16,'2025-07-07 17:48:29'),(92692,12,79.05,0.37,'2025-07-07 17:48:29'),(92693,13,79.04,0.44,'2025-07-07 17:48:29'),(92694,1,79.26,1.15,'2025-07-07 17:49:28'),(92695,2,79.24,0.30,'2025-07-07 17:49:28'),(92696,3,79.23,0.28,'2025-07-07 17:49:28'),(92697,4,79.23,1.54,'2025-07-07 17:49:28'),(92698,5,79.22,1.83,'2025-07-07 17:49:28'),(92699,6,60.00,4.52,'2025-07-07 17:49:28'),(92700,7,60.00,4.72,'2025-07-07 17:49:28'),(92701,8,60.00,0.00,'2025-07-07 17:49:28'),(92702,9,60.00,0.00,'2025-07-07 17:49:28'),(92703,10,79.20,1.87,'2025-07-07 17:49:28'),(92704,11,79.20,1.47,'2025-07-07 17:49:28'),(92705,12,79.19,0.54,'2025-07-07 17:49:28'),(92706,13,79.18,1.79,'2025-07-07 17:49:28'),(92707,1,79.26,1.88,'2025-07-07 17:49:29'),(92708,2,79.24,1.89,'2025-07-07 17:49:29'),(92709,3,79.24,1.31,'2025-07-07 17:49:29'),(92710,4,79.23,1.96,'2025-07-07 17:49:29'),(92711,5,79.22,1.35,'2025-07-07 17:49:29'),(92712,6,60.00,4.20,'2025-07-07 17:49:29'),(92713,7,60.00,4.56,'2025-07-07 17:49:29'),(92714,8,60.00,0.00,'2025-07-07 17:49:29'),(92715,9,60.00,0.00,'2025-07-07 17:49:29'),(92716,10,79.21,0.73,'2025-07-07 17:49:29'),(92717,11,79.20,1.08,'2025-07-07 17:49:29'),(92718,12,79.19,0.19,'2025-07-07 17:49:29'),(92719,13,79.18,1.44,'2025-07-07 17:49:29'),(92720,1,79.40,1.68,'2025-07-07 17:50:28'),(92721,2,79.38,1.69,'2025-07-07 17:50:28'),(92722,3,79.37,1.43,'2025-07-07 17:50:28'),(92723,4,79.37,1.07,'2025-07-07 17:50:28'),(92724,5,79.36,1.26,'2025-07-07 17:50:28'),(92725,6,60.00,4.59,'2025-07-07 17:50:28'),(92726,7,60.00,4.17,'2025-07-07 17:50:28'),(92727,8,60.00,0.00,'2025-07-07 17:50:28'),(92728,9,60.00,0.00,'2025-07-07 17:50:28'),(92729,10,79.34,1.57,'2025-07-07 17:50:28'),(92730,11,79.34,1.98,'2025-07-07 17:50:28'),(92731,12,79.33,1.77,'2025-07-07 17:50:28'),(92732,13,79.32,1.45,'2025-07-07 17:50:28'),(92733,1,79.40,0.59,'2025-07-07 17:50:29'),(92734,2,79.38,0.83,'2025-07-07 17:50:29'),(92735,3,79.38,0.03,'2025-07-07 17:50:29'),(92736,4,79.37,1.14,'2025-07-07 17:50:29'),(92737,5,79.36,0.45,'2025-07-07 17:50:29'),(92738,6,60.00,4.31,'2025-07-07 17:50:29'),(92739,7,60.00,4.13,'2025-07-07 17:50:29'),(92740,8,60.00,0.00,'2025-07-07 17:50:29'),(92741,9,60.00,0.00,'2025-07-07 17:50:29'),(92742,10,79.35,1.17,'2025-07-07 17:50:29'),(92743,11,79.34,1.88,'2025-07-07 17:50:29'),(92744,12,79.33,0.70,'2025-07-07 17:50:29'),(92745,13,79.32,1.68,'2025-07-07 17:50:29'),(92746,1,79.54,0.04,'2025-07-07 17:51:28'),(92747,2,79.52,0.60,'2025-07-07 17:51:28'),(92748,3,79.51,1.82,'2025-07-07 17:51:28'),(92749,4,79.51,0.52,'2025-07-07 17:51:28'),(92750,5,79.50,1.83,'2025-07-07 17:51:28'),(92751,6,60.00,4.46,'2025-07-07 17:51:28'),(92752,7,60.00,4.07,'2025-07-07 17:51:28'),(92753,8,60.00,0.00,'2025-07-07 17:51:28'),(92754,9,60.00,0.00,'2025-07-07 17:51:28'),(92755,10,79.48,0.04,'2025-07-07 17:51:28'),(92756,11,79.48,0.48,'2025-07-07 17:51:28'),(92757,12,79.47,1.93,'2025-07-07 17:51:28'),(92758,13,79.46,1.88,'2025-07-07 17:51:28'),(92759,1,79.54,1.88,'2025-07-07 17:51:29'),(92760,2,79.52,0.02,'2025-07-07 17:51:29'),(92761,3,79.52,0.95,'2025-07-07 17:51:29'),(92762,4,79.51,0.32,'2025-07-07 17:51:29'),(92763,5,79.50,0.87,'2025-07-07 17:51:29'),(92764,6,60.00,4.08,'2025-07-07 17:51:29'),(92765,7,60.00,4.92,'2025-07-07 17:51:29'),(92766,8,60.00,0.00,'2025-07-07 17:51:29'),(92767,9,60.00,0.00,'2025-07-07 17:51:29'),(92768,10,79.49,1.61,'2025-07-07 17:51:29'),(92769,11,79.48,0.32,'2025-07-07 17:51:29'),(92770,12,79.47,0.37,'2025-07-07 17:51:29'),(92771,13,79.46,0.47,'2025-07-07 17:51:29'),(92772,1,79.68,1.29,'2025-07-07 17:52:28'),(92773,2,79.66,1.81,'2025-07-07 17:52:28'),(92774,3,79.65,0.48,'2025-07-07 17:52:28'),(92775,4,79.65,1.99,'2025-07-07 17:52:28'),(92776,5,79.64,0.21,'2025-07-07 17:52:28'),(92777,6,60.00,4.25,'2025-07-07 17:52:28'),(92778,7,60.00,4.22,'2025-07-07 17:52:28'),(92779,8,60.00,0.00,'2025-07-07 17:52:28'),(92780,9,60.00,0.00,'2025-07-07 17:52:28'),(92781,10,79.62,1.15,'2025-07-07 17:52:28'),(92782,11,79.62,1.85,'2025-07-07 17:52:28'),(92783,12,79.61,0.76,'2025-07-07 17:52:28'),(92784,13,79.60,0.49,'2025-07-07 17:52:28'),(92785,1,79.68,0.84,'2025-07-07 17:52:29'),(92786,2,79.66,0.45,'2025-07-07 17:52:29'),(92787,3,79.66,1.53,'2025-07-07 17:52:29'),(92788,4,79.65,0.09,'2025-07-07 17:52:29'),(92789,5,79.64,1.50,'2025-07-07 17:52:29'),(92790,6,60.00,4.67,'2025-07-07 17:52:29'),(92791,7,60.00,4.11,'2025-07-07 17:52:29'),(92792,8,60.00,0.00,'2025-07-07 17:52:29'),(92793,9,60.00,0.00,'2025-07-07 17:52:29'),(92794,10,79.63,1.85,'2025-07-07 17:52:29'),(92795,11,79.62,1.68,'2025-07-07 17:52:29'),(92796,12,79.61,1.86,'2025-07-07 17:52:29'),(92797,13,79.60,1.08,'2025-07-07 17:52:29'),(92798,1,79.82,0.74,'2025-07-07 17:53:28'),(92799,2,79.80,1.53,'2025-07-07 17:53:28'),(92800,3,79.79,1.96,'2025-07-07 17:53:28'),(92801,4,79.79,0.66,'2025-07-07 17:53:28'),(92802,5,79.78,0.13,'2025-07-07 17:53:28'),(92803,6,60.00,4.85,'2025-07-07 17:53:28'),(92804,7,60.00,4.72,'2025-07-07 17:53:28'),(92805,8,60.00,0.00,'2025-07-07 17:53:28'),(92806,9,60.00,0.00,'2025-07-07 17:53:28'),(92807,10,79.76,1.37,'2025-07-07 17:53:28'),(92808,11,79.76,0.97,'2025-07-07 17:53:28'),(92809,12,79.75,1.61,'2025-07-07 17:53:28'),(92810,13,79.74,1.84,'2025-07-07 17:53:28'),(92811,1,79.82,1.50,'2025-07-07 17:53:29'),(92812,2,79.80,0.53,'2025-07-07 17:53:29'),(92813,3,79.80,1.65,'2025-07-07 17:53:29'),(92814,4,79.79,1.64,'2025-07-07 17:53:29'),(92815,5,79.78,1.44,'2025-07-07 17:53:29'),(92816,6,60.00,4.34,'2025-07-07 17:53:29'),(92817,7,60.00,4.19,'2025-07-07 17:53:29'),(92818,8,60.00,0.00,'2025-07-07 17:53:29'),(92819,9,60.00,0.00,'2025-07-07 17:53:29'),(92820,10,79.77,1.64,'2025-07-07 17:53:29'),(92821,11,79.76,1.49,'2025-07-07 17:53:29'),(92822,12,79.75,0.43,'2025-07-07 17:53:29'),(92823,13,79.74,1.74,'2025-07-07 17:53:29'),(92824,1,79.96,1.11,'2025-07-07 17:54:28'),(92825,2,79.94,0.22,'2025-07-07 17:54:28'),(92826,3,79.93,1.42,'2025-07-07 17:54:28'),(92827,4,79.93,0.33,'2025-07-07 17:54:28'),(92828,5,79.92,1.45,'2025-07-07 17:54:28'),(92829,6,60.00,4.28,'2025-07-07 17:54:28'),(92830,7,60.00,4.66,'2025-07-07 17:54:28'),(92831,8,60.00,0.00,'2025-07-07 17:54:28'),(92832,9,60.00,0.00,'2025-07-07 17:54:28'),(92833,10,79.90,0.36,'2025-07-07 17:54:28'),(92834,11,79.90,1.17,'2025-07-07 17:54:28'),(92835,12,79.89,0.70,'2025-07-07 17:54:28'),(92836,13,79.88,1.25,'2025-07-07 17:54:28'),(92837,1,79.96,1.56,'2025-07-07 17:54:29'),(92838,2,79.94,1.50,'2025-07-07 17:54:29'),(92839,3,79.94,0.51,'2025-07-07 17:54:29'),(92840,4,79.93,0.18,'2025-07-07 17:54:29'),(92841,5,79.92,0.98,'2025-07-07 17:54:29'),(92842,6,60.00,4.15,'2025-07-07 17:54:29'),(92843,7,60.00,4.46,'2025-07-07 17:54:29'),(92844,8,60.00,0.00,'2025-07-07 17:54:29'),(92845,9,60.00,0.00,'2025-07-07 17:54:29'),(92846,10,79.91,1.86,'2025-07-07 17:54:29'),(92847,11,79.90,0.71,'2025-07-07 17:54:29'),(92848,12,79.89,1.63,'2025-07-07 17:54:29'),(92849,13,79.88,1.03,'2025-07-07 17:54:29'),(92850,1,80.10,0.47,'2025-07-07 17:55:28'),(92851,2,80.08,0.49,'2025-07-07 17:55:28'),(92852,3,80.07,1.91,'2025-07-07 17:55:28'),(92853,4,80.07,0.84,'2025-07-07 17:55:28'),(92854,5,80.06,1.27,'2025-07-07 17:55:28'),(92855,6,60.00,4.33,'2025-07-07 17:55:28'),(92856,7,60.00,4.87,'2025-07-07 17:55:28'),(92857,8,60.00,0.00,'2025-07-07 17:55:28'),(92858,9,60.00,0.00,'2025-07-07 17:55:28'),(92859,10,80.04,0.39,'2025-07-07 17:55:28'),(92860,11,80.04,0.53,'2025-07-07 17:55:28'),(92861,12,80.03,1.72,'2025-07-07 17:55:28'),(92862,13,80.02,1.11,'2025-07-07 17:55:28'),(92863,1,80.10,0.63,'2025-07-07 17:55:29'),(92864,2,80.08,1.21,'2025-07-07 17:55:29'),(92865,3,80.08,1.84,'2025-07-07 17:55:29'),(92866,4,80.07,0.98,'2025-07-07 17:55:29'),(92867,5,80.06,0.75,'2025-07-07 17:55:29'),(92868,6,60.00,4.42,'2025-07-07 17:55:29'),(92869,7,60.00,4.81,'2025-07-07 17:55:29'),(92870,8,60.00,0.00,'2025-07-07 17:55:29'),(92871,9,60.00,0.00,'2025-07-07 17:55:29'),(92872,10,80.05,0.21,'2025-07-07 17:55:29'),(92873,11,80.04,0.08,'2025-07-07 17:55:29'),(92874,12,80.03,0.74,'2025-07-07 17:55:29'),(92875,13,80.02,0.61,'2025-07-07 17:55:29'),(92876,1,80.24,1.95,'2025-07-07 17:56:28'),(92877,2,80.22,0.59,'2025-07-07 17:56:28'),(92878,3,80.21,0.19,'2025-07-07 17:56:28'),(92879,4,80.21,1.55,'2025-07-07 17:56:28'),(92880,5,80.20,1.35,'2025-07-07 17:56:28'),(92881,6,60.00,4.67,'2025-07-07 17:56:28'),(92882,7,60.00,4.67,'2025-07-07 17:56:28'),(92883,8,60.00,0.00,'2025-07-07 17:56:28'),(92884,9,60.00,0.00,'2025-07-07 17:56:28'),(92885,10,80.18,1.33,'2025-07-07 17:56:28'),(92886,11,80.18,1.82,'2025-07-07 17:56:28'),(92887,12,80.17,1.36,'2025-07-07 17:56:28'),(92888,13,80.16,0.93,'2025-07-07 17:56:28'),(92889,1,80.24,1.31,'2025-07-07 17:56:29'),(92890,2,80.22,1.86,'2025-07-07 17:56:29'),(92891,3,80.22,1.59,'2025-07-07 17:56:29'),(92892,4,80.21,0.52,'2025-07-07 17:56:29'),(92893,5,80.20,0.94,'2025-07-07 17:56:29'),(92894,6,60.00,4.11,'2025-07-07 17:56:29'),(92895,7,60.00,4.75,'2025-07-07 17:56:29'),(92896,8,60.00,0.00,'2025-07-07 17:56:29'),(92897,9,60.00,0.00,'2025-07-07 17:56:29'),(92898,10,80.19,0.06,'2025-07-07 17:56:29'),(92899,11,80.18,0.55,'2025-07-07 17:56:29'),(92900,12,80.17,1.84,'2025-07-07 17:56:29'),(92901,13,80.16,0.80,'2025-07-07 17:56:29'),(92902,1,80.38,1.01,'2025-07-07 17:57:28'),(92903,2,80.36,0.73,'2025-07-07 17:57:28'),(92904,3,80.35,0.39,'2025-07-07 17:57:28'),(92905,4,80.35,0.43,'2025-07-07 17:57:28'),(92906,5,80.34,1.97,'2025-07-07 17:57:28'),(92907,6,60.00,4.48,'2025-07-07 17:57:28'),(92908,7,60.00,4.99,'2025-07-07 17:57:28'),(92909,8,60.00,0.00,'2025-07-07 17:57:28'),(92910,9,60.00,0.00,'2025-07-07 17:57:28'),(92911,10,80.32,1.40,'2025-07-07 17:57:28'),(92912,11,80.32,0.19,'2025-07-07 17:57:28'),(92913,12,80.31,0.49,'2025-07-07 17:57:28'),(92914,13,80.30,0.03,'2025-07-07 17:57:28'),(92915,1,80.38,0.71,'2025-07-07 17:57:29'),(92916,2,80.36,1.54,'2025-07-07 17:57:29'),(92917,3,80.36,0.94,'2025-07-07 17:57:29'),(92918,4,80.35,1.75,'2025-07-07 17:57:29'),(92919,5,80.34,0.18,'2025-07-07 17:57:29'),(92920,6,60.00,4.64,'2025-07-07 17:57:29'),(92921,7,60.00,4.14,'2025-07-07 17:57:29'),(92922,8,60.00,0.00,'2025-07-07 17:57:29'),(92923,9,60.00,0.00,'2025-07-07 17:57:29'),(92924,10,80.33,0.82,'2025-07-07 17:57:29'),(92925,11,80.32,0.88,'2025-07-07 17:57:29'),(92926,12,80.31,0.72,'2025-07-07 17:57:29'),(92927,13,80.30,1.02,'2025-07-07 17:57:29'),(92928,1,80.52,0.05,'2025-07-07 17:58:28'),(92929,2,80.50,1.72,'2025-07-07 17:58:28'),(92930,3,80.49,1.46,'2025-07-07 17:58:28'),(92931,4,80.49,1.86,'2025-07-07 17:58:28'),(92932,5,80.48,2.00,'2025-07-07 17:58:28'),(92933,6,60.00,4.52,'2025-07-07 17:58:28'),(92934,7,60.00,4.19,'2025-07-07 17:58:28'),(92935,8,60.00,0.00,'2025-07-07 17:58:28'),(92936,9,60.00,0.00,'2025-07-07 17:58:28'),(92937,10,80.46,1.31,'2025-07-07 17:58:28'),(92938,11,80.46,1.79,'2025-07-07 17:58:28'),(92939,12,80.45,0.32,'2025-07-07 17:58:28'),(92940,13,80.44,1.10,'2025-07-07 17:58:28'),(92941,1,80.52,1.19,'2025-07-07 17:58:29'),(92942,2,80.50,1.43,'2025-07-07 17:58:29'),(92943,3,80.50,1.63,'2025-07-07 17:58:29'),(92944,4,80.49,0.95,'2025-07-07 17:58:29'),(92945,5,80.48,0.72,'2025-07-07 17:58:29'),(92946,6,60.00,4.21,'2025-07-07 17:58:29'),(92947,7,60.00,4.80,'2025-07-07 17:58:29'),(92948,8,60.00,0.00,'2025-07-07 17:58:29'),(92949,9,60.00,0.00,'2025-07-07 17:58:29'),(92950,10,80.47,0.68,'2025-07-07 17:58:29'),(92951,11,80.46,1.55,'2025-07-07 17:58:29'),(92952,12,80.45,1.30,'2025-07-07 17:58:29'),(92953,13,80.44,1.76,'2025-07-07 17:58:29'),(92954,1,80.66,1.84,'2025-07-07 17:59:28'),(92955,2,80.64,1.32,'2025-07-07 17:59:28'),(92956,3,80.63,1.13,'2025-07-07 17:59:28'),(92957,4,80.63,1.93,'2025-07-07 17:59:28'),(92958,5,90.02,0.69,'2025-07-07 17:59:28'),(92959,6,60.00,4.93,'2025-07-07 17:59:28'),(92960,7,60.00,4.03,'2025-07-07 17:59:28'),(92961,8,60.00,0.00,'2025-07-07 17:59:28'),(92962,9,60.00,0.00,'2025-07-07 17:59:28'),(92963,10,80.60,0.11,'2025-07-07 17:59:28'),(92964,11,80.60,1.98,'2025-07-07 17:59:28'),(92965,12,80.59,1.16,'2025-07-07 17:59:28'),(92966,13,80.58,0.76,'2025-07-07 17:59:28'),(92967,1,80.66,0.78,'2025-07-07 17:59:29'),(92968,2,80.64,0.84,'2025-07-07 17:59:29'),(92969,3,80.64,0.25,'2025-07-07 17:59:29'),(92970,4,80.63,0.18,'2025-07-07 17:59:29'),(92971,5,90.02,1.89,'2025-07-07 17:59:29'),(92972,6,60.00,4.26,'2025-07-07 17:59:29'),(92973,7,60.00,4.57,'2025-07-07 17:59:29'),(92974,8,60.00,0.00,'2025-07-07 17:59:29'),(92975,9,60.00,0.00,'2025-07-07 17:59:29'),(92976,10,80.61,0.23,'2025-07-07 17:59:29'),(92977,11,80.60,0.91,'2025-07-07 17:59:29'),(92978,12,80.59,0.30,'2025-07-07 17:59:29'),(92979,13,80.58,1.08,'2025-07-07 17:59:29'),(92980,1,80.80,1.40,'2025-07-07 18:00:28'),(92981,2,80.78,1.34,'2025-07-07 18:00:28'),(92982,3,80.77,0.77,'2025-07-07 18:00:28'),(92983,4,80.77,0.75,'2025-07-07 18:00:28'),(92984,5,90.16,0.63,'2025-07-07 18:00:28'),(92985,6,60.00,4.68,'2025-07-07 18:00:28'),(92986,7,60.00,4.15,'2025-07-07 18:00:28'),(92987,8,60.00,0.00,'2025-07-07 18:00:28'),(92988,9,60.00,0.00,'2025-07-07 18:00:28'),(92989,10,80.74,0.34,'2025-07-07 18:00:28'),(92990,11,80.74,0.23,'2025-07-07 18:00:28'),(92991,12,80.73,0.00,'2025-07-07 18:00:28'),(92992,13,80.72,1.67,'2025-07-07 18:00:28'),(92993,1,80.80,1.58,'2025-07-07 18:00:29'),(92994,2,80.78,1.37,'2025-07-07 18:00:29'),(92995,3,80.78,0.68,'2025-07-07 18:00:29'),(92996,4,80.77,0.89,'2025-07-07 18:00:29'),(92997,5,90.16,1.80,'2025-07-07 18:00:29'),(92998,6,60.00,4.57,'2025-07-07 18:00:29'),(92999,7,60.00,4.31,'2025-07-07 18:00:29'),(93000,8,60.00,0.00,'2025-07-07 18:00:29'),(93001,9,60.00,0.00,'2025-07-07 18:00:29'),(93002,10,80.75,1.30,'2025-07-07 18:00:29'),(93003,11,80.74,0.39,'2025-07-07 18:00:29'),(93004,12,80.73,1.33,'2025-07-07 18:00:29'),(93005,13,80.72,0.27,'2025-07-07 18:00:29'),(93006,1,80.94,1.09,'2025-07-07 18:01:28'),(93007,2,80.92,1.83,'2025-07-07 18:01:28'),(93008,3,80.91,0.90,'2025-07-07 18:01:28'),(93009,4,80.91,1.75,'2025-07-07 18:01:28'),(93010,5,90.30,1.46,'2025-07-07 18:01:28'),(93011,6,60.00,4.40,'2025-07-07 18:01:28'),(93012,7,60.00,4.34,'2025-07-07 18:01:28'),(93013,8,60.00,0.00,'2025-07-07 18:01:28'),(93014,9,60.00,0.00,'2025-07-07 18:01:28'),(93015,10,80.88,1.21,'2025-07-07 18:01:28'),(93016,11,80.88,1.09,'2025-07-07 18:01:28'),(93017,12,80.87,0.74,'2025-07-07 18:01:28'),(93018,13,80.86,0.47,'2025-07-07 18:01:28'),(93019,1,80.94,1.59,'2025-07-07 18:01:29'),(93020,2,80.92,1.24,'2025-07-07 18:01:29'),(93021,3,80.92,1.16,'2025-07-07 18:01:29'),(93022,4,80.91,0.20,'2025-07-07 18:01:29'),(93023,5,90.30,0.17,'2025-07-07 18:01:29'),(93024,6,60.00,4.86,'2025-07-07 18:01:29'),(93025,7,60.00,4.07,'2025-07-07 18:01:29'),(93026,8,60.00,0.00,'2025-07-07 18:01:29'),(93027,9,60.00,0.00,'2025-07-07 18:01:29'),(93028,10,80.89,1.74,'2025-07-07 18:01:29'),(93029,11,80.88,1.63,'2025-07-07 18:01:29'),(93030,12,80.87,1.70,'2025-07-07 18:01:29'),(93031,13,80.86,1.68,'2025-07-07 18:01:29'),(93032,1,81.08,1.06,'2025-07-07 18:02:28'),(93033,2,81.06,1.73,'2025-07-07 18:02:28'),(93034,3,81.05,0.10,'2025-07-07 18:02:28'),(93035,4,81.05,0.27,'2025-07-07 18:02:28'),(93036,5,90.44,1.72,'2025-07-07 18:02:28'),(93037,6,60.00,4.20,'2025-07-07 18:02:28'),(93038,7,60.00,4.30,'2025-07-07 18:02:28'),(93039,8,60.00,0.00,'2025-07-07 18:02:28'),(93040,9,60.00,0.00,'2025-07-07 18:02:28'),(93041,10,81.02,1.09,'2025-07-07 18:02:28'),(93042,11,81.02,1.82,'2025-07-07 18:02:28'),(93043,12,81.01,1.32,'2025-07-07 18:02:28'),(93044,13,81.00,1.75,'2025-07-07 18:02:28'),(93045,1,81.08,0.67,'2025-07-07 18:02:29'),(93046,2,81.06,1.49,'2025-07-07 18:02:29'),(93047,3,81.06,1.45,'2025-07-07 18:02:29'),(93048,4,81.05,1.10,'2025-07-07 18:02:29'),(93049,5,90.44,0.18,'2025-07-07 18:02:29'),(93050,6,60.00,4.54,'2025-07-07 18:02:29'),(93051,7,60.00,4.73,'2025-07-07 18:02:29'),(93052,8,60.00,0.00,'2025-07-07 18:02:29'),(93053,9,60.00,0.00,'2025-07-07 18:02:29'),(93054,10,81.03,0.83,'2025-07-07 18:02:29'),(93055,11,81.02,0.39,'2025-07-07 18:02:29'),(93056,12,81.01,0.76,'2025-07-07 18:02:29'),(93057,13,81.00,0.98,'2025-07-07 18:02:29'),(93058,1,81.22,0.69,'2025-07-07 18:03:28'),(93059,2,81.20,0.47,'2025-07-07 18:03:28'),(93060,3,81.19,0.35,'2025-07-07 18:03:28'),(93061,4,81.19,1.02,'2025-07-07 18:03:28'),(93062,5,90.58,0.21,'2025-07-07 18:03:28'),(93063,6,60.00,4.03,'2025-07-07 18:03:28'),(93064,7,60.00,4.17,'2025-07-07 18:03:28'),(93065,8,60.00,0.00,'2025-07-07 18:03:28'),(93066,9,60.00,0.00,'2025-07-07 18:03:28'),(93067,10,81.16,0.70,'2025-07-07 18:03:28'),(93068,11,81.16,0.56,'2025-07-07 18:03:28'),(93069,12,81.15,1.93,'2025-07-07 18:03:28'),(93070,13,81.14,1.80,'2025-07-07 18:03:28'),(93071,1,81.22,0.63,'2025-07-07 18:03:29'),(93072,2,81.20,0.72,'2025-07-07 18:03:29'),(93073,3,81.20,0.22,'2025-07-07 18:03:29'),(93074,4,81.19,1.26,'2025-07-07 18:03:29'),(93075,5,90.58,1.88,'2025-07-07 18:03:29'),(93076,6,60.00,4.18,'2025-07-07 18:03:29'),(93077,7,60.00,4.21,'2025-07-07 18:03:29'),(93078,8,60.00,0.00,'2025-07-07 18:03:29'),(93079,9,60.00,0.00,'2025-07-07 18:03:29'),(93080,10,81.17,0.00,'2025-07-07 18:03:29'),(93081,11,81.16,0.26,'2025-07-07 18:03:29'),(93082,12,81.15,1.14,'2025-07-07 18:03:29'),(93083,13,81.14,1.54,'2025-07-07 18:03:29'),(93084,1,81.36,0.75,'2025-07-07 18:04:28'),(93085,2,81.34,1.69,'2025-07-07 18:04:28'),(93086,3,81.33,0.86,'2025-07-07 18:04:28'),(93087,4,81.33,0.26,'2025-07-07 18:04:28'),(93088,5,90.72,0.33,'2025-07-07 18:04:28'),(93089,6,60.00,4.81,'2025-07-07 18:04:28'),(93090,7,60.00,4.56,'2025-07-07 18:04:28'),(93091,8,60.00,0.00,'2025-07-07 18:04:28'),(93092,9,60.00,0.00,'2025-07-07 18:04:28'),(93093,10,81.30,1.28,'2025-07-07 18:04:28'),(93094,11,81.30,1.49,'2025-07-07 18:04:28'),(93095,12,81.29,0.72,'2025-07-07 18:04:28'),(93096,13,81.28,1.38,'2025-07-07 18:04:28'),(93097,1,81.36,1.43,'2025-07-07 18:04:29'),(93098,2,81.34,0.75,'2025-07-07 18:04:29'),(93099,3,81.34,1.54,'2025-07-07 18:04:29'),(93100,4,81.33,1.83,'2025-07-07 18:04:29'),(93101,5,90.72,1.52,'2025-07-07 18:04:29'),(93102,6,60.00,4.50,'2025-07-07 18:04:29'),(93103,7,60.00,4.27,'2025-07-07 18:04:29'),(93104,8,60.00,0.00,'2025-07-07 18:04:29'),(93105,9,60.00,0.00,'2025-07-07 18:04:29'),(93106,10,81.31,0.35,'2025-07-07 18:04:29'),(93107,11,81.30,0.74,'2025-07-07 18:04:29'),(93108,12,81.29,1.96,'2025-07-07 18:04:29'),(93109,13,81.28,1.82,'2025-07-07 18:04:29'),(93110,1,81.50,0.09,'2025-07-07 18:05:28'),(93111,2,81.48,0.75,'2025-07-07 18:05:28'),(93112,3,81.47,0.53,'2025-07-07 18:05:28'),(93113,4,81.47,0.85,'2025-07-07 18:05:28'),(93114,5,90.86,0.07,'2025-07-07 18:05:28'),(93115,6,60.00,4.79,'2025-07-07 18:05:28'),(93116,7,60.00,4.47,'2025-07-07 18:05:28'),(93117,8,60.00,0.00,'2025-07-07 18:05:28'),(93118,9,60.00,0.00,'2025-07-07 18:05:28'),(93119,10,81.44,0.16,'2025-07-07 18:05:28'),(93120,11,81.44,0.13,'2025-07-07 18:05:28'),(93121,12,81.43,0.45,'2025-07-07 18:05:28'),(93122,13,81.42,1.71,'2025-07-07 18:05:28'),(93123,1,81.50,1.26,'2025-07-07 18:05:29'),(93124,2,81.48,0.49,'2025-07-07 18:05:29'),(93125,3,81.48,0.48,'2025-07-07 18:05:29'),(93126,4,81.47,1.48,'2025-07-07 18:05:29'),(93127,5,90.86,1.35,'2025-07-07 18:05:29'),(93128,6,60.00,4.64,'2025-07-07 18:05:29'),(93129,7,60.00,4.83,'2025-07-07 18:05:29'),(93130,8,60.00,0.00,'2025-07-07 18:05:29'),(93131,9,60.00,0.00,'2025-07-07 18:05:29'),(93132,10,81.45,0.28,'2025-07-07 18:05:29'),(93133,11,81.44,1.13,'2025-07-07 18:05:29'),(93134,12,81.43,0.87,'2025-07-07 18:05:29'),(93135,13,81.42,1.82,'2025-07-07 18:05:29'),(93136,1,81.64,1.79,'2025-07-07 18:06:28'),(93137,2,81.62,0.94,'2025-07-07 18:06:28'),(93138,3,81.61,0.24,'2025-07-07 18:06:28'),(93139,4,81.61,1.30,'2025-07-07 18:06:28'),(93140,5,91.00,1.04,'2025-07-07 18:06:28'),(93141,6,60.00,4.61,'2025-07-07 18:06:28'),(93142,7,60.00,4.13,'2025-07-07 18:06:28'),(93143,8,60.00,0.00,'2025-07-07 18:06:28'),(93144,9,60.00,0.00,'2025-07-07 18:06:28'),(93145,10,81.58,0.98,'2025-07-07 18:06:28'),(93146,11,81.58,1.03,'2025-07-07 18:06:28'),(93147,12,81.57,0.61,'2025-07-07 18:06:28'),(93148,13,81.56,1.14,'2025-07-07 18:06:28'),(93149,1,81.64,1.48,'2025-07-07 18:06:29'),(93150,2,81.62,1.89,'2025-07-07 18:06:29'),(93151,3,81.62,0.03,'2025-07-07 18:06:29'),(93152,4,81.61,1.15,'2025-07-07 18:06:29'),(93153,5,91.00,1.30,'2025-07-07 18:06:29'),(93154,6,60.00,4.49,'2025-07-07 18:06:29'),(93155,7,60.00,4.28,'2025-07-07 18:06:29'),(93156,8,60.00,0.00,'2025-07-07 18:06:29'),(93157,9,60.00,0.00,'2025-07-07 18:06:29'),(93158,10,81.59,1.39,'2025-07-07 18:06:29'),(93159,11,81.58,1.42,'2025-07-07 18:06:29'),(93160,12,81.57,0.16,'2025-07-07 18:06:29'),(93161,13,81.56,0.71,'2025-07-07 18:06:29'),(93162,1,81.78,1.75,'2025-07-07 18:07:28'),(93163,2,81.76,1.47,'2025-07-07 18:07:28'),(93164,3,81.75,0.12,'2025-07-07 18:07:28'),(93165,4,81.75,0.82,'2025-07-07 18:07:28'),(93166,5,91.14,0.64,'2025-07-07 18:07:28'),(93167,6,60.00,4.77,'2025-07-07 18:07:28'),(93168,7,60.00,4.80,'2025-07-07 18:07:28'),(93169,8,60.00,0.00,'2025-07-07 18:07:28'),(93170,9,60.00,0.00,'2025-07-07 18:07:28'),(93171,10,81.72,0.48,'2025-07-07 18:07:28'),(93172,11,81.72,1.62,'2025-07-07 18:07:28'),(93173,12,81.71,0.22,'2025-07-07 18:07:28'),(93174,13,81.70,1.82,'2025-07-07 18:07:28'),(93175,1,81.78,1.79,'2025-07-07 18:07:29'),(93176,2,81.76,1.17,'2025-07-07 18:07:29'),(93177,3,81.76,1.16,'2025-07-07 18:07:29'),(93178,4,81.75,1.60,'2025-07-07 18:07:29'),(93179,5,91.14,1.60,'2025-07-07 18:07:29'),(93180,6,60.00,4.88,'2025-07-07 18:07:29'),(93181,7,60.00,5.00,'2025-07-07 18:07:29'),(93182,8,60.00,0.00,'2025-07-07 18:07:29'),(93183,9,60.00,0.00,'2025-07-07 18:07:29'),(93184,10,81.73,1.38,'2025-07-07 18:07:29'),(93185,11,81.72,1.40,'2025-07-07 18:07:29'),(93186,12,81.71,1.34,'2025-07-07 18:07:29'),(93187,13,81.70,0.26,'2025-07-07 18:07:29'),(93188,1,81.92,1.60,'2025-07-07 18:08:28'),(93189,2,81.90,0.07,'2025-07-07 18:08:28'),(93190,3,81.89,1.15,'2025-07-07 18:08:28'),(93191,4,81.89,0.17,'2025-07-07 18:08:28'),(93192,5,91.28,0.95,'2025-07-07 18:08:28'),(93193,6,60.00,4.45,'2025-07-07 18:08:28'),(93194,7,60.00,4.53,'2025-07-07 18:08:28'),(93195,8,60.00,0.00,'2025-07-07 18:08:28'),(93196,9,60.00,0.00,'2025-07-07 18:08:28'),(93197,10,81.86,1.50,'2025-07-07 18:08:28'),(93198,11,81.86,1.62,'2025-07-07 18:08:28'),(93199,12,81.85,0.86,'2025-07-07 18:08:28'),(93200,13,81.84,1.46,'2025-07-07 18:08:28'),(93201,1,81.92,0.80,'2025-07-07 18:08:29'),(93202,2,81.90,1.84,'2025-07-07 18:08:29'),(93203,3,81.90,1.48,'2025-07-07 18:08:29'),(93204,4,81.89,0.19,'2025-07-07 18:08:29'),(93205,5,91.28,1.36,'2025-07-07 18:08:29'),(93206,6,60.00,4.72,'2025-07-07 18:08:29'),(93207,7,60.00,4.97,'2025-07-07 18:08:29'),(93208,8,60.00,0.00,'2025-07-07 18:08:29'),(93209,9,60.00,0.00,'2025-07-07 18:08:29'),(93210,10,81.87,1.00,'2025-07-07 18:08:29'),(93211,11,81.86,0.38,'2025-07-07 18:08:29'),(93212,12,81.85,0.49,'2025-07-07 18:08:29'),(93213,13,81.84,1.59,'2025-07-07 18:08:29'),(93214,1,82.06,0.23,'2025-07-07 18:09:28'),(93215,2,82.04,0.69,'2025-07-07 18:09:28'),(93216,3,82.03,0.30,'2025-07-07 18:09:28'),(93217,4,82.03,1.35,'2025-07-07 18:09:28'),(93218,5,91.42,0.90,'2025-07-07 18:09:28'),(93219,6,60.00,4.93,'2025-07-07 18:09:28'),(93220,7,60.00,4.62,'2025-07-07 18:09:28'),(93221,8,60.00,0.00,'2025-07-07 18:09:28'),(93222,9,60.00,0.00,'2025-07-07 18:09:28'),(93223,10,82.00,0.49,'2025-07-07 18:09:28'),(93224,11,82.00,0.03,'2025-07-07 18:09:28'),(93225,12,81.99,1.53,'2025-07-07 18:09:28'),(93226,13,81.98,1.67,'2025-07-07 18:09:28'),(93227,1,82.06,0.33,'2025-07-07 18:09:29'),(93228,2,82.04,0.99,'2025-07-07 18:09:29'),(93229,3,82.04,0.58,'2025-07-07 18:09:29'),(93230,4,82.03,0.91,'2025-07-07 18:09:29'),(93231,5,91.42,0.40,'2025-07-07 18:09:29'),(93232,6,60.00,4.03,'2025-07-07 18:09:29'),(93233,7,60.00,4.73,'2025-07-07 18:09:29'),(93234,8,60.00,0.00,'2025-07-07 18:09:29'),(93235,9,60.00,0.00,'2025-07-07 18:09:29'),(93236,10,82.01,0.66,'2025-07-07 18:09:29'),(93237,11,82.00,0.43,'2025-07-07 18:09:29'),(93238,12,81.99,1.12,'2025-07-07 18:09:29'),(93239,13,81.98,0.88,'2025-07-07 18:09:29'),(93240,1,82.20,1.83,'2025-07-07 18:10:28'),(93241,2,82.18,0.98,'2025-07-07 18:10:28'),(93242,3,82.17,1.14,'2025-07-07 18:10:28'),(93243,4,82.17,1.98,'2025-07-07 18:10:28'),(93244,5,91.56,1.62,'2025-07-07 18:10:28'),(93245,6,60.00,4.09,'2025-07-07 18:10:28'),(93246,7,60.00,4.77,'2025-07-07 18:10:28'),(93247,8,60.00,0.00,'2025-07-07 18:10:28'),(93248,9,60.00,0.00,'2025-07-07 18:10:28'),(93249,10,82.14,1.37,'2025-07-07 18:10:28'),(93250,11,82.14,0.85,'2025-07-07 18:10:28'),(93251,12,82.13,1.95,'2025-07-07 18:10:28'),(93252,13,82.12,1.06,'2025-07-07 18:10:28'),(93253,1,82.20,1.22,'2025-07-07 18:10:29'),(93254,2,82.18,1.96,'2025-07-07 18:10:29'),(93255,3,82.18,1.98,'2025-07-07 18:10:29'),(93256,4,82.17,0.90,'2025-07-07 18:10:29'),(93257,5,91.56,0.17,'2025-07-07 18:10:29'),(93258,6,60.00,4.81,'2025-07-07 18:10:29'),(93259,7,60.00,4.43,'2025-07-07 18:10:29'),(93260,8,60.00,0.00,'2025-07-07 18:10:29'),(93261,9,60.00,0.00,'2025-07-07 18:10:29'),(93262,10,82.15,1.39,'2025-07-07 18:10:29'),(93263,11,82.14,0.04,'2025-07-07 18:10:29'),(93264,12,82.13,1.48,'2025-07-07 18:10:29'),(93265,13,82.12,0.74,'2025-07-07 18:10:29'),(93266,1,82.34,0.43,'2025-07-07 18:11:28'),(93267,2,82.32,1.95,'2025-07-07 18:11:28'),(93268,3,82.31,0.49,'2025-07-07 18:11:28'),(93269,4,82.31,0.99,'2025-07-07 18:11:28'),(93270,5,91.70,1.11,'2025-07-07 18:11:28'),(93271,6,60.00,4.28,'2025-07-07 18:11:28'),(93272,7,60.00,4.71,'2025-07-07 18:11:28'),(93273,8,60.00,0.00,'2025-07-07 18:11:28'),(93274,9,60.00,0.00,'2025-07-07 18:11:28'),(93275,10,82.28,1.08,'2025-07-07 18:11:28'),(93276,11,82.28,1.43,'2025-07-07 18:11:28'),(93277,12,82.27,1.67,'2025-07-07 18:11:28'),(93278,13,82.26,1.83,'2025-07-07 18:11:28'),(93279,1,82.34,0.92,'2025-07-07 18:11:29'),(93280,2,82.32,1.67,'2025-07-07 18:11:29'),(93281,3,82.32,0.87,'2025-07-07 18:11:29'),(93282,4,82.31,1.05,'2025-07-07 18:11:29'),(93283,5,91.70,0.36,'2025-07-07 18:11:29'),(93284,6,60.00,4.61,'2025-07-07 18:11:29'),(93285,7,60.00,4.14,'2025-07-07 18:11:29'),(93286,8,60.00,0.00,'2025-07-07 18:11:29'),(93287,9,60.00,0.00,'2025-07-07 18:11:29'),(93288,10,82.29,0.81,'2025-07-07 18:11:29'),(93289,11,82.28,0.84,'2025-07-07 18:11:29'),(93290,12,82.27,1.27,'2025-07-07 18:11:29'),(93291,13,82.26,1.74,'2025-07-07 18:11:29'),(93292,1,82.48,0.94,'2025-07-07 18:12:28'),(93293,2,82.46,0.89,'2025-07-07 18:12:28'),(93294,3,82.45,0.66,'2025-07-07 18:12:28'),(93295,4,82.45,1.34,'2025-07-07 18:12:28'),(93296,5,91.84,0.04,'2025-07-07 18:12:28'),(93297,6,60.00,4.55,'2025-07-07 18:12:28'),(93298,7,60.00,4.35,'2025-07-07 18:12:28'),(93299,8,60.00,0.00,'2025-07-07 18:12:28'),(93300,9,60.00,0.00,'2025-07-07 18:12:28'),(93301,10,82.42,0.13,'2025-07-07 18:12:28'),(93302,11,82.42,0.10,'2025-07-07 18:12:28'),(93303,12,82.41,0.78,'2025-07-07 18:12:28'),(93304,13,82.40,1.99,'2025-07-07 18:12:28'),(93305,1,82.48,0.68,'2025-07-07 18:12:29'),(93306,2,82.46,0.24,'2025-07-07 18:12:29'),(93307,3,82.46,0.64,'2025-07-07 18:12:29'),(93308,4,82.45,1.26,'2025-07-07 18:12:29'),(93309,5,91.84,1.26,'2025-07-07 18:12:29'),(93310,6,60.00,4.58,'2025-07-07 18:12:29'),(93311,7,60.00,4.48,'2025-07-07 18:12:29'),(93312,8,60.00,0.00,'2025-07-07 18:12:29'),(93313,9,60.00,0.00,'2025-07-07 18:12:29'),(93314,10,82.43,0.46,'2025-07-07 18:12:29'),(93315,11,82.42,1.62,'2025-07-07 18:12:29'),(93316,12,82.41,1.87,'2025-07-07 18:12:29'),(93317,13,82.40,1.88,'2025-07-07 18:12:29'),(93318,1,82.62,1.11,'2025-07-07 18:13:28'),(93319,2,82.60,0.35,'2025-07-07 18:13:28'),(93320,3,82.59,0.45,'2025-07-07 18:13:28'),(93321,4,82.59,0.09,'2025-07-07 18:13:28'),(93322,5,91.98,0.82,'2025-07-07 18:13:28'),(93323,6,60.00,4.21,'2025-07-07 18:13:28'),(93324,7,60.00,4.23,'2025-07-07 18:13:28'),(93325,8,60.00,0.00,'2025-07-07 18:13:28'),(93326,9,60.00,0.00,'2025-07-07 18:13:28'),(93327,10,82.56,0.86,'2025-07-07 18:13:28'),(93328,11,82.56,0.43,'2025-07-07 18:13:28'),(93329,12,82.55,2.00,'2025-07-07 18:13:28'),(93330,13,82.54,1.56,'2025-07-07 18:13:28'),(93331,1,82.62,0.81,'2025-07-07 18:13:29'),(93332,2,82.60,1.81,'2025-07-07 18:13:29'),(93333,3,82.60,0.48,'2025-07-07 18:13:29'),(93334,4,82.59,0.82,'2025-07-07 18:13:29'),(93335,5,91.98,0.08,'2025-07-07 18:13:29'),(93336,6,60.00,4.78,'2025-07-07 18:13:29'),(93337,7,60.00,4.42,'2025-07-07 18:13:29'),(93338,8,60.00,0.00,'2025-07-07 18:13:29'),(93339,9,60.00,0.00,'2025-07-07 18:13:29'),(93340,10,82.57,1.78,'2025-07-07 18:13:29'),(93341,11,82.56,1.81,'2025-07-07 18:13:29'),(93342,12,82.55,1.70,'2025-07-07 18:13:29'),(93343,13,82.54,1.50,'2025-07-07 18:13:29'),(93344,1,82.76,0.02,'2025-07-07 18:14:28'),(93345,2,82.74,0.19,'2025-07-07 18:14:28'),(93346,3,82.73,1.46,'2025-07-07 18:14:28'),(93347,4,82.73,1.20,'2025-07-07 18:14:28'),(93348,5,92.12,0.82,'2025-07-07 18:14:28'),(93349,6,60.00,4.06,'2025-07-07 18:14:28'),(93350,7,60.00,4.65,'2025-07-07 18:14:28'),(93351,8,60.00,0.00,'2025-07-07 18:14:28'),(93352,9,60.00,0.00,'2025-07-07 18:14:28'),(93353,10,82.70,0.95,'2025-07-07 18:14:28'),(93354,11,82.70,1.24,'2025-07-07 18:14:28'),(93355,12,82.69,0.09,'2025-07-07 18:14:28'),(93356,13,82.68,0.67,'2025-07-07 18:14:28'),(93357,1,82.76,1.52,'2025-07-07 18:14:29'),(93358,2,82.74,0.59,'2025-07-07 18:14:29'),(93359,3,82.74,0.11,'2025-07-07 18:14:29'),(93360,4,82.73,1.78,'2025-07-07 18:14:29'),(93361,5,92.12,0.76,'2025-07-07 18:14:29'),(93362,6,60.00,4.71,'2025-07-07 18:14:29'),(93363,7,60.00,4.06,'2025-07-07 18:14:29'),(93364,8,60.00,0.00,'2025-07-07 18:14:29'),(93365,9,60.00,0.00,'2025-07-07 18:14:29'),(93366,10,82.71,0.52,'2025-07-07 18:14:29'),(93367,11,82.70,1.30,'2025-07-07 18:14:29'),(93368,12,82.69,0.79,'2025-07-07 18:14:29'),(93369,13,82.68,0.63,'2025-07-07 18:14:29'),(93370,1,82.90,0.92,'2025-07-07 18:15:28'),(93371,2,82.88,1.49,'2025-07-07 18:15:28'),(93372,3,82.87,1.07,'2025-07-07 18:15:28'),(93373,4,82.87,1.75,'2025-07-07 18:15:28'),(93374,5,92.26,1.18,'2025-07-07 18:15:28'),(93375,6,60.00,4.87,'2025-07-07 18:15:28'),(93376,7,60.00,4.09,'2025-07-07 18:15:28'),(93377,8,60.00,0.00,'2025-07-07 18:15:28'),(93378,9,60.00,0.00,'2025-07-07 18:15:28'),(93379,10,82.84,0.52,'2025-07-07 18:15:28'),(93380,11,82.84,0.50,'2025-07-07 18:15:28'),(93381,12,82.83,0.16,'2025-07-07 18:15:28'),(93382,13,82.82,0.44,'2025-07-07 18:15:28'),(93383,1,82.90,1.38,'2025-07-07 18:15:29'),(93384,2,82.88,1.85,'2025-07-07 18:15:29'),(93385,3,82.88,0.06,'2025-07-07 18:15:29'),(93386,4,82.87,1.02,'2025-07-07 18:15:29'),(93387,5,92.26,1.88,'2025-07-07 18:15:29'),(93388,6,60.00,4.43,'2025-07-07 18:15:29'),(93389,7,60.00,4.19,'2025-07-07 18:15:29'),(93390,8,60.00,0.00,'2025-07-07 18:15:29'),(93391,9,60.00,0.00,'2025-07-07 18:15:29'),(93392,10,82.85,0.32,'2025-07-07 18:15:29'),(93393,11,82.84,0.62,'2025-07-07 18:15:29'),(93394,12,82.83,1.43,'2025-07-07 18:15:29'),(93395,13,82.82,0.68,'2025-07-07 18:15:29'),(93396,1,83.04,0.90,'2025-07-07 18:16:28'),(93397,2,83.02,1.02,'2025-07-07 18:16:28'),(93398,3,83.01,1.14,'2025-07-07 18:16:28'),(93399,4,83.01,0.01,'2025-07-07 18:16:28'),(93400,5,92.40,1.31,'2025-07-07 18:16:28'),(93401,6,60.00,4.29,'2025-07-07 18:16:28'),(93402,7,60.00,4.55,'2025-07-07 18:16:28'),(93403,8,60.00,0.00,'2025-07-07 18:16:28'),(93404,9,60.00,0.00,'2025-07-07 18:16:28'),(93405,10,82.98,0.33,'2025-07-07 18:16:28'),(93406,11,82.98,0.00,'2025-07-07 18:16:28'),(93407,12,82.97,1.92,'2025-07-07 18:16:28'),(93408,13,82.96,0.83,'2025-07-07 18:16:28'),(93409,1,83.04,0.93,'2025-07-07 18:16:29'),(93410,2,83.02,1.61,'2025-07-07 18:16:29'),(93411,3,83.02,0.34,'2025-07-07 18:16:29'),(93412,4,83.01,1.62,'2025-07-07 18:16:29'),(93413,5,92.40,1.71,'2025-07-07 18:16:29'),(93414,6,60.00,4.32,'2025-07-07 18:16:29'),(93415,7,60.00,4.82,'2025-07-07 18:16:29'),(93416,8,60.00,0.00,'2025-07-07 18:16:29'),(93417,9,60.00,0.00,'2025-07-07 18:16:29'),(93418,10,82.99,0.36,'2025-07-07 18:16:29'),(93419,11,82.98,0.55,'2025-07-07 18:16:29'),(93420,12,82.97,0.80,'2025-07-07 18:16:29'),(93421,13,82.96,0.91,'2025-07-07 18:16:29'),(93422,1,83.18,0.44,'2025-07-07 18:17:28'),(93423,2,83.16,1.96,'2025-07-07 18:17:28'),(93424,3,83.15,0.06,'2025-07-07 18:17:28'),(93425,4,83.15,1.42,'2025-07-07 18:17:28'),(93426,5,92.54,0.56,'2025-07-07 18:17:28'),(93427,6,60.00,4.39,'2025-07-07 18:17:28'),(93428,7,60.00,4.61,'2025-07-07 18:17:28'),(93429,8,60.00,0.00,'2025-07-07 18:17:28'),(93430,9,60.00,0.00,'2025-07-07 18:17:28'),(93431,10,83.12,1.13,'2025-07-07 18:17:28'),(93432,11,83.12,1.75,'2025-07-07 18:17:28'),(93433,12,83.11,1.48,'2025-07-07 18:17:28'),(93434,13,83.10,1.08,'2025-07-07 18:17:28'),(93435,1,83.18,0.42,'2025-07-07 18:17:29'),(93436,2,83.16,0.86,'2025-07-07 18:17:29'),(93437,3,83.16,1.28,'2025-07-07 18:17:29'),(93438,4,83.15,0.62,'2025-07-07 18:17:29'),(93439,5,92.54,1.15,'2025-07-07 18:17:29'),(93440,6,60.00,4.26,'2025-07-07 18:17:29'),(93441,7,60.00,4.50,'2025-07-07 18:17:29'),(93442,8,60.00,0.00,'2025-07-07 18:17:29'),(93443,9,60.00,0.00,'2025-07-07 18:17:29'),(93444,10,83.13,1.27,'2025-07-07 18:17:29'),(93445,11,83.12,1.13,'2025-07-07 18:17:29'),(93446,12,83.11,1.83,'2025-07-07 18:17:29'),(93447,13,83.10,1.03,'2025-07-07 18:17:29');
/*!40000 ALTER TABLE `historia_pomiarow` ENABLE KEYS */;
UNLOCK TABLES;

--
-- Table structure for table `log_uzyte_segmenty`
--

DROP TABLE IF EXISTS `log_uzyte_segmenty`;
/*!40101 SET @saved_cs_client     = @@character_set_client */;
/*!50503 SET character_set_client = utf8mb4 */;
CREATE TABLE `log_uzyte_segmenty` (
  `id_operacji_log` int NOT NULL,
  `id_segmentu` int NOT NULL,
  PRIMARY KEY (`id_operacji_log`,`id_segmentu`),
  KEY `id_segmentu` (`id_segmentu`),
  CONSTRAINT `log_uzyte_segmenty_ibfk_1` FOREIGN KEY (`id_operacji_log`) REFERENCES `operacje_log` (`id`) ON DELETE CASCADE,
  CONSTRAINT `log_uzyte_segmenty_ibfk_2` FOREIGN KEY (`id_segmentu`) REFERENCES `segmenty` (`id`)
) ENGINE=InnoDB DEFAULT CHARSET=utf8mb4 COLLATE=utf8mb4_unicode_ci COMMENT='Zapisuje, które segmenty były używane w danej operacji z logu';
/*!40101 SET character_set_client = @saved_cs_client */;

--
-- Dumping data for table `log_uzyte_segmenty`
--

LOCK TABLES `log_uzyte_segmenty` WRITE;
/*!40000 ALTER TABLE `log_uzyte_segmenty` DISABLE KEYS */;
INSERT INTO `log_uzyte_segmenty` VALUES (4,1),(5,1),(10,1),(11,1),(16,1),(19,1),(24,1),(31,1),(55,1),(4,2),(5,2),(10,2),(11,2),(16,2),(19,2),(24,2),(31,2),(55,2),(4,3),(5,3),(10,3),(11,3),(12,3),(13,3),(16,3),(18,3),(19,3),(23,3),(24,3),(31,3),(32,3),(34,3),(37,3),(43,3),(47,3),(54,3),(55,3),(62,3),(63,3),(20,4),(30,4),(33,4),(53,4),(20,5),(30,5),(33,5),(53,5),(4,6),(5,6),(10,6),(11,6),(12,6),(13,6),(15,6),(16,6),(18,6),(19,6),(22,6),(23,6),(24,6),(29,6),(31,6),(32,6),(34,6),(35,6),(36,6),(37,6),(42,6),(43,6),(47,6),(48,6),(54,6),(55,6),(60,6),(62,6),(63,6),(64,6),(14,7),(20,7),(30,7),(33,7),(53,7),(4,8),(5,8),(10,8),(11,8),(12,8),(13,8),(14,8),(15,8),(16,8),(18,8),(19,8),(20,8),(22,8),(23,8),(24,8),(29,8),(30,8),(31,8),(32,8),(33,8),(34,8),(35,8),(36,8),(37,8),(42,8),(43,8),(47,8),(48,8),(53,8),(54,8),(55,8),(60,8),(62,8),(63,8),(64,8),(10,9),(12,9),(13,9),(14,9),(15,9),(16,9),(18,9),(19,9),(20,9),(22,9),(23,9),(24,9),(29,9),(30,9),(31,9),(32,9),(33,9),(34,9),(35,9),(36,9),(37,9),(42,9),(43,9),(47,9),(48,9),(53,9),(54,9),(55,9),(60,9),(62,9),(63,9),(64,9),(14,10),(20,10),(24,10),(30,10),(43,10),(47,10),(54,10),(62,10),(63,10),(16,11),(22,11),(33,11),(35,11),(36,11),(42,11),(53,11),(55,11),(64,11),(15,12),(18,12),(23,12),(37,12),(48,12),(13,13),(31,13),(60,13),(10,14),(12,14),(19,14),(29,14),(32,14),(34,14),(10,15),(12,15),(16,15),(18,15),(19,15),(20,15),(22,15),(23,15),(24,15),(29,15),(30,15),(31,15),(32,15),(33,15),(34,15),(35,15),(36,15),(37,15),(42,15),(43,15),(47,15),(48,15),(53,15),(54,15),(55,15),(60,15),(62,15),(63,15),(64,15),(12,16),(13,16),(18,16),(23,16),(32,16),(34,16),(37,16),(43,16),(47,16),(54,16),(61,16),(62,16),(63,16),(15,17),(22,17),(29,17),(35,17),(36,17),(42,17),(48,17),(60,17),(64,17),(14,18),(52,21),(59,21),(61,21),(61,23),(52,24),(59,24),(61,24),(52,26),(59,26),(52,32),(59,32),(61,32),(52,36),(59,36),(61,36),(59,38),(61,39),(52,40),(61,49),(61,52),(61,56);
/*!40000 ALTER TABLE `log_uzyte_segmenty` ENABLE KEYS */;
UNLOCK TABLES;

--
-- Table structure for table `operacje_log`
--

DROP TABLE IF EXISTS `operacje_log`;
/*!40101 SET @saved_cs_client     = @@character_set_client */;
/*!50503 SET character_set_client = utf8mb4 */;
CREATE TABLE `operacje_log` (
  `id` int NOT NULL AUTO_INCREMENT,
  `typ_operacji` varchar(50) COLLATE utf8mb4_unicode_ci NOT NULL COMMENT 'Np. TRANSFER, DODANIE_ZIEMI, FILTRACJA_KOŁO',
  `id_partii_surowca` int DEFAULT NULL,
  `id_sprzetu_zrodlowego` int DEFAULT NULL,
  `id_sprzetu_docelowego` int DEFAULT NULL,
  `czas_rozpoczecia` datetime NOT NULL,
  `czas_zakonczenia` datetime DEFAULT NULL,
  `ilosc_kg` decimal(10,2) DEFAULT NULL,
  `opis` text COLLATE utf8mb4_unicode_ci,
  `status_operacji` enum('aktywna','zakonczona','przerwana') COLLATE utf8mb4_unicode_ci NOT NULL DEFAULT 'aktywna',
  `punkt_startowy` varchar(50) COLLATE utf8mb4_unicode_ci DEFAULT NULL,
  `punkt_docelowy` varchar(50) COLLATE utf8mb4_unicode_ci DEFAULT NULL,
  PRIMARY KEY (`id`),
  KEY `id_partii_surowca` (`id_partii_surowca`),
  KEY `id_sprzetu_zrodlowego` (`id_sprzetu_zrodlowego`),
  KEY `id_sprzetu_docelowego` (`id_sprzetu_docelowego`),
  CONSTRAINT `operacje_log_ibfk_1` FOREIGN KEY (`id_partii_surowca`) REFERENCES `partie_surowca` (`id`) ON DELETE SET NULL,
  CONSTRAINT `operacje_log_ibfk_2` FOREIGN KEY (`id_sprzetu_zrodlowego`) REFERENCES `sprzet` (`id`) ON DELETE SET NULL,
  CONSTRAINT `operacje_log_ibfk_3` FOREIGN KEY (`id_sprzetu_docelowego`) REFERENCES `sprzet` (`id`) ON DELETE SET NULL
) ENGINE=InnoDB AUTO_INCREMENT=66 DEFAULT CHARSET=utf8mb4 COLLATE=utf8mb4_unicode_ci COMMENT='Log wszystkich zdarzeń i operacji w procesie';
/*!40101 SET character_set_client = @saved_cs_client */;

--
-- Dumping data for table `operacje_log`
--

LOCK TABLES `operacje_log` WRITE;
/*!40000 ALTER TABLE `operacje_log` DISABLE KEYS */;
INSERT INTO `operacje_log` VALUES (1,'TRANSFER',1,8,1,'2023-10-27 15:00:00','2025-07-01 02:20:26',7500.00,'Tankowanie z B1b do R1','zakonczona',NULL,NULL),(2,'TRANSFER',NULL,8,2,'2025-06-29 17:32:15','2025-07-01 02:20:20',7200.00,'Tankowanie partii 19-20250629-173214-CYSTERNA','zakonczona',NULL,NULL),(4,'FILTRACJA_DO_FZ',1,NULL,NULL,'2025-07-01 00:10:30','2025-07-01 00:26:12',NULL,'Operacja FILTRACJA_DO_FZ z R3_OUT do FZ_IN','zakonczona',NULL,NULL),(5,'FILTRACJA_DO_FZ',1,NULL,NULL,'2025-07-01 00:41:48','2025-07-01 00:43:21',NULL,'Operacja FILTRACJA_DO_FZ z R3_OUT do FZ_IN','zakonczona',NULL,NULL),(10,'FILTRACJA_R3_R5',1,NULL,NULL,'2025-07-01 02:27:04','2025-07-01 02:27:26',NULL,'Operacja FILTRACJA_R3_R5 z R3_OUT do R5_IN','zakonczona',NULL,NULL),(11,'DYNAMIC_R3_OUT_FZ_IN',1,NULL,NULL,'2025-07-01 03:51:48','2025-07-01 04:37:11',NULL,'Operacja DYNAMIC_R3_OUT_FZ_IN z R3_OUT do FZ_IN','zakonczona',NULL,NULL),(12,'FILTRACJA_R1_R5',1,NULL,NULL,'2025-07-01 23:15:17','2025-07-01 23:30:16',NULL,'Operacja FILTRACJA_R1_R5 z R1_OUT do R5_IN','zakonczona','R1_OUT','R5_IN'),(13,'DYNAMIC_R2_OUT_R4_IN',NULL,NULL,NULL,'2025-07-02 00:51:20','2025-07-02 00:54:52',NULL,'Operacja DYNAMIC_R2_OUT_R4_IN z R2_OUT do R4_IN','zakonczona','R2_OUT','R4_IN'),(14,'DYNAMIC_R4_OUT_R1_IN',NULL,NULL,NULL,'2025-07-02 01:00:49','2025-07-02 01:02:17',NULL,'Operacja DYNAMIC_R4_OUT_R1_IN z R4_OUT do R1_IN','zakonczona','R4_OUT','R1_IN'),(15,'DYNAMIC_R1_OUT_R3_IN',NULL,NULL,NULL,'2025-07-02 01:03:42','2025-07-02 01:14:51',NULL,'Operacja DYNAMIC_R1_OUT_R3_IN z R1_OUT do R3_IN','zakonczona','R1_OUT','R3_IN'),(16,'DYNAMIC_R3_OUT_R2_IN',NULL,NULL,NULL,'2025-07-02 01:15:53','2025-07-02 01:16:26',NULL,'Operacja DYNAMIC_R3_OUT_R2_IN z R3_OUT do R2_IN','zakonczona','R3_OUT','R2_IN'),(17,'DOBIELANIE',NULL,NULL,NULL,'2025-07-02 02:07:16',NULL,150.00,'Dodano 6 worków ziemi (150 kg) do partii 2','zakonczona',NULL,NULL),(18,'DYNAMIC_R2_OUT_R3_IN',NULL,NULL,NULL,'2025-07-02 02:25:22','2025-07-02 02:25:49',NULL,'Operacja DYNAMIC_R2_OUT_R3_IN z R2_OUT do R3_IN','zakonczona','R2_OUT','R3_IN'),(19,'DYNAMIC_R3_OUT_R5_IN',NULL,NULL,NULL,'2025-07-02 02:26:10','2025-07-02 02:26:29',NULL,'Operacja DYNAMIC_R3_OUT_R5_IN z R3_OUT do R5_IN','zakonczona','R3_OUT','R5_IN'),(20,'DYNAMIC_R5_OUT_R1_IN',1,NULL,NULL,'2025-07-02 02:32:09','2025-07-02 02:32:28',NULL,'Operacja DYNAMIC_R5_OUT_R1_IN z R5_OUT do R1_IN','zakonczona','R5_OUT','R1_IN'),(21,'DOBIELANIE',1,NULL,NULL,'2025-07-02 02:32:39',NULL,150.00,'Dodano 6 worków ziemi (150 kg) do partii 1','zakonczona',NULL,NULL),(22,'DYNAMIC_R1_OUT_R2_IN',1,NULL,NULL,'2025-07-02 03:24:05','2025-07-02 03:24:22',NULL,'Operacja DYNAMIC_R1_OUT_R2_IN z R1_OUT do R2_IN','zakonczona','R1_OUT','R2_IN'),(23,'DYNAMIC_R2_OUT_R3_IN',1,NULL,NULL,'2025-07-02 03:39:47','2025-07-02 03:41:34',NULL,'Operacja DYNAMIC_R2_OUT_R3_IN z R2_OUT do R3_IN','zakonczona','R2_OUT','R3_IN'),(24,'DYNAMIC_R3_OUT_R1_IN',1,NULL,NULL,'2025-07-02 10:34:14','2025-07-02 10:34:49',NULL,'Operacja DYNAMIC_R3_OUT_R1_IN z R3_OUT do R1_IN','zakonczona','R3_OUT','R1_IN'),(25,'TRANSFER',3,11,2,'2025-07-03 00:21:11',NULL,7500.00,'Tankowanie partii T-10-20250703-002111-APOLLO','zakonczona',NULL,NULL),(26,'TRANSFER',NULL,10,3,'2025-07-03 00:22:07',NULL,7500.00,'Tankowanie partii T-10-20250703-002207-APOLLO','zakonczona',NULL,NULL),(27,'DOBIELANIE',NULL,NULL,NULL,'2025-07-03 00:22:44',NULL,150.00,'Dodano 6 worków ziemi (150 kg) do partii 4','zakonczona',NULL,NULL),(28,'DOBIELANIE',3,NULL,NULL,'2025-07-03 05:13:18',NULL,150.00,'Dodano 6 worków ziemi (150 kg) do partii 3','zakonczona',NULL,NULL),(29,'DYNAMIC_R1_OUT_R5_IN',1,NULL,NULL,'2025-07-03 05:14:04','2025-07-03 10:55:57',NULL,'Operacja DYNAMIC_R1_OUT_R5_IN z R1_OUT do R5_IN','zakonczona','R1_OUT','R5_IN'),(30,'DYNAMIC_R5_OUT_R1_IN',1,NULL,NULL,'2025-07-03 11:27:15','2025-07-03 11:29:48',NULL,'Operacja DYNAMIC_R5_OUT_R1_IN z R5_OUT do R1_IN','zakonczona','R5_OUT','R1_IN'),(31,'DYNAMIC_R3_OUT_R4_IN',NULL,NULL,NULL,'2025-07-03 11:34:02','2025-07-03 11:34:06',NULL,'Operacja DYNAMIC_R3_OUT_R4_IN z R3_OUT do R4_IN','zakonczona','R3_OUT','R4_IN'),(32,'DYNAMIC_R2_OUT_R5_IN',3,NULL,NULL,'2025-07-03 11:34:54','2025-07-03 11:34:59',NULL,'Operacja DYNAMIC_R2_OUT_R5_IN z R2_OUT do R5_IN','zakonczona','R2_OUT','R5_IN'),(33,'DYNAMIC_R5_OUT_R2_IN',3,NULL,NULL,'2025-07-03 11:35:17','2025-07-03 11:35:32',NULL,'Operacja DYNAMIC_R5_OUT_R2_IN z R5_OUT do R2_IN','zakonczona','R5_OUT','R2_IN'),(34,'DYNAMIC_R2_OUT_R5_IN',3,NULL,NULL,'2025-07-03 17:02:57','2025-07-04 13:40:50',NULL,'Operacja DYNAMIC_R2_OUT_R5_IN z R2_OUT do R5_IN','zakonczona','R2_OUT','R5_IN'),(35,'DYNAMIC_R1_OUT_R2_IN',1,NULL,NULL,'2025-07-04 22:24:40','2025-07-04 23:57:08',NULL,'Operacja DYNAMIC_R1_OUT_R2_IN z R1_OUT do R2_IN','zakonczona','R1_OUT','R2_IN'),(36,'DYNAMIC_R1_OUT_R2_IN',1,NULL,NULL,'2025-07-05 00:01:19','2025-07-05 00:01:29',NULL,'Operacja DYNAMIC_R1_OUT_R2_IN z R1_OUT do R2_IN','zakonczona','R1_OUT','R2_IN'),(37,'DYNAMIC_R2_OUT_R3_IN',1,NULL,NULL,'2025-07-05 01:01:28','2025-07-05 01:22:09',NULL,'Operacja DYNAMIC_R2_OUT_R3_IN z R2_OUT do R3_IN','zakonczona','R2_OUT','R3_IN'),(38,'ZMIANA_STATUSU',NULL,NULL,NULL,'2025-07-05 01:25:15','2025-07-05 01:25:15',NULL,'Zmiana statusu na: Dobielanie','zakonczona',NULL,NULL),(39,'ZMIANA_STATUSU',NULL,NULL,NULL,'2025-07-05 01:30:35','2025-07-05 01:30:35',NULL,'Zmiana statusu na: Dobielanie','zakonczona',NULL,NULL),(40,'ZMIANA_STATUSU',NULL,NULL,NULL,'2025-07-05 01:34:07','2025-07-05 01:34:07',NULL,'Zmiana statusu na: Dobielanie','zakonczona',NULL,NULL),(41,'TANKOWANIE_BRUDNEGO',NULL,8,1,'2025-07-05 03:21:26','2025-07-05 03:21:26',7900.00,'Tankowanie brudnego surowca 19 z B1b do R1','zakonczona',NULL,NULL),(42,'DYNAMIC_R1_OUT_R2_IN',NULL,NULL,NULL,'2025-07-05 03:26:29','2025-07-05 03:45:47',NULL,'Operacja DYNAMIC_R1_OUT_R2_IN z R1_OUT do R2_IN','zakonczona','R1_OUT','R2_IN'),(43,'DYNAMIC_R2_OUT_R1_IN',NULL,NULL,NULL,'2025-07-05 03:48:45','2025-07-05 05:22:15',NULL,'Operacja DYNAMIC_R2_OUT_R1_IN z R2_OUT do R1_IN','zakonczona','R2_OUT','R1_IN'),(44,'TANKOWANIE_BRUDNEGO',NULL,22,1,'2025-07-05 03:57:06','2025-07-05 03:57:06',7800.00,'Tankowanie brudnego surowca GC42 z B6b do R1','zakonczona',NULL,NULL),(45,'TANKOWANIE_BRUDNEGO',NULL,25,1,'2025-07-05 04:16:32','2025-07-05 04:16:32',8000.00,'Tankowanie brudnego surowca 44 z B9b do R1','zakonczona',NULL,NULL),(46,'TANKOWANIE_BRUDNEGO',NULL,19,2,'2025-07-05 04:24:24','2025-07-05 04:24:24',7777.00,'Tankowanie brudnego surowca GC42 z B3b do R2','zakonczona',NULL,NULL),(47,'TRANSFER_PRZEZ_FILTR',NULL,NULL,NULL,'2025-07-05 05:23:53','2025-07-05 05:31:23',7777.00,'Transfer GC42 z R2 przez FZ do R1','zakonczona','R2_OUT','R1_IN'),(48,'DYNAMIC_R1_OUT_R3_IN',NULL,NULL,NULL,'2025-07-06 04:45:32','2025-07-06 04:45:40',NULL,'Operacja DYNAMIC_R1_OUT_R3_IN z R1_OUT do R3_IN','zakonczona','R1_OUT','R3_IN'),(49,'ZMIANA_STATUSU',3,NULL,NULL,'2025-07-06 10:54:41','2025-07-06 10:54:41',NULL,'Zmiana statusu na: Surowy w reaktorze','zakonczona',NULL,NULL),(50,'ZMIANA_STATUSU',1,NULL,NULL,'2025-07-06 10:54:48','2025-07-06 10:54:48',NULL,'Zmiana statusu na: Surowy w reaktorze','zakonczona',NULL,NULL),(51,'TANKOWANIE_BRUDNEGO',9,26,12,'2025-07-06 12:35:40','2025-07-06 12:35:40',7777.00,'Tankowanie brudnego surowca 44 z B10b do R8','zakonczona',NULL,NULL),(52,'TRANSFER_BEZPOSREDNI',9,NULL,NULL,'2025-07-06 12:36:23','2025-07-06 12:37:17',7777.00,'Transfer bezpośredni 44 z R8 do R9','zakonczona','R8_OUT','R9_IN'),(53,'TRANSFER_BEZPOSREDNI',3,NULL,NULL,'2025-07-06 13:15:12','2025-07-06 13:19:58',7650.00,'Transfer bezpośredni T-10 z R5 do R2','zakonczona','R5_OUT','R2_IN'),(54,'TRANSFER_BEZPOSREDNI',3,NULL,NULL,'2025-07-06 13:20:29','2025-07-06 13:23:18',7650.00,'Transfer bezpośredni T-10 z R2 do R1','zakonczona','R2_OUT','R1_IN'),(55,'TRANSFER_BEZPOSREDNI',1,NULL,NULL,'2025-07-06 13:25:06','2025-07-06 13:27:37',7650.00,'Transfer bezpośredni T-10 z R3 do R2','zakonczona','R3_OUT','R2_IN'),(56,'TANKOWANIE_BRUDNEGO',10,26,3,'2025-07-06 13:35:17','2025-07-06 13:35:17',8900.00,'Tankowanie brudnego surowca GC42 z B10b do R3','zakonczona',NULL,NULL),(57,'TANKOWANIE_BRUDNEGO',11,20,4,'2025-07-06 13:36:41','2025-07-06 13:36:41',8888.00,'Tankowanie brudnego surowca T-10 z B4b do R4','zakonczona',NULL,NULL),(58,'TANKOWANIE_BRUDNEGO',12,25,12,'2025-07-06 13:45:20','2025-07-06 13:45:20',5555.00,'Tankowanie brudnego surowca 19 z B9b do R8','zakonczona',NULL,NULL),(59,'TRANSFER_BEZPOSREDNI',12,NULL,NULL,'2025-07-06 13:45:59','2025-07-06 19:04:34',5555.00,'Transfer bezpośredni 19 z R8 do R7','zakonczona','R8_OUT','R7_IN'),(60,'DYNAMIC_R1_OUT_R4_IN',3,NULL,NULL,'2025-07-06 14:01:12','2025-07-06 19:04:29',NULL,'Operacja DYNAMIC_R1_OUT_R4_IN z R1_OUT do R4_IN','zakonczona','R1_OUT','R4_IN'),(61,'TRANSFER_BEZPOSREDNI',1,NULL,NULL,'2025-07-06 19:05:15','2025-07-06 20:14:31',7650.00,'Transfer bezpośredni T-10 z R2 do R8','zakonczona','R2_OUT','R8_IN'),(62,'TRANSFER_PRZEZ_FILTR',11,NULL,NULL,'2025-07-06 20:22:43','2025-07-06 20:30:06',8888.00,'Transfer T-10 z R2 przez FZ do R1','zakonczona','R2_OUT','R1_IN'),(63,'TRANSFER_PRZEZ_FILTR',11,NULL,NULL,'2025-07-06 21:22:47','2025-07-06 22:01:23',8888.00,'Transfer T-10 z R2 przez FZ do R1','zakonczona','R2_OUT','R1_IN'),(64,'TRANSFER_PRZEZ_FILTR',11,NULL,NULL,'2025-07-06 22:18:15',NULL,8888.00,'Transfer T-10 z R1 przez FZ do R2','aktywna','R1_OUT','R2_IN'),(65,'TANKOWANIE_BRUDNEGO',13,18,5,'2025-07-07 17:59:22','2025-07-07 17:59:22',6666.00,'Tankowanie brudnego surowca 44 z B2b do R5','zakonczona',NULL,NULL);
/*!40000 ALTER TABLE `operacje_log` ENABLE KEYS */;
UNLOCK TABLES;

--
-- Table structure for table `operator_temperatures`
--

DROP TABLE IF EXISTS `operator_temperatures`;
/*!40101 SET @saved_cs_client     = @@character_set_client */;
/*!50503 SET character_set_client = utf8mb4 */;
CREATE TABLE `operator_temperatures` (
  `id` int NOT NULL AUTO_INCREMENT,
  `id_sprzetu` int NOT NULL,
  `temperatura` decimal(5,2) NOT NULL,
  `czas_ustawienia` datetime NOT NULL,
  PRIMARY KEY (`id`),
  KEY `id_sprzetu` (`id_sprzetu`),
  CONSTRAINT `operator_temperatures_ibfk_1` FOREIGN KEY (`id_sprzetu`) REFERENCES `sprzet` (`id`)
) ENGINE=InnoDB AUTO_INCREMENT=178 DEFAULT CHARSET=utf8mb4 COLLATE=utf8mb4_unicode_ci;
/*!40101 SET character_set_client = @saved_cs_client */;

--
-- Dumping data for table `operator_temperatures`
--

LOCK TABLES `operator_temperatures` WRITE;
/*!40000 ALTER TABLE `operator_temperatures` DISABLE KEYS */;
INSERT INTO `operator_temperatures` VALUES (167,1,44.00,'2025-07-07 17:13:27'),(168,1,75.00,'2025-07-07 17:19:04'),(169,2,75.00,'2025-07-07 17:19:10'),(170,3,75.00,'2025-07-07 17:19:14'),(171,4,75.00,'2025-07-07 17:19:17'),(172,5,75.00,'2025-07-07 17:19:20'),(173,10,75.00,'2025-07-07 17:19:27'),(174,11,75.00,'2025-07-07 17:19:30'),(175,12,75.00,'2025-07-07 17:19:33'),(176,13,75.00,'2025-07-07 17:19:36'),(177,5,90.00,'2025-07-07 17:59:22');
/*!40000 ALTER TABLE `operator_temperatures` ENABLE KEYS */;
UNLOCK TABLES;

--
-- Table structure for table `partie_historia`
--

DROP TABLE IF EXISTS `partie_historia`;
/*!40101 SET @saved_cs_client     = @@character_set_client */;
/*!50503 SET character_set_client = utf8mb4 */;
CREATE TABLE `partie_historia` (
  `id` int NOT NULL AUTO_INCREMENT,
  `id_partii_surowca` int NOT NULL,
  `typ_operacji` enum('UTWORZENIE','TRANSFER','FILTRACJA','MIESZANIE','DZIELENIE','ZMIANA_STANU','POBOR_PROBKI','ZATWIERDZENIE') COLLATE utf8mb4_unicode_ci NOT NULL,
  `data_operacji` timestamp NULL DEFAULT CURRENT_TIMESTAMP,
  `operator` varchar(100) COLLATE utf8mb4_unicode_ci DEFAULT NULL,
  `lokalizacja_przed` varchar(100) COLLATE utf8mb4_unicode_ci DEFAULT NULL,
  `lokalizacja_po` varchar(100) COLLATE utf8mb4_unicode_ci DEFAULT NULL,
  `waga_przed` decimal(10,3) DEFAULT NULL,
  `waga_po` decimal(10,3) DEFAULT NULL,
  `parametry_operacji` json DEFAULT NULL,
  `opis_operacji` text COLLATE utf8mb4_unicode_ci,
  `id_operacji_log` int DEFAULT NULL,
  PRIMARY KEY (`id`),
  KEY `idx_partia` (`id_partii_surowca`),
  KEY `idx_typ_operacji` (`typ_operacji`),
  KEY `idx_data_operacji` (`data_operacji`),
  KEY `id_operacji_log` (`id_operacji_log`),
  CONSTRAINT `partie_historia_ibfk_1` FOREIGN KEY (`id_partii_surowca`) REFERENCES `partie_surowca` (`id`) ON DELETE CASCADE,
  CONSTRAINT `partie_historia_ibfk_2` FOREIGN KEY (`id_operacji_log`) REFERENCES `operacje_log` (`id`) ON DELETE SET NULL
) ENGINE=InnoDB AUTO_INCREMENT=4 DEFAULT CHARSET=utf8mb4 COLLATE=utf8mb4_unicode_ci;
/*!40101 SET character_set_client = @saved_cs_client */;

--
-- Dumping data for table `partie_historia`
--

LOCK TABLES `partie_historia` WRITE;
/*!40000 ALTER TABLE `partie_historia` DISABLE KEYS */;
INSERT INTO `partie_historia` VALUES (1,1,'UTWORZENIE','2025-07-05 19:28:50','SYSTEM_MIGRATION',NULL,NULL,NULL,NULL,NULL,'Partia utworzona: TEMP_PARTIA_1 (T-10)',NULL),(2,3,'UTWORZENIE','2025-07-05 19:28:50','SYSTEM_MIGRATION',NULL,NULL,NULL,NULL,NULL,'Partia utworzona: TEMP_PARTIA_3 (T-10)',NULL);
/*!40000 ALTER TABLE `partie_historia` ENABLE KEYS */;
UNLOCK TABLES;

--
-- Table structure for table `partie_powiazania`
--

DROP TABLE IF EXISTS `partie_powiazania`;
/*!40101 SET @saved_cs_client     = @@character_set_client */;
/*!50503 SET character_set_client = utf8mb4 */;
CREATE TABLE `partie_powiazania` (
  `id` int NOT NULL AUTO_INCREMENT,
  `partia_zrodlowa_id` int NOT NULL,
  `partia_docelowa_id` int NOT NULL,
  `typ_powiazania` enum('DZIELENIE','LACZENIE','TRANSFORMACJA') COLLATE utf8mb4_unicode_ci NOT NULL,
  `procent_udzialu` decimal(5,2) DEFAULT NULL,
  `data_powiazania` timestamp NULL DEFAULT CURRENT_TIMESTAMP,
  `id_operacji_log` int DEFAULT NULL,
  `uwagi` text COLLATE utf8mb4_unicode_ci,
  PRIMARY KEY (`id`),
  KEY `idx_partia_zrodlowa` (`partia_zrodlowa_id`),
  KEY `idx_partia_docelowa` (`partia_docelowa_id`),
  KEY `idx_typ_powiazania` (`typ_powiazania`),
  KEY `id_operacji_log` (`id_operacji_log`),
  CONSTRAINT `partie_powiazania_ibfk_1` FOREIGN KEY (`partia_zrodlowa_id`) REFERENCES `partie_surowca` (`id`) ON DELETE CASCADE,
  CONSTRAINT `partie_powiazania_ibfk_2` FOREIGN KEY (`partia_docelowa_id`) REFERENCES `partie_surowca` (`id`) ON DELETE CASCADE,
  CONSTRAINT `partie_powiazania_ibfk_3` FOREIGN KEY (`id_operacji_log`) REFERENCES `operacje_log` (`id`) ON DELETE SET NULL
) ENGINE=InnoDB DEFAULT CHARSET=utf8mb4 COLLATE=utf8mb4_unicode_ci;
/*!40101 SET character_set_client = @saved_cs_client */;

--
-- Dumping data for table `partie_powiazania`
--

LOCK TABLES `partie_powiazania` WRITE;
/*!40000 ALTER TABLE `partie_powiazania` DISABLE KEYS */;
/*!40000 ALTER TABLE `partie_powiazania` ENABLE KEYS */;
UNLOCK TABLES;

--
-- Table structure for table `partie_probki`
--

DROP TABLE IF EXISTS `partie_probki`;
/*!40101 SET @saved_cs_client     = @@character_set_client */;
/*!50503 SET character_set_client = utf8mb4 */;
CREATE TABLE `partie_probki` (
  `id` int NOT NULL AUTO_INCREMENT,
  `id_partii_surowca` int NOT NULL,
  `numer_probki` varchar(50) COLLATE utf8mb4_unicode_ci NOT NULL,
  `data_pobrania` timestamp NULL DEFAULT CURRENT_TIMESTAMP,
  `pobrana_przez` varchar(100) COLLATE utf8mb4_unicode_ci DEFAULT NULL,
  `lokalizacja_pobrania` varchar(100) COLLATE utf8mb4_unicode_ci DEFAULT NULL,
  `typ_probki` enum('RUTYNOWA','KONTROLNA','REKLAMACYJNA','WALIDACYJNA') COLLATE utf8mb4_unicode_ci DEFAULT 'RUTYNOWA',
  `status_probki` enum('POBRANA','W_ANALIZIE','ZATWIERDZONA','ODRZUCONA') COLLATE utf8mb4_unicode_ci DEFAULT 'POBRANA',
  `wyniki_analizy` json DEFAULT NULL,
  `data_analizy` timestamp NULL DEFAULT NULL,
  `analizowana_przez` varchar(100) COLLATE utf8mb4_unicode_ci DEFAULT NULL,
  `uwagi` text COLLATE utf8mb4_unicode_ci,
  PRIMARY KEY (`id`),
  UNIQUE KEY `numer_probki` (`numer_probki`),
  KEY `idx_partia` (`id_partii_surowca`),
  KEY `idx_numer_probki` (`numer_probki`),
  KEY `idx_status` (`status_probki`),
  KEY `idx_data_pobrania` (`data_pobrania`),
  CONSTRAINT `partie_probki_ibfk_1` FOREIGN KEY (`id_partii_surowca`) REFERENCES `partie_surowca` (`id`) ON DELETE CASCADE
) ENGINE=InnoDB DEFAULT CHARSET=utf8mb4 COLLATE=utf8mb4_unicode_ci;
/*!40101 SET character_set_client = @saved_cs_client */;

--
-- Dumping data for table `partie_probki`
--

LOCK TABLES `partie_probki` WRITE;
/*!40000 ALTER TABLE `partie_probki` DISABLE KEYS */;
/*!40000 ALTER TABLE `partie_probki` ENABLE KEYS */;
UNLOCK TABLES;

--
-- Table structure for table `partie_statusy`
--

DROP TABLE IF EXISTS `partie_statusy`;
/*!40101 SET @saved_cs_client     = @@character_set_client */;
/*!50503 SET character_set_client = utf8mb4 */;
CREATE TABLE `partie_statusy` (
  `id_partii` int NOT NULL,
  `id_statusu` int NOT NULL,
  `data_nadania` timestamp NULL DEFAULT CURRENT_TIMESTAMP,
  PRIMARY KEY (`id_partii`,`id_statusu`),
  KEY `id_statusu` (`id_statusu`),
  CONSTRAINT `partie_statusy_ibfk_1` FOREIGN KEY (`id_partii`) REFERENCES `partie_surowca` (`id`) ON DELETE CASCADE,
  CONSTRAINT `partie_statusy_ibfk_2` FOREIGN KEY (`id_statusu`) REFERENCES `statusy` (`id`) ON DELETE CASCADE
) ENGINE=InnoDB DEFAULT CHARSET=utf8mb4 COLLATE=utf8mb4_unicode_ci COMMENT='Przypisuje wiele statusów do jednej partii';
/*!40101 SET character_set_client = @saved_cs_client */;

--
-- Dumping data for table `partie_statusy`
--

LOCK TABLES `partie_statusy` WRITE;
/*!40000 ALTER TABLE `partie_statusy` DISABLE KEYS */;
INSERT INTO `partie_statusy` VALUES (1,1,'2025-06-29 14:37:43'),(1,3,'2025-07-02 00:32:39'),(3,1,'2025-07-02 22:21:10'),(3,3,'2025-07-03 03:13:18'),(9,1,'2025-07-06 10:35:40'),(10,1,'2025-07-06 11:35:17'),(11,1,'2025-07-06 11:36:41'),(12,1,'2025-07-06 11:45:20'),(13,1,'2025-07-07 15:59:22');
/*!40000 ALTER TABLE `partie_statusy` ENABLE KEYS */;
UNLOCK TABLES;

--
-- Table structure for table `partie_surowca`
--

DROP TABLE IF EXISTS `partie_surowca`;
/*!40101 SET @saved_cs_client     = @@character_set_client */;
/*!50503 SET character_set_client = utf8mb4 */;
CREATE TABLE `partie_surowca` (
  `id` int NOT NULL AUTO_INCREMENT,
  `unikalny_kod` varchar(50) COLLATE utf8mb4_unicode_ci NOT NULL COMMENT 'Identyfikator partii, np. T10-20231027-1430-APOLLO',
  `typ_surowca` varchar(50) COLLATE utf8mb4_unicode_ci DEFAULT NULL,
  `zrodlo_pochodzenia` enum('apollo','cysterna') COLLATE utf8mb4_unicode_ci NOT NULL,
  `waga_poczatkowa_kg` decimal(10,2) NOT NULL,
  `waga_aktualna_kg` decimal(10,2) DEFAULT NULL,
  `data_utworzenia` timestamp NULL DEFAULT CURRENT_TIMESTAMP,
  `id_sprzetu` int DEFAULT NULL,
  `nazwa_partii` varchar(100) COLLATE utf8mb4_unicode_ci NOT NULL,
  `rodzaj_surowca` varchar(50) COLLATE utf8mb4_unicode_ci DEFAULT NULL,
  `id_aktualnego_sprzetu` int DEFAULT NULL,
  `status_partii` enum('W magazynie brudnym','Surowy w reaktorze','Budowanie placka','Przelewanie','Filtrowanie','Oczekiwanie na ocenę','Do ponownej filtracji','Dobielanie','Gotowy do wysłania','W magazynie czystym') COLLATE utf8mb4_unicode_ci NOT NULL,
  `aktualny_etap_procesu` enum('surowy','placek','przelew','w_kole','ocena_probki','dmuchanie','gotowy','wydmuch') COLLATE utf8mb4_unicode_ci DEFAULT 'surowy',
  `numer_cyklu_aktualnego` int DEFAULT '0',
  `czas_rozpoczecia_etapu` datetime DEFAULT NULL,
  `planowany_czas_zakonczenia` datetime DEFAULT NULL,
  `id_aktualnego_filtra` varchar(10) COLLATE utf8mb4_unicode_ci DEFAULT NULL,
  `reaktor_docelowy` varchar(10) COLLATE utf8mb4_unicode_ci DEFAULT NULL,
  `ilosc_cykli_filtracyjnych` int DEFAULT '0',
  `historia_operacji` json DEFAULT NULL,
  `partia_rodzic_id` int DEFAULT NULL,
  `typ_transformacji` enum('NOWA','TRANSFER','FILTRACJA','MIESZANIE','DZIELENIE') COLLATE utf8mb4_unicode_ci DEFAULT 'NOWA',
  `etap_procesu` enum('SUROWA','W_PROCESIE','FILTROWANA','GOTOWA','ZATWIERDZONA','ODRZUCONA') COLLATE utf8mb4_unicode_ci DEFAULT 'SUROWA',
  `pochodzenie_opis` text COLLATE utf8mb4_unicode_ci,
  `data_ostatniej_modyfikacji` timestamp NULL DEFAULT CURRENT_TIMESTAMP ON UPDATE CURRENT_TIMESTAMP,
  `utworzona_przez` varchar(100) COLLATE utf8mb4_unicode_ci DEFAULT NULL,
  `certyfikat_jakosci` text COLLATE utf8mb4_unicode_ci,
  `uwagi_operatora` text COLLATE utf8mb4_unicode_ci,
  PRIMARY KEY (`id`),
  UNIQUE KEY `unikalny_kod` (`unikalny_kod`),
  UNIQUE KEY `nazwa_partii` (`nazwa_partii`),
  KEY `id_sprzetu` (`id_sprzetu`),
  KEY `idx_partia_rodzic` (`partia_rodzic_id`),
  KEY `idx_typ_transformacji` (`typ_transformacji`),
  KEY `idx_etap_procesu` (`etap_procesu`),
  CONSTRAINT `fk_partia_rodzic` FOREIGN KEY (`partia_rodzic_id`) REFERENCES `partie_surowca` (`id`) ON DELETE SET NULL,
  CONSTRAINT `partie_surowca_ibfk_1` FOREIGN KEY (`id_sprzetu`) REFERENCES `sprzet` (`id`) ON DELETE SET NULL
) ENGINE=InnoDB AUTO_INCREMENT=14 DEFAULT CHARSET=utf8mb4 COLLATE=utf8mb4_unicode_ci COMMENT='Każdy wiersz to unikalna partia produkcyjna surowca';
/*!40101 SET character_set_client = @saved_cs_client */;

--
-- Dumping data for table `partie_surowca`
--

LOCK TABLES `partie_surowca` WRITE;
/*!40000 ALTER TABLE `partie_surowca` DISABLE KEYS */;
INSERT INTO `partie_surowca` VALUES (1,'T10-20231027-1500-APOLLO','T-10','apollo',7500.00,7650.00,'2025-06-29 14:37:43',12,'TEMP_PARTIA_1',NULL,NULL,'Surowy w reaktorze','przelew',3,'2025-07-05 05:29:46',NULL,NULL,NULL,0,NULL,NULL,'NOWA','SUROWA',NULL,'2025-07-06 18:14:31',NULL,NULL,NULL),(3,'T-10-20250703-002111-APOLLO','T-10','apollo',7500.00,7650.00,'2025-07-02 22:21:10',4,'TEMP_PARTIA_3',NULL,NULL,'Surowy w reaktorze','gotowy',1,'2025-07-06 19:00:18',NULL,NULL,NULL,0,NULL,NULL,'NOWA','SUROWA',NULL,'2025-07-06 17:04:29',NULL,NULL,NULL),(9,'44-20250706-123540-B10b','44','cysterna',7777.00,7777.00,'2025-07-06 10:35:40',13,'PARTIA_44-20250706-123540-B10b',NULL,NULL,'Surowy w reaktorze','surowy',0,NULL,NULL,NULL,NULL,0,NULL,NULL,'NOWA','SUROWA',NULL,'2025-07-06 10:37:17',NULL,NULL,NULL),(10,'GC42-20250706-133517-B10b','GC42','cysterna',8900.00,8900.00,'2025-07-06 11:35:17',3,'PARTIA_GC42-20250706-133517-B10b',NULL,NULL,'Surowy w reaktorze','surowy',0,NULL,NULL,NULL,NULL,0,NULL,NULL,'NOWA','SUROWA',NULL,'2025-07-06 11:35:17',NULL,NULL,NULL),(11,'T-10-20250706-133640-B4b','T-10','cysterna',8888.00,8888.00,'2025-07-06 11:36:41',1,'PARTIA_T-10-20250706-133640-B4b',NULL,NULL,'Surowy w reaktorze','surowy',0,NULL,NULL,NULL,NULL,0,NULL,NULL,'NOWA','SUROWA',NULL,'2025-07-06 20:01:23',NULL,NULL,NULL),(12,'19-20250706-134520-B9b','19','cysterna',5555.00,5555.00,'2025-07-06 11:45:20',11,'PARTIA_19-20250706-134520-B9b',NULL,NULL,'Surowy w reaktorze','gotowy',0,'2025-07-06 19:00:05',NULL,NULL,NULL,0,NULL,NULL,'NOWA','SUROWA',NULL,'2025-07-06 17:04:34',NULL,NULL,NULL),(13,'44-20250707-175922-B2b','44','cysterna',6666.00,6666.00,'2025-07-07 15:59:22',5,'PARTIA_44-20250707-175922-B2b',NULL,NULL,'Surowy w reaktorze','surowy',0,NULL,NULL,NULL,NULL,0,NULL,NULL,'NOWA','SUROWA',NULL,'2025-07-07 15:59:22',NULL,NULL,NULL);
/*!40000 ALTER TABLE `partie_surowca` ENABLE KEYS */;
UNLOCK TABLES;

--
-- Table structure for table `pathfinder_test_history`
--

DROP TABLE IF EXISTS `pathfinder_test_history`;
/*!40101 SET @saved_cs_client     = @@character_set_client */;
/*!50503 SET character_set_client = utf8mb4 */;
CREATE TABLE `pathfinder_test_history` (
  `id` int NOT NULL AUTO_INCREMENT,
  `test_type` varchar(50) COLLATE utf8mb4_unicode_ci NOT NULL,
  `start_point` varchar(100) COLLATE utf8mb4_unicode_ci DEFAULT NULL,
  `end_point` varchar(100) COLLATE utf8mb4_unicode_ci DEFAULT NULL,
  `test_parameters` json DEFAULT NULL,
  `result` json DEFAULT NULL,
  `success` tinyint(1) DEFAULT NULL,
  `execution_time_ms` int DEFAULT NULL,
  `created_at` datetime DEFAULT CURRENT_TIMESTAMP,
  PRIMARY KEY (`id`)
) ENGINE=InnoDB AUTO_INCREMENT=27 DEFAULT CHARSET=utf8mb4 COLLATE=utf8mb4_unicode_ci;
/*!40101 SET character_set_client = @saved_cs_client */;

--
-- Dumping data for table `pathfinder_test_history`
--

LOCK TABLES `pathfinder_test_history` WRITE;
/*!40000 ALTER TABLE `pathfinder_test_history` DISABLE KEYS */;
INSERT INTO `pathfinder_test_history` VALUES (1,'connection_test','R1_IN','R1_OUT','{\"valve_states\": null}','{\"path\": null, \"message\": \"Brak dostępnej ścieżki z R1_IN do R1_OUT\", \"available\": false, \"path_length\": 0, \"segments_used\": []}',0,9,'2025-07-06 02:03:02'),(2,'connection_test','W_FZ_OUT_MAIN','W_R1_FZ','{\"valve_states\": null}','{\"path\": null, \"message\": \"Brak dostępnej ścieżki z W_FZ_OUT_MAIN do W_R1_FZ\", \"available\": false, \"path_length\": 0, \"segments_used\": []}',0,16,'2025-07-06 02:03:16'),(3,'connection_test','FZ_IN','FZ_OUT','{\"valve_states\": null}','{\"path\": [\"SEGM_FZ_IN_DO_FZ_OUT\"], \"message\": \"Znaleziono ścieżkę z FZ_IN do FZ_OUT\", \"available\": true, \"path_length\": 1, \"segments_used\": []}',1,9,'2025-07-06 02:07:23'),(4,'connection_test','R1_OUT','R2_IN','{\"valve_states\": null}','{\"path\": [\"SEGM_R1_OUT_DO_W_R1_FZ\", \"SEGM_W_R1_FZ_DO_W_FZ_IN_MAIN\", \"SEGM_W_FZ_IN_MAIN_DO_FZ_IN\", \"SEGM_FZ_IN_DO_FZ_OUT\", \"SEGM_FZ_OUT_DO_W_FZ_OUT_MAIN\", \"SEGM_W_FZ_OUT_MAIN_DO_R2_IN\"], \"message\": \"Znaleziono ścieżkę z R1_OUT do R2_IN\", \"available\": true, \"path_length\": 6, \"segments_used\": []}',1,30,'2025-07-06 02:10:30'),(5,'find_paths','R1_OUT','R2_IN','{\"max_paths\": 5}','{\"count\": 1, \"paths\": [{\"path\": [\"SEGM_R1_OUT_DO_W_R1_FZ\", \"SEGM_W_R1_FZ_DO_W_FZ_IN_MAIN\", \"SEGM_W_FZ_IN_MAIN_DO_FZ_IN\", \"SEGM_FZ_IN_DO_FZ_OUT\", \"SEGM_FZ_OUT_DO_W_FZ_OUT_MAIN\", \"SEGM_W_FZ_OUT_MAIN_DO_R2_IN\"], \"length\": 6, \"segments\": [], \"estimated_cost\": 5}], \"message\": \"Znaleziono 1 ścieżek z R1_OUT do R2_IN\"}',1,138,'2025-07-06 02:10:39'),(6,'connection_test','R1_OUT','R7_IN','{\"valve_states\": null}','{\"path\": null, \"message\": \"Brak dostępnej ścieżki z R1_OUT do R7_IN\", \"available\": false, \"path_length\": 0, \"segments_used\": []}',0,11,'2025-07-06 02:11:06'),(7,'valve_simulation',NULL,NULL,'{\"valve_changes\": [{\"new_state\": \"OTWARTY\", \"valve_name\": \"V_FN_IN_FN_OUT\", \"test_routes\": [{\"end\": \"R2_IN\", \"start\": \"R1_IN\"}]}]}','{\"message\": \"Wykonano symulację dla 1 zmian zaworów\", \"simulation_results\": [{\"valve_change\": \"V_FN_IN_FN_OUT: OTWARTY\", \"route_results\": [{\"route\": \"R1_IN -> R2_IN\", \"message\": \"Brak dostępnej ścieżki z R1_IN do R2_IN\", \"available\": false, \"path_length\": 0}], \"overall_impact\": \"duży_wpływ\"}]}',1,135,'2025-07-06 02:22:00'),(8,'valve_simulation',NULL,NULL,'{\"valve_changes\": [{\"new_state\": \"ZAMKNIETY\", \"valve_name\": \"V_R1_OUT_W_R1_FZ\", \"test_routes\": [{\"end\": \"R2_IN\", \"start\": \"R1_IN\"}]}]}','{\"message\": \"Wykonano symulację dla 1 zmian zaworów\", \"simulation_results\": [{\"valve_change\": \"V_R1_OUT_W_R1_FZ: ZAMKNIETY\", \"route_results\": [{\"route\": \"R1_IN -> R2_IN\", \"message\": \"Brak dostępnej ścieżki z R1_IN do R2_IN\", \"available\": false, \"path_length\": 0}], \"overall_impact\": \"duży_wpływ\"}]}',1,44,'2025-07-06 02:23:10'),(9,'valve_simulation',NULL,NULL,'{\"valve_changes\": [{\"new_state\": \"OTWARTY\", \"valve_name\": \"V_FZ_OUT_W_FZ_OUT\", \"test_routes\": [{\"end\": \"R2_IN\", \"start\": \"R1_IN\"}]}]}','{\"message\": \"Wykonano symulację dla 1 zmian zaworów\", \"simulation_results\": [{\"valve_change\": \"V_FZ_OUT_W_FZ_OUT: OTWARTY\", \"route_results\": [{\"route\": \"R1_IN -> R2_IN\", \"message\": \"Brak dostępnej ścieżki z R1_IN do R2_IN\", \"available\": false, \"path_length\": 0}], \"overall_impact\": \"duży_wpływ\"}]}',1,53,'2025-07-06 02:23:55'),(10,'connection_test','R1_OUT','R9_IN','{\"valve_states\": null}','{\"path\": null, \"message\": \"Brak dostępnej ścieżki z R1_OUT do R9_IN\", \"available\": false, \"path_length\": 0, \"segments_used\": []}',0,11,'2025-07-06 04:40:47'),(11,'find_paths','R1_OUT','R9_IN','{\"max_paths\": 5}','{\"count\": 0, \"paths\": [], \"message\": \"Brak dostępnych ścieżek z R1_OUT do R9_IN\"}',0,10,'2025-07-06 04:40:54'),(12,'connection_test','R6_OUT','R9_IN','{\"valve_states\": null}','{\"path\": null, \"message\": \"Brak dostępnej ścieżki z R6_OUT do R9_IN\", \"available\": false, \"path_length\": 0, \"segments_used\": []}',0,8,'2025-07-06 04:41:16'),(13,'connection_test','R1_OUT','R3_IN','{\"valve_states\": null}','{\"path\": [\"SEGM_R1_OUT_DO_W_R1_FZ\", \"SEGM_W_R1_FZ_DO_W_FZ_IN_MAIN\", \"SEGM_W_FZ_IN_MAIN_DO_FZ_IN\", \"SEGM_FZ_IN_DO_FZ_OUT\", \"SEGM_FZ_OUT_DO_W_FZ_OUT_MAIN\", \"SEGM_W_FZ_OUT_MAIN_DO_R3_IN\"], \"message\": \"Znaleziono ścieżkę z R1_OUT do R3_IN\", \"available\": true, \"path_length\": 6, \"segments_used\": []}',1,29,'2025-07-06 04:46:22'),(14,'connection_test','R4_OUT','R6_IN','{\"valve_states\": null}','{\"path\": null, \"message\": \"Brak dostępnej ścieżki z R4_OUT do R6_IN\", \"available\": false, \"path_length\": 0, \"segments_used\": []}',0,12,'2025-07-06 04:51:40'),(15,'connection_test','R6_OUT','R8_OUT','{\"valve_states\": null}','{\"path\": null, \"message\": \"Brak dostępnej ścieżki z R6_OUT do R8_OUT\", \"available\": false, \"path_length\": 0, \"segments_used\": []}',0,16,'2025-07-06 05:11:43'),(16,'connection_test','R7_OUT','R7_IN','{\"valve_states\": null}','{\"path\": [\"SEGM_R7_OUT_W_R7_FN\", \"SEGM_W_R7_FN_FN_IN\", \"SEGM_FN_IN_DO_FN_OUT\", \"SEGM_FN_OUT_DO_W_FN_OUT\", \"SEGM_W_FN_OUT_MAIN_DO_R7_IN\"], \"message\": \"Znaleziono ścieżkę z R7_OUT do R7_IN\", \"available\": true, \"path_length\": 5, \"segments_used\": []}',1,119,'2025-07-06 05:13:24'),(17,'connection_test','R4_OUT','R8_IN','{\"valve_states\": null}','{\"path\": null, \"message\": \"Brak dostępnej ścieżki z R4_OUT do R8_IN\", \"available\": false, \"path_length\": 0, \"segments_used\": []}',0,11,'2025-07-06 11:40:46'),(18,'find_paths','R1_IN','R8_IN','{\"max_paths\": 5}','{\"count\": 0, \"paths\": [], \"message\": \"Brak dostępnych ścieżek z R1_IN do R8_IN\"}',0,11,'2025-07-06 11:41:59'),(19,'connection_test','R1_IN','R8_IN','{\"valve_states\": null}','{\"path\": null, \"message\": \"Brak dostępnej ścieżki z R1_IN do R8_IN\", \"available\": false, \"path_length\": 0, \"segments_used\": []}',0,12,'2025-07-06 11:42:06'),(20,'connection_test','R1_OUT','R8_IN','{\"valve_states\": null}','{\"path\": [\"SEGM_R1_OUT_DO_W_R1_FZ\", \"SEGM_W_R1_FZ_DO_W_R1_R2\", \"SEGM_W_R1_R2_DO_W_R2_R3\", \"SEGM_W_R2_R3_DO_W_R3_R6_R9\", \"SEGM_W_R8_R9_DO_W_R3_R6_R9\", \"SEGM_W_R7_R8_W_R8_R9\", \"SEGM_W_R7_FN_W_R7_R8\", \"SEGM_W_R7_FN_FN_IN\", \"SEGM_FN_IN_DO_FN_OUT\", \"SEGM_FN_OUT_DO_W_FN_OUT\", \"SEGM_W_FN_OUT_MAIN_DO_R8_IN\"], \"message\": \"Znaleziono ścieżkę z R1_OUT do R8_IN\", \"available\": true, \"path_length\": 11, \"segments_used\": []}',1,28,'2025-07-06 11:42:42'),(21,'find_paths','R1_OUT','R8_IN','{\"max_paths\": 5}','{\"count\": 1, \"paths\": [{\"path\": [\"SEGM_R1_OUT_DO_W_R1_FZ\", \"SEGM_W_R1_FZ_DO_W_R1_R2\", \"SEGM_W_R1_R2_DO_W_R2_R3\", \"SEGM_W_R2_R3_DO_W_R3_R6_R9\", \"SEGM_W_R8_R9_DO_W_R3_R6_R9\", \"SEGM_W_R7_R8_W_R8_R9\", \"SEGM_W_R7_FN_W_R7_R8\", \"SEGM_W_R7_FN_FN_IN\", \"SEGM_FN_IN_DO_FN_OUT\", \"SEGM_FN_OUT_DO_W_FN_OUT\", \"SEGM_W_FN_OUT_MAIN_DO_R8_IN\"], \"length\": 11, \"segments\": [], \"estimated_cost\": 10}], \"message\": \"Znaleziono 1 ścieżek z R1_OUT do R8_IN\"}',1,83,'2025-07-06 11:42:55'),(22,'connection_test','R9_OUT','R1_IN','{\"valve_states\": null}','{\"path\": [\"SEGM_R9_OUT_W_R8_R9\", \"SEGM_W_R8_R9_W_R3_R6_R9\", \"SEGM_W_R3_R6_R9_W_R3_R2\", \"SEGM_W_R2_R3_DO_W_R1_R2\", \"SEGM_W_R1_R2_DO_W_R1_FZ\", \"SEGM_W_R1_FZ_DO_W_FZ_IN_MAIN\", \"SEGM_W_FZ_IN_MAIN_DO_FZ_IN\", \"SEGM_FZ_IN_DO_FZ_OUT\", \"SEGM_FZ_OUT_DO_W_FZ_OUT_MAIN\", \"SEGM_W_FZ_OUT_MAIN_DO_R1_IN\"], \"message\": \"Znaleziono ścieżkę z R9_OUT do R1_IN\", \"available\": true, \"path_length\": 10, \"segments_used\": []}',1,50,'2025-07-06 11:49:33'),(23,'connection_test','R9_OUT','R1_IN','{\"valve_states\": null}','{\"path\": [\"SEGM_R9_OUT_W_R8_R9\", \"SEGM_W_R8_R9_W_R3_R6_R9\", \"SEGM_W_R3_R6_R9_W_R3_R2\", \"SEGM_W_R2_R3_DO_W_R1_R2\", \"SEGM_W_R1_R2_DO_W_R1_FZ\", \"SEGM_W_R1_FZ_DO_W_FZ_IN_MAIN\", \"SEGM_W_FZ_IN_MAIN_DO_FZ_IN\", \"SEGM_FZ_IN_DO_FZ_OUT\", \"SEGM_FZ_OUT_DO_W_FZ_OUT_MAIN\", \"SEGM_W_FZ_OUT_MAIN_DO_R1_IN\"], \"message\": \"Znaleziono ścieżkę z R9_OUT do R1_IN\", \"available\": true, \"path_length\": 10, \"segments_used\": []}',1,33,'2025-07-06 11:49:47'),(24,'find_paths','R9_OUT','R1_IN','{\"max_paths\": 5}','{\"count\": 1, \"paths\": [{\"path\": [\"SEGM_R9_OUT_W_R8_R9\", \"SEGM_W_R8_R9_W_R3_R6_R9\", \"SEGM_W_R3_R6_R9_W_R3_R2\", \"SEGM_W_R2_R3_DO_W_R1_R2\", \"SEGM_W_R1_R2_DO_W_R1_FZ\", \"SEGM_W_R1_FZ_DO_W_FZ_IN_MAIN\", \"SEGM_W_FZ_IN_MAIN_DO_FZ_IN\", \"SEGM_FZ_IN_DO_FZ_OUT\", \"SEGM_FZ_OUT_DO_W_FZ_OUT_MAIN\", \"SEGM_W_FZ_OUT_MAIN_DO_R1_IN\"], \"length\": 10, \"segments\": [], \"estimated_cost\": 9}], \"message\": \"Znaleziono 1 ścieżek z R9_OUT do R1_IN\"}',1,109,'2025-07-06 11:49:49'),(25,'connection_test','R9_OUT','R1_IN','{\"valve_states\": null}','{\"path\": [\"SEGM_R9_OUT_W_R8_R9\", \"SEGM_W_R8_R9_W_R3_R6_R9\", \"SEGM_W_R3_R6_R9_W_R3_R2\", \"SEGM_W_R2_R3_DO_W_R1_R2\", \"SEGM_W_R1_R2_DO_W_R1_FZ\", \"SEGM_W_R1_FZ_DO_W_FZ_IN_MAIN\", \"SEGM_W_FZ_IN_MAIN_DO_FZ_IN\", \"SEGM_FZ_IN_DO_FZ_OUT\", \"SEGM_FZ_OUT_DO_W_FZ_OUT_MAIN\", \"SEGM_W_FZ_OUT_MAIN_DO_R1_IN\"], \"message\": \"Znaleziono ścieżkę z R9_OUT do R1_IN\", \"available\": true, \"path_length\": 10, \"segments_used\": []}',1,38,'2025-07-06 11:49:51'),(26,'connection_test','R7_OUT','R1_IN','{\"valve_states\": null}','{\"path\": [\"SEGM_R7_OUT_W_R7_FN\", \"SEGM_W_R7_FN_DO_W_R7_R8\", \"SEGM_W_R7_R8_DO_W_R8_R9\", \"SEGM_W_R8_R9_W_R3_R6_R9\", \"SEGM_W_R3_R6_R9_W_R3_R2\", \"SEGM_W_R2_R3_DO_W_R1_R2\", \"SEGM_W_R1_R2_DO_W_R1_FZ\", \"SEGM_W_R1_FZ_DO_W_FZ_IN_MAIN\", \"SEGM_W_FZ_IN_MAIN_DO_FZ_IN\", \"SEGM_FZ_IN_DO_FZ_OUT\", \"SEGM_FZ_OUT_DO_W_FZ_OUT_MAIN\", \"SEGM_W_FZ_OUT_MAIN_DO_R1_IN\"], \"message\": \"Znaleziono ścieżkę z R7_OUT do R1_IN\", \"available\": true, \"path_length\": 12, \"segments_used\": []}',1,45,'2025-07-06 11:50:05');
/*!40000 ALTER TABLE `pathfinder_test_history` ENABLE KEYS */;
UNLOCK TABLES;

--
-- Table structure for table `porty_sprzetu`
--

DROP TABLE IF EXISTS `porty_sprzetu`;
/*!40101 SET @saved_cs_client     = @@character_set_client */;
/*!50503 SET character_set_client = utf8mb4 */;
CREATE TABLE `porty_sprzetu` (
  `id` int NOT NULL AUTO_INCREMENT,
  `id_sprzetu` int NOT NULL,
  `nazwa_portu` varchar(50) COLLATE utf8mb4_unicode_ci NOT NULL,
  `typ_portu` enum('IN','OUT') COLLATE utf8mb4_unicode_ci NOT NULL,
  PRIMARY KEY (`id`),
  UNIQUE KEY `nazwa_portu` (`nazwa_portu`),
  KEY `id_sprzetu` (`id_sprzetu`),
  CONSTRAINT `porty_sprzetu_ibfk_1` FOREIGN KEY (`id_sprzetu`) REFERENCES `sprzet` (`id`) ON DELETE CASCADE
) ENGINE=InnoDB AUTO_INCREMENT=27 DEFAULT CHARSET=utf8mb4 COLLATE=utf8mb4_unicode_ci COMMENT='Punkty wejściowe/wyjściowe na sprzęcie (reaktorach, filtrach)';
/*!40101 SET character_set_client = @saved_cs_client */;

--
-- Dumping data for table `porty_sprzetu`
--

LOCK TABLES `porty_sprzetu` WRITE;
/*!40000 ALTER TABLE `porty_sprzetu` DISABLE KEYS */;
INSERT INTO `porty_sprzetu` VALUES (1,1,'R1_IN','IN'),(2,1,'R1_OUT','OUT'),(3,2,'R2_IN','IN'),(4,2,'R2_OUT','OUT'),(5,3,'R3_IN','IN'),(6,3,'R3_OUT','OUT'),(7,4,'R4_IN','IN'),(8,4,'R4_OUT','OUT'),(9,5,'R5_IN','IN'),(10,5,'R5_OUT','OUT'),(11,6,'FZ_IN','IN'),(12,6,'FZ_OUT','OUT'),(13,7,'FN_IN','IN'),(14,7,'FN_OUT','OUT'),(16,10,'R6_IN','IN'),(17,11,'R7_IN','IN'),(18,12,'R8_IN','IN'),(19,13,'R9_IN','IN'),(23,10,'R6_OUT','OUT'),(24,11,'R7_OUT','OUT'),(25,12,'R8_OUT','OUT'),(26,13,'R9_OUT','OUT');
/*!40000 ALTER TABLE `porty_sprzetu` ENABLE KEYS */;
UNLOCK TABLES;

--
-- Table structure for table `probki_ocena`
--

DROP TABLE IF EXISTS `probki_ocena`;
/*!40101 SET @saved_cs_client     = @@character_set_client */;
/*!50503 SET character_set_client = utf8mb4 */;
CREATE TABLE `probki_ocena` (
  `id` int NOT NULL AUTO_INCREMENT,
  `id_partii` int NOT NULL,
  `id_cyklu_filtracyjnego` int NOT NULL,
  `czas_pobrania` datetime NOT NULL,
  `czas_oceny` datetime DEFAULT NULL,
  `wynik_oceny` enum('pozytywna','negatywna','oczekuje') COLLATE utf8mb4_unicode_ci DEFAULT 'oczekuje',
  `ocena_koloru` varchar(50) COLLATE utf8mb4_unicode_ci DEFAULT NULL,
  `decyzja` enum('kontynuuj_filtracje','wyslij_do_magazynu','dodaj_ziemie') COLLATE utf8mb4_unicode_ci DEFAULT NULL,
  `operator_oceniajacy` varchar(100) COLLATE utf8mb4_unicode_ci DEFAULT NULL,
  `uwagi` text COLLATE utf8mb4_unicode_ci,
  PRIMARY KEY (`id`),
  KEY `id_cyklu_filtracyjnego` (`id_cyklu_filtracyjnego`),
  KEY `idx_partia_czas` (`id_partii`,`czas_pobrania`),
  CONSTRAINT `probki_ocena_ibfk_1` FOREIGN KEY (`id_partii`) REFERENCES `partie_surowca` (`id`) ON DELETE CASCADE,
  CONSTRAINT `probki_ocena_ibfk_2` FOREIGN KEY (`id_cyklu_filtracyjnego`) REFERENCES `cykle_filtracyjne` (`id`) ON DELETE CASCADE
) ENGINE=InnoDB DEFAULT CHARSET=utf8mb4 COLLATE=utf8mb4_unicode_ci COMMENT='Rejestr próbek i ich ocen podczas procesu filtracji';
/*!40101 SET character_set_client = @saved_cs_client */;

--
-- Dumping data for table `probki_ocena`
--

LOCK TABLES `probki_ocena` WRITE;
/*!40000 ALTER TABLE `probki_ocena` DISABLE KEYS */;
/*!40000 ALTER TABLE `probki_ocena` ENABLE KEYS */;
UNLOCK TABLES;

--
-- Table structure for table `segmenty`
--

DROP TABLE IF EXISTS `segmenty`;
/*!40101 SET @saved_cs_client     = @@character_set_client */;
/*!50503 SET character_set_client = utf8mb4 */;
CREATE TABLE `segmenty` (
  `id` int NOT NULL AUTO_INCREMENT,
  `nazwa_segmentu` varchar(100) COLLATE utf8mb4_unicode_ci NOT NULL,
  `id_portu_startowego` int DEFAULT NULL,
  `id_wezla_startowego` int DEFAULT NULL,
  `id_portu_koncowego` int DEFAULT NULL,
  `id_wezla_koncowego` int DEFAULT NULL,
  `id_zaworu` int NOT NULL,
  PRIMARY KEY (`id`),
  UNIQUE KEY `nazwa_segmentu` (`nazwa_segmentu`),
  KEY `id_portu_startowego` (`id_portu_startowego`),
  KEY `id_wezla_startowego` (`id_wezla_startowego`),
  KEY `id_portu_koncowego` (`id_portu_koncowego`),
  KEY `id_wezla_koncowego` (`id_wezla_koncowego`),
  KEY `id_zaworu` (`id_zaworu`),
  CONSTRAINT `segmenty_ibfk_1` FOREIGN KEY (`id_portu_startowego`) REFERENCES `porty_sprzetu` (`id`),
  CONSTRAINT `segmenty_ibfk_2` FOREIGN KEY (`id_wezla_startowego`) REFERENCES `wezly_rurociagu` (`id`),
  CONSTRAINT `segmenty_ibfk_3` FOREIGN KEY (`id_portu_koncowego`) REFERENCES `porty_sprzetu` (`id`),
  CONSTRAINT `segmenty_ibfk_4` FOREIGN KEY (`id_wezla_koncowego`) REFERENCES `wezly_rurociagu` (`id`),
  CONSTRAINT `segmenty_ibfk_5` FOREIGN KEY (`id_zaworu`) REFERENCES `zawory` (`id`),
  CONSTRAINT `chk_end` CHECK (((`id_portu_koncowego` is not null) or (`id_wezla_koncowego` is not null))),
  CONSTRAINT `chk_start` CHECK (((`id_portu_startowego` is not null) or (`id_wezla_startowego` is not null)))
) ENGINE=InnoDB AUTO_INCREMENT=57 DEFAULT CHARSET=utf8mb4 COLLATE=utf8mb4_unicode_ci COMMENT='Definiuje fizyczne połączenia (krawędzie grafu)';
/*!40101 SET character_set_client = @saved_cs_client */;

--
-- Dumping data for table `segmenty`
--

LOCK TABLES `segmenty` WRITE;
/*!40000 ALTER TABLE `segmenty` DISABLE KEYS */;
INSERT INTO `segmenty` VALUES (1,'SEGM_R3_OUT_DO_W_R2_R3',6,NULL,NULL,1,1),(2,'SEGM_W_R2_R3_DO_W_R1_R2',NULL,1,NULL,2,2),(3,'SEGM_W_R1_R2_DO_W_R1_FZ',NULL,2,NULL,3,3),(4,'SEGM_R5_OUT_DO_W_R4_R5',10,NULL,NULL,4,4),(5,'SEGM_W_R4_R5_DO_W_R4_FZ',NULL,4,NULL,5,5),(6,'SEGM_W_R1_FZ_DO_W_FZ_IN_MAIN',NULL,3,NULL,6,6),(7,'SEGM_W_R4_FZ_DO_W_FZ_IN_MAIN',NULL,5,NULL,6,7),(8,'SEGM_W_FZ_IN_MAIN_DO_FZ_IN',NULL,6,11,NULL,8),(9,'SEGM_FZ_OUT_DO_W_FZ_OUT_MAIN',12,NULL,NULL,7,9),(10,'SEGM_W_FZ_OUT_MAIN_DO_R1_IN',NULL,7,1,NULL,10),(11,'SEGM_W_FZ_OUT_MAIN_DO_R2_IN',NULL,7,3,NULL,11),(12,'SEGM_W_FZ_OUT_MAIN_DO_R3_IN',NULL,7,5,NULL,12),(13,'SEGM_W_FZ_OUT_MAIN_DO_R4_IN',NULL,7,7,NULL,13),(14,'SEGM_W_FZ_OUT_MAIN_DO_R5_IN',NULL,7,9,NULL,14),(15,'SEGM_FZ_IN_DO_FZ_OUT',11,NULL,12,NULL,15),(16,'SEGM_R2_OUT_DO_W_R1_R2',4,NULL,NULL,2,16),(17,'SEGM_R1_OUT_DO_W_R1_FZ',2,NULL,NULL,3,17),(18,'SEGM_R4_OUT_DO_W_R4_FZ',8,NULL,NULL,5,18),(21,'SEGM_FN_IN_DO_FN_OUT',13,NULL,14,NULL,21),(22,'SEGM_W_R3_R6_R9_W_R3_R2',NULL,13,NULL,1,30),(23,'SEGM_W_R7_R8_W_R8_R9',NULL,11,NULL,10,27),(24,'SEGM_W_R7_FN_W_R7_R8',NULL,10,NULL,9,26),(25,'SEGM_R7_OUT_W_R7_FN',24,NULL,NULL,9,22),(26,'SEGM_R8_OUT_W_R7_R8',25,NULL,NULL,10,23),(27,'SEGM_R9_OUT_W_R8_R9',26,NULL,NULL,11,24),(28,'SEGM_W_R8_R9_W_R3_R6_R9',NULL,11,NULL,13,28),(31,'SEGM_W_R3_R6_R9_W_R5_R6',NULL,13,NULL,15,29),(32,'SEGM_W_R7_FN_FN_IN',NULL,9,13,NULL,25),(33,'SEGM_R6_OUT_W_R5_R6',23,NULL,NULL,15,31),(34,'SEGM_W_R4_R5_W_R5_R6',NULL,4,NULL,15,32),(36,'SEGM_FN_OUT_DO_W_FN_OUT',14,NULL,NULL,8,33),(37,'SEGM_W_FN_OUT_MAIN_DO_R6_IN',NULL,8,16,NULL,34),(38,'SEGM_W_FN_OUT_MAIN_DO_R7_IN',NULL,8,17,NULL,35),(39,'SEGM_W_FN_OUT_MAIN_DO_R8_IN',NULL,8,18,NULL,36),(40,'SEGM_W_FN_OUT_MAIN_DO_R9_IN',NULL,8,19,NULL,37),(48,'SEGM_W_R1_FZ_DO_W_R1_R2',NULL,3,NULL,2,3),(49,'SEGM_W_R1_R2_DO_W_R2_R3',NULL,2,NULL,1,2),(50,'SEGM_W_R4_FZ_DO_W_R4_R5',NULL,5,NULL,4,5),(51,'SEGM_W_R5_R6_DO_W_R4_R5',NULL,15,NULL,4,32),(52,'SEGM_W_R2_R3_DO_W_R3_R6_R9',NULL,1,NULL,13,30),(53,'SEGM_W_R5_R6_DO_W_R3_R6_R9',NULL,15,NULL,13,29),(54,'SEGM_W_R7_FN_DO_W_R7_R8',NULL,9,NULL,10,26),(55,'SEGM_W_R7_R8_DO_W_R8_R9',NULL,10,NULL,11,27),(56,'SEGM_W_R8_R9_DO_W_R3_R6_R9',NULL,13,NULL,11,28);
/*!40000 ALTER TABLE `segmenty` ENABLE KEYS */;
UNLOCK TABLES;

--
-- Table structure for table `sprzet`
--

DROP TABLE IF EXISTS `sprzet`;
/*!40101 SET @saved_cs_client     = @@character_set_client */;
/*!50503 SET character_set_client = utf8mb4 */;
CREATE TABLE `sprzet` (
  `id` int NOT NULL AUTO_INCREMENT,
  `nazwa_unikalna` varchar(20) COLLATE utf8mb4_unicode_ci NOT NULL COMMENT 'Np. R1, FZ, B1b, B7c',
  `typ_sprzetu` enum('reaktor','filtr','beczka_brudna','beczka_czysta','apollo') COLLATE utf8mb4_unicode_ci NOT NULL,
  `pojemnosc_kg` decimal(10,2) DEFAULT NULL,
  `stan_sprzetu` varchar(50) COLLATE utf8mb4_unicode_ci DEFAULT NULL COMMENT 'Np. Pusty, W koło, Przelew, Dmuchanie filtra',
  `temperatura_aktualna` decimal(5,2) DEFAULT NULL,
  `cisnienie_aktualne` decimal(5,2) DEFAULT NULL,
  `poziom_aktualny_procent` decimal(5,2) DEFAULT NULL,
  `ostatnia_aktualizacja` datetime DEFAULT NULL,
  `temperatura_max` decimal(5,2) DEFAULT '120.00',
  `cisnienie_max` decimal(5,2) DEFAULT '6.00',
  `id_partii_surowca` int DEFAULT NULL,
  `temperatura_docelowa` decimal(5,2) DEFAULT NULL COMMENT 'Temperatura zadana przez operatora',
  PRIMARY KEY (`id`),
  UNIQUE KEY `nazwa_unikalna` (`nazwa_unikalna`)
) ENGINE=InnoDB AUTO_INCREMENT=70 DEFAULT CHARSET=utf8mb4 COLLATE=utf8mb4_unicode_ci COMMENT='Lista całego sprzętu produkcyjnego i magazynowego';
/*!40101 SET character_set_client = @saved_cs_client */;

--
-- Dumping data for table `sprzet`
--

LOCK TABLES `sprzet` WRITE;
/*!40000 ALTER TABLE `sprzet` DISABLE KEYS */;
INSERT INTO `sprzet` VALUES (1,'R1','reaktor',9000.00,'W transferze',83.18,0.42,NULL,'2025-07-07 18:17:29',60.00,6.00,NULL,75.00),(2,'R2','reaktor',9000.00,'W transferze',83.16,0.86,NULL,'2025-07-07 18:17:29',120.00,6.00,NULL,75.00),(3,'R3','reaktor',9000.00,'Zatankowany (surowy)',83.16,1.28,NULL,'2025-07-07 18:17:29',120.00,6.00,NULL,75.00),(4,'R4','reaktor',9000.00,'Zatankowany',83.15,0.62,NULL,'2025-07-07 18:17:29',120.00,6.00,NULL,75.00),(5,'R5','reaktor',9000.00,'Zatankowany (surowy)',92.54,1.15,NULL,'2025-07-07 18:17:29',120.00,6.00,NULL,75.00),(6,'FZ','filtr',NULL,'W transferze',60.00,4.26,NULL,'2025-07-07 18:17:29',120.00,6.00,NULL,NULL),(7,'FN','filtr',NULL,'Czysty',60.00,4.50,NULL,'2025-07-07 18:17:29',120.00,6.00,NULL,NULL),(8,'B1b','beczka_brudna',10000.00,'Pełna',60.00,0.00,NULL,'2025-07-07 18:17:29',120.00,6.00,NULL,NULL),(9,'B1c','beczka_czysta',10000.00,'Pusta',60.00,0.00,NULL,'2025-07-07 18:17:29',120.00,6.00,NULL,NULL),(10,'R6','reaktor',NULL,'Pusty',83.13,1.27,NULL,'2025-07-07 18:17:29',120.00,6.00,NULL,75.00),(11,'R7','reaktor',NULL,'Zatankowany',83.12,1.13,NULL,'2025-07-07 18:17:29',120.00,6.00,NULL,75.00),(12,'R8','reaktor',NULL,'Zatankowany',83.11,1.83,NULL,'2025-07-07 18:17:29',120.00,6.00,NULL,75.00),(13,'R9','reaktor',NULL,'Zatankowany',83.10,1.03,NULL,'2025-07-07 18:17:29',120.00,6.00,NULL,75.00),(14,'Apollo1','apollo',NULL,NULL,NULL,NULL,NULL,NULL,120.00,6.00,NULL,NULL),(18,'B2b','beczka_brudna',NULL,NULL,NULL,NULL,NULL,NULL,120.00,6.00,NULL,NULL),(19,'B3b','beczka_brudna',NULL,NULL,NULL,NULL,NULL,NULL,120.00,6.00,NULL,NULL),(20,'B4b','beczka_brudna',NULL,NULL,NULL,NULL,NULL,NULL,120.00,6.00,NULL,NULL),(21,'B5b','beczka_brudna',NULL,NULL,NULL,NULL,NULL,NULL,120.00,6.00,NULL,NULL),(22,'B6b','beczka_brudna',NULL,NULL,NULL,NULL,NULL,NULL,120.00,6.00,NULL,NULL),(23,'B7b','beczka_brudna',NULL,NULL,NULL,NULL,NULL,NULL,120.00,6.00,NULL,NULL),(24,'B8b','beczka_brudna',NULL,NULL,NULL,NULL,NULL,NULL,120.00,6.00,NULL,NULL),(25,'B9b','beczka_brudna',NULL,NULL,NULL,NULL,NULL,NULL,120.00,6.00,NULL,NULL),(26,'B10b','beczka_brudna',NULL,NULL,NULL,NULL,NULL,NULL,120.00,6.00,NULL,NULL),(27,'Apollo2','apollo',NULL,NULL,NULL,NULL,NULL,NULL,120.00,6.00,NULL,NULL),(28,'B2c','beczka_czysta',NULL,NULL,NULL,NULL,NULL,NULL,120.00,6.00,NULL,NULL),(29,'B3c','beczka_czysta',NULL,NULL,NULL,NULL,NULL,NULL,120.00,6.00,NULL,NULL),(30,'B4c','beczka_czysta',NULL,NULL,NULL,NULL,NULL,NULL,120.00,6.00,NULL,NULL),(31,'B5c','beczka_czysta',NULL,NULL,NULL,NULL,NULL,NULL,120.00,6.00,NULL,NULL),(32,'B6c','beczka_czysta',NULL,NULL,NULL,NULL,NULL,NULL,120.00,6.00,NULL,NULL),(33,'B7c','beczka_czysta',NULL,NULL,NULL,NULL,NULL,NULL,120.00,6.00,NULL,NULL),(34,'B8c','beczka_czysta',NULL,NULL,NULL,NULL,NULL,NULL,120.00,6.00,NULL,NULL),(35,'B9c','beczka_czysta',NULL,NULL,NULL,NULL,NULL,NULL,120.00,6.00,NULL,NULL),(36,'B10c','beczka_czysta',NULL,NULL,NULL,NULL,NULL,NULL,120.00,6.00,NULL,NULL),(37,'B11c','beczka_czysta',NULL,NULL,NULL,NULL,NULL,NULL,120.00,6.00,NULL,NULL),(38,'B12c','beczka_czysta',NULL,NULL,NULL,NULL,NULL,NULL,120.00,6.00,NULL,NULL),(39,'cysterna','',NULL,NULL,50.00,NULL,NULL,'2025-07-03 21:52:37',120.00,6.00,NULL,50.00);
/*!40000 ALTER TABLE `sprzet` ENABLE KEYS */;
UNLOCK TABLES;

--
-- Table structure for table `statusy`
--

DROP TABLE IF EXISTS `statusy`;
/*!40101 SET @saved_cs_client     = @@character_set_client */;
/*!50503 SET character_set_client = utf8mb4 */;
CREATE TABLE `statusy` (
  `id` int NOT NULL AUTO_INCREMENT,
  `nazwa_statusu` varchar(50) COLLATE utf8mb4_unicode_ci NOT NULL COMMENT 'Np. Surowy, Filtrowany, Dobielony, Wydmuch',
  PRIMARY KEY (`id`),
  UNIQUE KEY `nazwa_statusu` (`nazwa_statusu`)
) ENGINE=InnoDB AUTO_INCREMENT=8 DEFAULT CHARSET=utf8mb4 COLLATE=utf8mb4_unicode_ci COMMENT='Słownik możliwych statusów partii surowca';
/*!40101 SET character_set_client = @saved_cs_client */;

--
-- Dumping data for table `statusy`
--

LOCK TABLES `statusy` WRITE;
/*!40000 ALTER TABLE `statusy` DISABLE KEYS */;
INSERT INTO `statusy` VALUES (3,'Dobielony'),(4,'Dobielony (placek)'),(2,'Filtrowany'),(7,'Próbka Odrzucona'),(6,'Próbka OK'),(1,'Surowy'),(5,'Zawiera wydmuch');
/*!40000 ALTER TABLE `statusy` ENABLE KEYS */;
UNLOCK TABLES;

--
-- Table structure for table `typy_surowca`
--

DROP TABLE IF EXISTS `typy_surowca`;
/*!40101 SET @saved_cs_client     = @@character_set_client */;
/*!50503 SET character_set_client = utf8mb4 */;
CREATE TABLE `typy_surowca` (
  `id` int NOT NULL AUTO_INCREMENT,
  `nazwa` varchar(50) CHARACTER SET utf8mb4 COLLATE utf8mb4_unicode_ci NOT NULL,
  `opis` varchar(255) CHARACTER SET utf8mb4 COLLATE utf8mb4_unicode_ci DEFAULT NULL,
  PRIMARY KEY (`id`),
  UNIQUE KEY `nazwa` (`nazwa`)
) ENGINE=InnoDB AUTO_INCREMENT=6 DEFAULT CHARSET=utf8mb4 COLLATE=utf8mb4_unicode_ci COMMENT='Słownik typów surowca';
/*!40101 SET character_set_client = @saved_cs_client */;

--
-- Dumping data for table `typy_surowca`
--

LOCK TABLES `typy_surowca` WRITE;
/*!40000 ALTER TABLE `typy_surowca` DISABLE KEYS */;
INSERT INTO `typy_surowca` VALUES (1,'T-10','Typ surowca T-10'),(2,'19','Typ surowca 19'),(3,'44','Typ surowca 44'),(4,'GC43','Typ surowca GC43'),(5,'GC42','Typ surowca GC42');
/*!40000 ALTER TABLE `typy_surowca` ENABLE KEYS */;
UNLOCK TABLES;

--
-- Table structure for table `wezly_rurociagu`
--

DROP TABLE IF EXISTS `wezly_rurociagu`;
/*!40101 SET @saved_cs_client     = @@character_set_client */;
/*!50503 SET character_set_client = utf8mb4 */;
CREATE TABLE `wezly_rurociagu` (
  `id` int NOT NULL AUTO_INCREMENT,
  `nazwa_wezla` varchar(50) COLLATE utf8mb4_unicode_ci NOT NULL,
  PRIMARY KEY (`id`),
  UNIQUE KEY `nazwa_wezla` (`nazwa_wezla`)
) ENGINE=InnoDB AUTO_INCREMENT=16 DEFAULT CHARSET=utf8mb4 COLLATE=utf8mb4_unicode_ci COMMENT='Punkty łączeniowe w rurociągu (trójniki, kolektory)';
/*!40101 SET character_set_client = @saved_cs_client */;

--
-- Dumping data for table `wezly_rurociagu`
--

LOCK TABLES `wezly_rurociagu` WRITE;
/*!40000 ALTER TABLE `wezly_rurociagu` DISABLE KEYS */;
INSERT INTO `wezly_rurociagu` VALUES (14,'W_FN_IN_MAIN'),(8,'W_FN_OUT_MAIN'),(6,'W_FZ_IN_MAIN'),(7,'W_FZ_OUT_MAIN'),(3,'W_R1_FZ'),(2,'W_R1_R2'),(1,'W_R2_R3'),(13,'W_R3_R6_R9'),(5,'W_R4_FZ'),(4,'W_R4_R5'),(15,'W_R5_R6'),(9,'W_R7_FN'),(10,'W_R7_R8'),(11,'W_R8_R9');
/*!40000 ALTER TABLE `wezly_rurociagu` ENABLE KEYS */;
UNLOCK TABLES;

--
-- Table structure for table `zawory`
--

DROP TABLE IF EXISTS `zawory`;
/*!40101 SET @saved_cs_client     = @@character_set_client */;
/*!50503 SET character_set_client = utf8mb4 */;
CREATE TABLE `zawory` (
  `id` int NOT NULL AUTO_INCREMENT,
  `nazwa_zaworu` varchar(50) COLLATE utf8mb4_unicode_ci NOT NULL,
  `stan` enum('OTWARTY','ZAMKNIETY') COLLATE utf8mb4_unicode_ci NOT NULL DEFAULT 'ZAMKNIETY',
  PRIMARY KEY (`id`),
  UNIQUE KEY `nazwa_zaworu` (`nazwa_zaworu`)
) ENGINE=InnoDB AUTO_INCREMENT=38 DEFAULT CHARSET=utf8mb4 COLLATE=utf8mb4_unicode_ci COMMENT='Lista zaworów sterujących przepływem';
/*!40101 SET character_set_client = @saved_cs_client */;

--
-- Dumping data for table `zawory`
--

LOCK TABLES `zawory` WRITE;
/*!40000 ALTER TABLE `zawory` DISABLE KEYS */;
INSERT INTO `zawory` VALUES (1,'V_R3_OUT_W_R2_R3','ZAMKNIETY'),(2,'V_W_R2_R3_W_R1_R2','ZAMKNIETY'),(3,'V_W_R1_R2_W_R1_FZ','ZAMKNIETY'),(4,'V_R5_OUT_W_R4_R5','ZAMKNIETY'),(5,'V_W_R4_R5_W_R4_FZ','ZAMKNIETY'),(6,'V_W_R1_FZ_W_FZ_IN','OTWARTY'),(7,'V_W_R4_FZ_W_FZ_IN','ZAMKNIETY'),(8,'V_W_FZ_IN_FZ_IN','OTWARTY'),(9,'V_FZ_OUT_W_FZ_OUT','OTWARTY'),(10,'V_W_FZ_OUT_R1_IN','ZAMKNIETY'),(11,'V_W_FZ_OUT_R2_IN','OTWARTY'),(12,'V_W_FZ_OUT_R3_IN','ZAMKNIETY'),(13,'V_W_FZ_OUT_R4_IN','ZAMKNIETY'),(14,'V_W_FZ_OUT_R5_IN','ZAMKNIETY'),(15,'V_FZ_IN_FZ_OUT','OTWARTY'),(16,'V_R2_OUT_W_R1_R2','ZAMKNIETY'),(17,'V_R1_OUT_W_R1_FZ','OTWARTY'),(18,'V_R4_OUT_W_R4_FZ','ZAMKNIETY'),(21,'V_FN_IN_FN_OUT','ZAMKNIETY'),(22,'V_R7_OUT_W_R7_FN','ZAMKNIETY'),(23,'V_R8_OUT_W_R7_R8','ZAMKNIETY'),(24,'V_R9_OUT_W_R8_R9','ZAMKNIETY'),(25,'V_W_R7_FN_FN_IN','ZAMKNIETY'),(26,'V_W_R7_FN_W_R7_R8','ZAMKNIETY'),(27,'V_W_R7_R8_W_R8_R9','ZAMKNIETY'),(28,'V_W_R8_R9_W_R3_R6_R9','ZAMKNIETY'),(29,'V_W_R3_R6_R9_W_R5_R6','ZAMKNIETY'),(30,'V_W_R3_R6_R9_W_R3_R2','ZAMKNIETY'),(31,'V_R6_OUT_W_R5_R6','ZAMKNIETY'),(32,'V_W_R4_R5_W_R5_R6','ZAMKNIETY'),(33,'V_FN_OUT_DO_W_FN_OUT','ZAMKNIETY'),(34,'V_W_FN_OUT_MAIN_DO_R6_IN','ZAMKNIETY'),(35,'V_W_FN_OUT_MAIN_DO_R7_IN','ZAMKNIETY'),(36,'V_W_FN_OUT_MAIN_DO_R8_IN','ZAMKNIETY'),(37,'V_W_FN_OUT_MAIN_DO_R9_IN','ZAMKNIETY');
/*!40000 ALTER TABLE `zawory` ENABLE KEYS */;
UNLOCK TABLES;

--
-- Dumping events for database 'mes_parafina_db'
--

--
-- Dumping routines for database 'mes_parafina_db'
--
/*!40103 SET TIME_ZONE=@OLD_TIME_ZONE */;

/*!40101 SET SQL_MODE=@OLD_SQL_MODE */;
/*!40014 SET FOREIGN_KEY_CHECKS=@OLD_FOREIGN_KEY_CHECKS */;
/*!40014 SET UNIQUE_CHECKS=@OLD_UNIQUE_CHECKS */;
/*!40101 SET CHARACTER_SET_CLIENT=@OLD_CHARACTER_SET_CLIENT */;
/*!40101 SET CHARACTER_SET_RESULTS=@OLD_CHARACTER_SET_RESULTS */;
/*!40101 SET COLLATION_CONNECTION=@OLD_COLLATION_CONNECTION */;
/*!40111 SET SQL_NOTES=@OLD_SQL_NOTES */;

-- Dump completed on 2025-07-07 18:17:50
