-- MySQL dump 10.13  Distrib 8.0.42, for Win64 (x86_64)
--
-- Host: 10.200.184.217    Database: mes_parafina_db
-- ------------------------------------------------------
-- Server version	8.0.42-0ubuntu0.22.04.1

/*!40101 SET @OLD_CHARACTER_SET_CLIENT=@@CHARACTER_SET_CLIENT */;
/*!40101 SET @OLD_CHARACTER_SET_RESULTS=@@CHARACTER_SET_RESULTS */;
/*!40101 SET @OLD_COLLATION_CONNECTION=@@COLLATION_CONNECTION */;
/*!50503 SET NAMES utf8 */;
/*!40103 SET @OLD_TIME_ZONE=@@TIME_ZONE */;
/*!40103 SET TIME_ZONE='+00:00' */;
/*!40014 SET @OLD_UNIQUE_CHECKS=@@UNIQUE_CHECKS, UNIQUE_CHECKS=0 */;
/*!40014 SET @OLD_FOREIGN_KEY_CHECKS=@@FOREIGN_KEY_CHECKS, FOREIGN_KEY_CHECKS=0 */;
/*!40101 SET @OLD_SQL_MODE=@@SQL_MODE, SQL_MODE='NO_AUTO_VALUE_ON_ZERO' */;
/*!40111 SET @OLD_SQL_NOTES=@@SQL_NOTES, SQL_NOTES=0 */;

--
-- Table structure for table `alarmy`
--

DROP TABLE IF EXISTS `alarmy`;
/*!40101 SET @saved_cs_client     = @@character_set_client */;
/*!50503 SET character_set_client = utf8mb4 */;
CREATE TABLE `alarmy` (
  `id` int NOT NULL AUTO_INCREMENT,
  `typ_alarmu` enum('TEMPERATURA','CISNIENIE','POZIOM','SYSTEM') CHARACTER SET utf8mb4 COLLATE utf8mb4_unicode_ci NOT NULL,
  `nazwa_sprzetu` varchar(100) CHARACTER SET utf8mb4 COLLATE utf8mb4_unicode_ci NOT NULL,
  `wartosc` decimal(10,2) NOT NULL,
  `limit_przekroczenia` decimal(10,2) NOT NULL,
  `czas_wystapienia` datetime NOT NULL,
  `status_alarmu` enum('AKTYWNY','POTWIERDZONY','ZAKONCZONY') CHARACTER SET utf8mb4 COLLATE utf8mb4_unicode_ci DEFAULT 'AKTYWNY',
  `czas_potwierdzenia` datetime DEFAULT NULL,
  `czas_zakonczenia` datetime DEFAULT NULL,
  `komentarz` text CHARACTER SET utf8mb4 COLLATE utf8mb4_unicode_ci,
  PRIMARY KEY (`id`)
) ENGINE=InnoDB AUTO_INCREMENT=349 DEFAULT CHARSET=utf8mb4 COLLATE=utf8mb4_unicode_ci;
/*!40101 SET character_set_client = @saved_cs_client */;

--
-- Dumping data for table `alarmy`
--

LOCK TABLES `alarmy` WRITE;
/*!40000 ALTER TABLE `alarmy` DISABLE KEYS */;
INSERT INTO `alarmy` VALUES (143,'TEMPERATURA','R1',117.20,60.00,'2025-07-03 08:21:23','POTWIERDZONY','2025-07-03 08:37:57',NULL,NULL),(144,'TEMPERATURA','R5',126.84,120.00,'2025-07-03 08:21:23','POTWIERDZONY','2025-07-03 08:37:56',NULL,NULL),(145,'TEMPERATURA','R1',117.70,60.00,'2025-07-03 08:21:23','POTWIERDZONY','2025-07-03 08:37:54',NULL,NULL),(146,'TEMPERATURA','R5',127.33,120.00,'2025-07-03 08:21:23','POTWIERDZONY','2025-07-03 08:37:53',NULL,NULL),(147,'TEMPERATURA','R1',67.97,60.00,'2025-07-03 08:26:23','POTWIERDZONY','2025-07-03 08:38:00',NULL,NULL),(148,'TEMPERATURA','R1',68.46,60.00,'2025-07-03 08:26:23','POTWIERDZONY','2025-07-03 08:37:58',NULL,NULL),(149,'TEMPERATURA','R1',70.47,60.00,'2025-07-03 08:31:23','POTWIERDZONY','2025-07-03 08:37:50',NULL,NULL),(150,'TEMPERATURA','R1',70.96,60.00,'2025-07-03 08:31:23','POTWIERDZONY','2025-07-03 08:37:51',NULL,NULL),(151,'TEMPERATURA','R1',73.27,60.00,'2025-07-03 08:36:23','POTWIERDZONY','2025-07-03 08:37:49',NULL,NULL),(152,'TEMPERATURA','R1',80.06,60.00,'2025-07-03 08:41:23','ZAKONCZONY',NULL,'2025-07-03 08:58:22',NULL),(153,'TEMPERATURA','R1',60.08,60.00,'2025-07-03 08:56:23','ZAKONCZONY',NULL,'2025-07-03 08:58:12',NULL),(154,'TEMPERATURA','R1',60.13,60.00,'2025-07-03 09:18:26','POTWIERDZONY','2025-07-03 09:19:27',NULL,NULL),(155,'TEMPERATURA','R1',60.63,60.00,'2025-07-03 09:19:36','ZAKONCZONY',NULL,'2025-07-03 10:14:52',NULL),(156,'TEMPERATURA','R1',61.58,60.00,'2025-07-03 09:21:23','ZAKONCZONY',NULL,'2025-07-03 10:14:42',NULL),(157,'TEMPERATURA','R1',64.08,60.00,'2025-07-03 09:26:23','ZAKONCZONY',NULL,'2025-07-03 10:14:32',NULL),(158,'TEMPERATURA','R1',66.58,60.00,'2025-07-03 09:31:23','ZAKONCZONY',NULL,'2025-07-03 10:14:22',NULL),(159,'TEMPERATURA','R1',69.08,60.00,'2025-07-03 09:36:23','ZAKONCZONY',NULL,'2025-07-03 10:14:12',NULL),(160,'TEMPERATURA','R1',71.58,60.00,'2025-07-03 09:41:23','ZAKONCZONY',NULL,'2025-07-03 10:14:02',NULL),(161,'TEMPERATURA','R1',74.08,60.00,'2025-07-03 09:46:23','ZAKONCZONY',NULL,'2025-07-03 10:13:52',NULL),(162,'TEMPERATURA','R1',76.58,60.00,'2025-07-03 09:51:23','ZAKONCZONY',NULL,'2025-07-03 10:13:42',NULL),(163,'TEMPERATURA','R1',79.08,60.00,'2025-07-03 09:56:23','ZAKONCZONY',NULL,'2025-07-03 10:13:32',NULL),(164,'TEMPERATURA','R1',81.58,60.00,'2025-07-03 10:01:23','ZAKONCZONY',NULL,'2025-07-03 10:13:22',NULL),(165,'TEMPERATURA','R1',83.65,60.00,'2025-07-03 10:06:23','ZAKONCZONY',NULL,'2025-07-03 10:13:12',NULL),(166,'TEMPERATURA','R2',120.42,120.00,'2025-07-03 10:10:25','ZAKONCZONY',NULL,'2025-07-03 10:13:22',NULL),(167,'TEMPERATURA','R3',120.38,120.00,'2025-07-03 10:10:25','ZAKONCZONY',NULL,'2025-07-03 10:13:22',NULL),(168,'TEMPERATURA','R4',120.34,120.00,'2025-07-03 10:10:25','ZAKONCZONY',NULL,'2025-07-03 10:13:22',NULL),(169,'TEMPERATURA','R5',120.31,120.00,'2025-07-03 10:10:25','ZAKONCZONY',NULL,'2025-07-03 10:13:32',NULL),(170,'TEMPERATURA','R1',86.15,60.00,'2025-07-03 10:11:23','ZAKONCZONY',NULL,'2025-07-03 10:13:02',NULL),(171,'TEMPERATURA','R2',120.44,120.00,'2025-07-03 10:11:23','ZAKONCZONY',NULL,'2025-07-03 10:13:12',NULL),(172,'TEMPERATURA','R3',120.40,120.00,'2025-07-03 10:11:23','ZAKONCZONY',NULL,'2025-07-03 10:13:12',NULL),(173,'TEMPERATURA','R4',120.36,120.00,'2025-07-03 10:11:23','ZAKONCZONY',NULL,'2025-07-03 10:13:12',NULL),(174,'TEMPERATURA','R5',120.33,120.00,'2025-07-03 10:11:23','ZAKONCZONY',NULL,'2025-07-03 10:13:22',NULL),(175,'TEMPERATURA','R1',60.11,60.00,'2025-07-03 10:23:22','ZAKONCZONY',NULL,'2025-07-03 11:28:58',NULL),(176,'TEMPERATURA','R1',61.61,60.00,'2025-07-03 10:26:23','ZAKONCZONY',NULL,'2025-07-03 11:28:58',NULL),(177,'TEMPERATURA','R1',64.11,60.00,'2025-07-03 10:31:23','ZAKONCZONY',NULL,'2025-07-03 11:28:48',NULL),(178,'TEMPERATURA','R1',66.61,60.00,'2025-07-03 10:36:23','ZAKONCZONY',NULL,'2025-07-03 11:28:48',NULL),(179,'TEMPERATURA','R1',69.11,60.00,'2025-07-03 10:41:23','ZAKONCZONY',NULL,'2025-07-03 11:28:39',NULL),(180,'TEMPERATURA','R1',71.61,60.00,'2025-07-03 10:46:23','ZAKONCZONY',NULL,'2025-07-03 11:28:38',NULL),(181,'TEMPERATURA','R1',74.11,60.00,'2025-07-03 10:51:23','ZAKONCZONY',NULL,'2025-07-03 11:28:28',NULL),(182,'TEMPERATURA','R1',76.61,60.00,'2025-07-03 10:56:23','ZAKONCZONY',NULL,'2025-07-03 11:28:28',NULL),(183,'TEMPERATURA','R1',79.11,60.00,'2025-07-03 11:01:23','ZAKONCZONY',NULL,'2025-07-03 11:28:18',NULL),(184,'TEMPERATURA','R1',81.61,60.00,'2025-07-03 11:06:23','ZAKONCZONY',NULL,'2025-07-03 11:28:18',NULL),(185,'TEMPERATURA','R1',120.56,60.00,'2025-07-03 11:47:20','ZAKONCZONY',NULL,'2025-07-03 11:49:20',NULL),(186,'TEMPERATURA','R1',120.56,60.00,'2025-07-03 11:47:58','ZAKONCZONY',NULL,'2025-07-03 11:49:10',NULL),(187,'TEMPERATURA','R1',79.19,60.00,'2025-07-03 12:47:23','ZAKONCZONY',NULL,'2025-07-03 12:47:56',NULL),(188,'TEMPERATURA','R1',120.00,60.00,'2025-07-03 12:50:20','ZAKONCZONY',NULL,'2025-07-03 12:50:56',NULL),(189,'TEMPERATURA','R1',60.22,60.00,'2025-07-03 13:11:23','ZAKONCZONY',NULL,'2025-07-03 17:01:54',NULL),(190,'TEMPERATURA','R1',61.72,60.00,'2025-07-03 13:14:55','ZAKONCZONY',NULL,'2025-07-03 17:01:53',NULL),(191,'TEMPERATURA','R1',64.22,60.00,'2025-07-03 13:19:55','ZAKONCZONY',NULL,'2025-07-03 17:01:52',NULL),(192,'TEMPERATURA','R1',66.72,60.00,'2025-07-03 13:24:55','ZAKONCZONY',NULL,'2025-07-03 17:01:51',NULL),(193,'TEMPERATURA','R1',69.22,60.00,'2025-07-03 13:29:55','ZAKONCZONY',NULL,'2025-07-03 17:01:50',NULL),(194,'TEMPERATURA','R1',71.72,60.00,'2025-07-03 13:34:55','ZAKONCZONY',NULL,'2025-07-03 17:01:49',NULL),(195,'TEMPERATURA','R1',74.22,60.00,'2025-07-03 13:39:55','ZAKONCZONY',NULL,'2025-07-03 17:01:48',NULL),(196,'TEMPERATURA','R1',76.72,60.00,'2025-07-03 13:44:55','ZAKONCZONY',NULL,'2025-07-03 17:01:47',NULL),(197,'TEMPERATURA','R2',120.04,120.00,'2025-07-03 13:48:23','ZAKONCZONY',NULL,'2025-07-03 17:01:50',NULL),(198,'TEMPERATURA','R3',120.26,120.00,'2025-07-03 13:48:55','ZAKONCZONY',NULL,'2025-07-03 17:01:58',NULL),(199,'TEMPERATURA','R4',120.23,120.00,'2025-07-03 13:48:55','ZAKONCZONY',NULL,'2025-07-03 17:02:01',NULL),(200,'TEMPERATURA','R5',120.21,120.00,'2025-07-03 13:48:55','ZAKONCZONY',NULL,'2025-07-03 17:02:04',NULL),(201,'TEMPERATURA','R1',79.22,60.00,'2025-07-03 13:49:55','ZAKONCZONY',NULL,'2025-07-03 17:01:46',NULL),(202,'TEMPERATURA','R2',120.54,120.00,'2025-07-03 13:49:55','ZAKONCZONY',NULL,'2025-07-03 17:01:49',NULL),(203,'TEMPERATURA','R3',120.49,120.00,'2025-07-03 13:49:55','ZAKONCZONY',NULL,'2025-07-03 17:01:57',NULL),(204,'TEMPERATURA','R4',120.46,120.00,'2025-07-03 13:49:55','ZAKONCZONY',NULL,'2025-07-03 17:02:00',NULL),(205,'TEMPERATURA','R5',120.44,120.00,'2025-07-03 13:49:55','ZAKONCZONY',NULL,'2025-07-03 17:02:03',NULL),(206,'TEMPERATURA','R1',81.72,60.00,'2025-07-03 13:54:55','ZAKONCZONY',NULL,'2025-07-03 17:01:45',NULL),(207,'TEMPERATURA','R2',123.04,120.00,'2025-07-03 13:54:55','ZAKONCZONY',NULL,'2025-07-03 17:01:48',NULL),(208,'TEMPERATURA','R3',122.99,120.00,'2025-07-03 13:54:55','ZAKONCZONY',NULL,'2025-07-03 17:01:56',NULL),(209,'TEMPERATURA','R4',122.96,120.00,'2025-07-03 13:54:55','ZAKONCZONY',NULL,'2025-07-03 17:01:59',NULL),(210,'TEMPERATURA','R5',122.94,120.00,'2025-07-03 13:54:55','ZAKONCZONY',NULL,'2025-07-03 17:02:02',NULL),(211,'TEMPERATURA','R1',146.72,60.00,'2025-07-03 16:04:55','ZAKONCZONY',NULL,'2025-07-03 17:01:44',NULL),(212,'TEMPERATURA','R2',188.04,120.00,'2025-07-03 16:04:55','ZAKONCZONY',NULL,'2025-07-03 17:01:47',NULL),(213,'TEMPERATURA','R3',187.99,120.00,'2025-07-03 16:04:55','ZAKONCZONY',NULL,'2025-07-03 17:01:55',NULL),(214,'TEMPERATURA','R4',187.96,120.00,'2025-07-03 16:04:55','ZAKONCZONY',NULL,'2025-07-03 17:01:58',NULL),(215,'TEMPERATURA','R5',187.94,120.00,'2025-07-03 16:04:55','ZAKONCZONY',NULL,'2025-07-03 17:02:01',NULL),(216,'TEMPERATURA','R1',149.22,60.00,'2025-07-03 16:09:55','ZAKONCZONY',NULL,'2025-07-03 17:01:43',NULL),(217,'TEMPERATURA','R2',190.54,120.00,'2025-07-03 16:09:55','ZAKONCZONY',NULL,'2025-07-03 17:01:46',NULL),(218,'TEMPERATURA','R3',190.49,120.00,'2025-07-03 16:09:55','ZAKONCZONY',NULL,'2025-07-03 17:01:54',NULL),(219,'TEMPERATURA','R4',190.46,120.00,'2025-07-03 16:09:55','ZAKONCZONY',NULL,'2025-07-03 17:01:57',NULL),(220,'TEMPERATURA','R5',190.44,120.00,'2025-07-03 16:09:55','ZAKONCZONY',NULL,'2025-07-03 17:02:00',NULL),(221,'TEMPERATURA','R1',156.72,60.00,'2025-07-03 16:24:55','ZAKONCZONY',NULL,'2025-07-03 17:01:42',NULL),(222,'TEMPERATURA','R2',198.04,120.00,'2025-07-03 16:24:55','ZAKONCZONY',NULL,'2025-07-03 17:01:45',NULL),(223,'TEMPERATURA','R3',197.99,120.00,'2025-07-03 16:24:55','ZAKONCZONY',NULL,'2025-07-03 17:01:53',NULL),(224,'TEMPERATURA','R4',197.96,120.00,'2025-07-03 16:24:55','ZAKONCZONY',NULL,'2025-07-03 17:01:56',NULL),(225,'TEMPERATURA','R5',197.94,120.00,'2025-07-03 16:24:55','ZAKONCZONY',NULL,'2025-07-03 17:01:59',NULL),(226,'TEMPERATURA','R1',159.22,60.00,'2025-07-03 16:29:55','ZAKONCZONY',NULL,'2025-07-03 17:01:41',NULL),(227,'TEMPERATURA','R2',200.54,120.00,'2025-07-03 16:29:55','ZAKONCZONY',NULL,'2025-07-03 17:01:44',NULL),(228,'TEMPERATURA','R3',200.49,120.00,'2025-07-03 16:29:55','ZAKONCZONY',NULL,'2025-07-03 17:01:52',NULL),(229,'TEMPERATURA','R4',200.46,120.00,'2025-07-03 16:29:55','ZAKONCZONY',NULL,'2025-07-03 17:01:55',NULL),(230,'TEMPERATURA','R5',200.44,120.00,'2025-07-03 16:29:55','ZAKONCZONY',NULL,'2025-07-03 17:01:58',NULL),(231,'TEMPERATURA','R1',161.72,60.00,'2025-07-03 16:34:55','ZAKONCZONY',NULL,'2025-07-03 17:01:40',NULL),(232,'TEMPERATURA','R2',203.04,120.00,'2025-07-03 16:34:55','ZAKONCZONY',NULL,'2025-07-03 17:01:43',NULL),(233,'TEMPERATURA','R3',202.99,120.00,'2025-07-03 16:34:55','ZAKONCZONY',NULL,'2025-07-03 17:01:51',NULL),(234,'TEMPERATURA','R4',202.96,120.00,'2025-07-03 16:34:55','ZAKONCZONY',NULL,'2025-07-03 17:01:54',NULL),(235,'TEMPERATURA','R5',202.94,120.00,'2025-07-03 16:34:55','ZAKONCZONY',NULL,'2025-07-03 17:01:57',NULL),(236,'TEMPERATURA','R1',164.22,60.00,'2025-07-03 16:39:55','ZAKONCZONY',NULL,'2025-07-03 17:01:39',NULL),(237,'TEMPERATURA','R2',205.54,120.00,'2025-07-03 16:39:55','ZAKONCZONY',NULL,'2025-07-03 17:01:42',NULL),(238,'TEMPERATURA','R3',205.49,120.00,'2025-07-03 16:39:55','ZAKONCZONY',NULL,'2025-07-03 17:01:50',NULL),(239,'TEMPERATURA','R4',205.46,120.00,'2025-07-03 16:39:55','ZAKONCZONY',NULL,'2025-07-03 17:01:53',NULL),(240,'TEMPERATURA','R5',205.44,120.00,'2025-07-03 16:39:55','ZAKONCZONY',NULL,'2025-07-03 17:01:56',NULL),(241,'TEMPERATURA','R1',166.72,60.00,'2025-07-03 16:44:55','ZAKONCZONY',NULL,'2025-07-03 17:01:38',NULL),(242,'TEMPERATURA','R2',208.04,120.00,'2025-07-03 16:44:55','ZAKONCZONY',NULL,'2025-07-03 17:01:41',NULL),(243,'TEMPERATURA','R3',207.99,120.00,'2025-07-03 16:44:55','ZAKONCZONY',NULL,'2025-07-03 17:01:49',NULL),(244,'TEMPERATURA','R4',207.96,120.00,'2025-07-03 16:44:55','ZAKONCZONY',NULL,'2025-07-03 17:01:52',NULL),(245,'TEMPERATURA','R5',207.94,120.00,'2025-07-03 16:44:55','ZAKONCZONY',NULL,'2025-07-03 17:01:55',NULL),(246,'TEMPERATURA','R1',169.22,60.00,'2025-07-03 16:49:55','ZAKONCZONY',NULL,'2025-07-03 17:01:37',NULL),(247,'TEMPERATURA','R2',210.54,120.00,'2025-07-03 16:49:55','ZAKONCZONY',NULL,'2025-07-03 17:01:40',NULL),(248,'TEMPERATURA','R3',210.49,120.00,'2025-07-03 16:49:55','ZAKONCZONY',NULL,'2025-07-03 17:01:48',NULL),(249,'TEMPERATURA','R4',210.46,120.00,'2025-07-03 16:49:55','ZAKONCZONY',NULL,'2025-07-03 17:01:51',NULL),(250,'TEMPERATURA','R5',210.44,120.00,'2025-07-03 16:49:55','ZAKONCZONY',NULL,'2025-07-03 17:01:54',NULL),(251,'TEMPERATURA','R1',68.65,60.00,'2025-07-03 17:58:55','POTWIERDZONY','2025-07-03 18:27:26',NULL,NULL),(252,'TEMPERATURA','R1',68.88,60.00,'2025-07-03 17:59:55','POTWIERDZONY','2025-07-03 18:27:27',NULL,NULL),(253,'TEMPERATURA','R1',71.38,60.00,'2025-07-03 18:04:55','POTWIERDZONY','2025-07-03 18:27:28',NULL,NULL),(254,'TEMPERATURA','R1',73.88,60.00,'2025-07-03 18:09:55','POTWIERDZONY','2025-07-03 18:27:29',NULL,NULL),(255,'TEMPERATURA','R1',82.78,60.00,'2025-07-03 18:27:29','ZAKONCZONY',NULL,'2025-07-03 18:28:26',NULL),(256,'TEMPERATURA','R1',60.15,60.00,'2025-07-03 18:49:11','ZAKONCZONY',NULL,'2025-07-03 19:25:38',NULL),(257,'TEMPERATURA','R4',120.16,120.00,'2025-07-03 19:42:11','ZAKONCZONY',NULL,'2025-07-03 20:21:46',NULL),(258,'TEMPERATURA','R5',120.14,120.00,'2025-07-03 19:42:11','ZAKONCZONY',NULL,'2025-07-03 20:21:46',NULL),(259,'TEMPERATURA','R5',130.00,120.00,'2025-07-03 20:24:46','ZAKONCZONY',NULL,'2025-07-03 20:25:46',NULL),(260,'TEMPERATURA','R5',130.00,120.00,'2025-07-03 20:26:46','ZAKONCZONY',NULL,'2025-07-03 20:32:16',NULL),(261,'TEMPERATURA','R5',130.00,120.00,'2025-07-03 20:32:46','ZAKONCZONY',NULL,'2025-07-03 20:43:16',NULL),(262,'TEMPERATURA','R1',60.48,60.00,'2025-07-03 20:34:17','ZAKONCZONY',NULL,'2025-07-03 20:46:16',NULL),(263,'TEMPERATURA','R1',70.00,60.00,'2025-07-03 20:47:16','ZAKONCZONY',NULL,'2025-07-03 21:31:46',NULL),(264,'TEMPERATURA','R2',120.02,120.00,'2025-07-03 20:50:17','ZAKONCZONY',NULL,'2025-07-03 21:31:46',NULL),(265,'TEMPERATURA','R4',200.00,120.00,'2025-07-03 20:53:46','ZAKONCZONY',NULL,'2025-07-03 21:32:16',NULL),(266,'TEMPERATURA','R1',130.00,60.00,'2025-07-03 21:35:46','ZAKONCZONY',NULL,'2025-07-03 21:42:33',NULL),(267,'TEMPERATURA','R1',70.00,60.00,'2025-07-03 21:46:16','ZAKONCZONY',NULL,'2025-07-03 21:54:53',NULL),(268,'TEMPERATURA','R1',70.00,60.00,'2025-07-03 21:57:53','ZAKONCZONY',NULL,'2025-07-03 22:09:53',NULL),(269,'TEMPERATURA','R5',121.72,120.00,'2025-07-03 22:06:25','ZAKONCZONY',NULL,'2025-07-03 22:11:23',NULL),(270,'TEMPERATURA','R3',200.00,120.00,'2025-07-03 22:15:53','ZAKONCZONY',NULL,'2025-07-03 22:25:02',NULL),(271,'TEMPERATURA','R1',61.94,60.00,'2025-07-03 22:33:34','ZAKONCZONY',NULL,'2025-07-03 22:38:02',NULL),(272,'TEMPERATURA','R3',122.43,120.00,'2025-07-03 22:33:34','ZAKONCZONY',NULL,'2025-07-03 22:38:02',NULL),(273,'TEMPERATURA','R3',200.00,120.00,'2025-07-03 22:39:32','ZAKONCZONY',NULL,'2025-07-03 23:00:31',NULL),(274,'TEMPERATURA','R1',60.30,60.00,'2025-07-03 22:48:34','ZAKONCZONY',NULL,'2025-07-03 23:00:31',NULL),(275,'TEMPERATURA','R1',60.19,60.00,'2025-07-03 23:10:32','ZAKONCZONY',NULL,'2025-07-03 23:26:53',NULL),(276,'TEMPERATURA','R1',60.26,60.00,'2025-07-03 23:37:24','ZAKONCZONY',NULL,'2025-07-04 22:29:45',NULL),(277,'TEMPERATURA','R5',120.12,120.00,'2025-07-04 00:31:24','ZAKONCZONY',NULL,'2025-07-04 22:30:15',NULL),(278,'TEMPERATURA','R2',120.49,120.00,'2025-07-04 00:32:24','ZAKONCZONY',NULL,'2025-07-04 22:29:45',NULL),(279,'TEMPERATURA','R4',120.29,120.00,'2025-07-04 00:32:24','ZAKONCZONY',NULL,'2025-07-04 22:30:15',NULL),(280,'TEMPERATURA','R3',120.09,120.00,'2025-07-04 01:10:24','ZAKONCZONY',NULL,'2025-07-04 22:29:46',NULL),(281,'TEMPERATURA','R1',60.23,60.00,'2025-07-04 23:30:15','POTWIERDZONY','2025-07-04 23:56:23',NULL,NULL),(282,'TEMPERATURA','R1',73.35,60.00,'2025-07-04 23:56:45','ZAKONCZONY',NULL,'2025-07-05 03:21:39',NULL),(283,'TEMPERATURA','R2',120.06,120.00,'2025-07-05 01:29:57','ZAKONCZONY',NULL,'2025-07-05 04:24:30',NULL),(284,'TEMPERATURA','R3',120.03,120.00,'2025-07-05 01:29:57','ZAKONCZONY',NULL,'2025-07-06 10:32:21',NULL),(285,'TEMPERATURA','R4',120.01,120.00,'2025-07-05 01:29:57','ZAKONCZONY',NULL,'2025-07-06 10:32:21',NULL),(286,'TEMPERATURA','R5',120.07,120.00,'2025-07-05 01:30:10','ZAKONCZONY',NULL,'2025-07-06 10:32:21',NULL),(287,'TEMPERATURA','R1',60.01,60.00,'2025-07-05 03:53:39','ZAKONCZONY',NULL,'2025-07-05 03:57:19',NULL),(288,'TEMPERATURA','R1',60.04,60.00,'2025-07-05 04:07:19','ZAKONCZONY',NULL,'2025-07-05 04:16:40',NULL),(289,'TEMPERATURA','R1',60.07,60.00,'2025-07-05 04:48:40','ZAKONCZONY',NULL,'2025-07-06 10:32:21',NULL),(290,'TEMPERATURA','R2',351.70,120.00,'2025-07-05 15:00:07','ZAKONCZONY',NULL,'2025-07-06 10:32:21',NULL),(291,'TEMPERATURA','R1',60.36,60.00,'2025-07-06 11:32:51','POTWIERDZONY','2025-07-06 20:20:46',NULL,NULL),(292,'TEMPERATURA','R2',120.07,120.00,'2025-07-06 13:32:38','POTWIERDZONY','2025-07-06 20:20:46',NULL,NULL),(293,'TEMPERATURA','R3',120.05,120.00,'2025-07-06 13:32:38','ZAKONCZONY',NULL,'2025-07-06 13:36:08',NULL),(294,'TEMPERATURA','R4',120.01,120.00,'2025-07-06 13:32:38','ZAKONCZONY',NULL,'2025-07-06 13:37:08',NULL),(295,'TEMPERATURA','R5',120.40,120.00,'2025-07-06 13:33:15','POTWIERDZONY','2025-07-06 20:20:46',NULL,NULL),(296,'TEMPERATURA','R3',120.45,120.00,'2025-07-06 15:44:12','POTWIERDZONY','2025-07-06 20:20:45',NULL,NULL),(297,'TEMPERATURA','R8',120.43,120.00,'2025-07-06 15:56:12','POTWIERDZONY','2025-07-06 20:20:45',NULL,NULL),(298,'TEMPERATURA','R4',120.25,120.00,'2025-07-06 16:09:12','POTWIERDZONY','2025-07-06 20:20:45',NULL,NULL),(299,'TEMPERATURA','R1',324.24,60.00,'2025-07-06 20:21:00','ZAKONCZONY',NULL,'2025-07-06 22:04:10',NULL),(300,'TEMPERATURA','R2',324.21,120.00,'2025-07-06 20:21:00','ZAKONCZONY',NULL,'2025-07-06 22:04:38',NULL),(301,'TEMPERATURA','R3',258.62,120.00,'2025-07-06 20:21:00','ZAKONCZONY',NULL,'2025-07-06 22:04:38',NULL),(302,'TEMPERATURA','R4',245.92,120.00,'2025-07-06 20:21:00','ZAKONCZONY',NULL,'2025-07-06 22:04:38',NULL),(303,'TEMPERATURA','R5',324.10,120.00,'2025-07-06 20:21:00','ZAKONCZONY',NULL,'2025-07-06 22:04:38',NULL),(304,'TEMPERATURA','R8',252.60,120.00,'2025-07-06 20:21:00','ZAKONCZONY',NULL,'2025-07-07 16:07:23',NULL),(305,'TEMPERATURA','R1',61.27,60.00,'2025-07-06 23:07:07','ZAKONCZONY',NULL,'2025-07-07 16:06:53',NULL),(306,'TEMPERATURA','R2',120.08,120.00,'2025-07-07 01:04:24','ZAKONCZONY',NULL,'2025-07-07 16:06:53',NULL),(307,'TEMPERATURA','R3',120.03,120.00,'2025-07-07 01:04:24','ZAKONCZONY',NULL,'2025-07-07 16:06:53',NULL),(308,'TEMPERATURA','R4',120.01,120.00,'2025-07-07 01:04:24','ZAKONCZONY',NULL,'2025-07-07 16:06:53',NULL),(309,'TEMPERATURA','R5',120.48,120.00,'2025-07-07 01:05:24','ZAKONCZONY',NULL,'2025-07-07 16:06:53',NULL),(310,'TEMPERATURA','R6',120.45,120.00,'2025-07-07 01:05:24','ZAKONCZONY',NULL,'2025-07-07 16:09:23',NULL),(311,'TEMPERATURA','R1',60.13,60.00,'2025-07-07 17:06:54','ZAKONCZONY',NULL,'2025-07-07 17:11:58',NULL),(312,'TEMPERATURA','R1',75.00,60.00,'2025-07-07 17:19:28','POTWIERDZONY','2025-07-07 20:08:58',NULL,NULL),(313,'TEMPERATURA','R1',98.68,60.00,'2025-07-07 20:09:10','POTWIERDZONY','2025-07-08 03:55:31',NULL,NULL),(314,'TEMPERATURA','R2',131.60,120.00,'2025-07-08 03:52:06','POTWIERDZONY','2025-07-08 03:55:29',NULL,NULL),(315,'TEMPERATURA','R3',131.57,120.00,'2025-07-08 03:52:06','POTWIERDZONY','2025-07-08 03:55:30',NULL,NULL),(316,'TEMPERATURA','R4',131.57,120.00,'2025-07-08 03:52:06','POTWIERDZONY','2025-07-08 03:55:30',NULL,NULL),(317,'TEMPERATURA','R5',131.56,120.00,'2025-07-08 03:52:06','POTWIERDZONY','2025-07-08 03:55:30',NULL,NULL),(318,'TEMPERATURA','R6',131.55,120.00,'2025-07-08 03:52:06','POTWIERDZONY','2025-07-08 03:55:30',NULL,NULL),(319,'TEMPERATURA','R7',131.54,120.00,'2025-07-08 03:52:06','POTWIERDZONY','2025-07-08 03:55:31',NULL,NULL),(320,'TEMPERATURA','R8',131.54,120.00,'2025-07-08 03:52:06','POTWIERDZONY','2025-07-08 03:55:31',NULL,NULL),(321,'TEMPERATURA','R9',131.53,120.00,'2025-07-08 03:52:06','POTWIERDZONY','2025-07-08 03:55:31',NULL,NULL),(322,'TEMPERATURA','R1',164.05,60.00,'2025-07-08 03:55:33','POTWIERDZONY','2025-07-08 03:59:55',NULL,NULL),(323,'TEMPERATURA','R2',132.03,120.00,'2025-07-08 03:55:33','POTWIERDZONY','2025-07-08 03:59:56',NULL,NULL),(324,'TEMPERATURA','R3',132.00,120.00,'2025-07-08 03:55:33','ZAKONCZONY',NULL,'2025-07-08 03:59:06',NULL),(325,'TEMPERATURA','R4',131.99,120.00,'2025-07-08 03:55:33','POTWIERDZONY','2025-07-08 03:59:56',NULL,NULL),(326,'TEMPERATURA','R5',131.99,120.00,'2025-07-08 03:55:33','POTWIERDZONY','2025-07-08 03:59:56',NULL,NULL),(327,'TEMPERATURA','R6',131.98,120.00,'2025-07-08 03:55:33','POTWIERDZONY','2025-07-08 03:59:57',NULL,NULL),(328,'TEMPERATURA','R7',131.97,120.00,'2025-07-08 03:55:33','POTWIERDZONY','2025-07-08 03:59:57',NULL,NULL),(329,'TEMPERATURA','R8',131.96,120.00,'2025-07-08 03:55:33','POTWIERDZONY','2025-07-08 03:59:57',NULL,NULL),(330,'TEMPERATURA','R9',131.95,120.00,'2025-07-08 03:55:33','POTWIERDZONY','2025-07-08 03:59:58',NULL,NULL),(331,'TEMPERATURA','R1',164.61,60.00,'2025-07-08 04:00:03','ZAKONCZONY',NULL,'2025-07-15 18:40:33',NULL),(332,'TEMPERATURA','R2',132.59,120.00,'2025-07-08 04:00:03','ZAKONCZONY',NULL,'2025-07-15 18:40:33',NULL),(333,'TEMPERATURA','R4',132.55,120.00,'2025-07-08 04:00:03','ZAKONCZONY',NULL,'2025-07-15 18:41:03',NULL),(334,'TEMPERATURA','R5',132.55,120.00,'2025-07-08 04:00:03','ZAKONCZONY',NULL,'2025-07-15 18:41:03',NULL),(335,'TEMPERATURA','R6',132.54,120.00,'2025-07-08 04:00:03','ZAKONCZONY',NULL,'2025-07-15 18:41:03',NULL),(336,'TEMPERATURA','R7',132.53,120.00,'2025-07-08 04:00:03','ZAKONCZONY',NULL,'2025-07-15 18:41:03',NULL),(337,'TEMPERATURA','R8',132.52,120.00,'2025-07-08 04:00:03','ZAKONCZONY',NULL,'2025-07-15 18:41:03',NULL),(338,'TEMPERATURA','R9',132.51,120.00,'2025-07-08 04:00:03','ZAKONCZONY',NULL,'2025-07-15 18:41:03',NULL),(339,'TEMPERATURA','R3',153.09,120.00,'2025-07-08 13:16:06','ZAKONCZONY',NULL,'2025-07-15 18:40:36',NULL),(340,'TEMPERATURA','R1',60.08,60.00,'2025-07-15 18:41:33','AKTYWNY',NULL,NULL,NULL),(341,'TEMPERATURA','R2',121.21,120.00,'2025-07-16 01:57:55','AKTYWNY',NULL,NULL,NULL),(342,'TEMPERATURA','R3',121.20,120.00,'2025-07-16 01:57:55','AKTYWNY',NULL,NULL,NULL),(343,'TEMPERATURA','R4',121.19,120.00,'2025-07-16 01:57:55','AKTYWNY',NULL,NULL,NULL),(344,'TEMPERATURA','R5',121.18,120.00,'2025-07-16 01:57:55','AKTYWNY',NULL,NULL,NULL),(345,'TEMPERATURA','R6',121.18,120.00,'2025-07-16 01:57:55','AKTYWNY',NULL,NULL,NULL),(346,'TEMPERATURA','R7',121.17,120.00,'2025-07-16 01:57:55','AKTYWNY',NULL,NULL,NULL),(347,'TEMPERATURA','R8',121.16,120.00,'2025-07-16 01:57:55','AKTYWNY',NULL,NULL,NULL),(348,'TEMPERATURA','R9',120.62,120.00,'2025-07-16 01:57:55','AKTYWNY',NULL,NULL,NULL);
/*!40000 ALTER TABLE `alarmy` ENABLE KEYS */;
UNLOCK TABLES;

--
-- Table structure for table `cykle_filtracyjne`
--

DROP TABLE IF EXISTS `cykle_filtracyjne`;
/*!40101 SET @saved_cs_client     = @@character_set_client */;
/*!50503 SET character_set_client = utf8mb4 */;
CREATE TABLE `cykle_filtracyjne` (
  `id` int NOT NULL AUTO_INCREMENT,
  `id_partii` int DEFAULT NULL,
  `numer_cyklu` int DEFAULT NULL,
  `typ_cyklu` enum('placek','filtracja','dmuchanie') CHARACTER SET utf8mb4 COLLATE utf8mb4_unicode_ci DEFAULT NULL,
  `id_filtra` varchar(10) CHARACTER SET utf8mb4 COLLATE utf8mb4_unicode_ci DEFAULT NULL,
  `reaktor_startowy` varchar(10) CHARACTER SET utf8mb4 COLLATE utf8mb4_unicode_ci DEFAULT NULL,
  `reaktor_docelowy` varchar(10) CHARACTER SET utf8mb4 COLLATE utf8mb4_unicode_ci DEFAULT NULL,
  `czas_rozpoczecia` datetime DEFAULT NULL,
  `czas_zakonczenia` datetime DEFAULT NULL,
  `czas_trwania_minut` int DEFAULT NULL,
  `wynik_oceny` enum('pozytywna','negatywna','oczekuje') CHARACTER SET utf8mb4 COLLATE utf8mb4_unicode_ci DEFAULT NULL,
  `komentarz` text CHARACTER SET utf8mb4 COLLATE utf8mb4_unicode_ci,
  PRIMARY KEY (`id`),
  KEY `idx_partia_cykl` (`id_partii`,`numer_cyklu`),
  KEY `idx_filtr_czas` (`id_filtra`,`czas_rozpoczecia`),
  CONSTRAINT `cykle_filtracyjne_ibfk_1` FOREIGN KEY (`id_partii`) REFERENCES `partie_surowca` (`id`) ON DELETE CASCADE
) ENGINE=InnoDB AUTO_INCREMENT=19 DEFAULT CHARSET=utf8mb4 COLLATE=utf8mb4_unicode_ci COMMENT='Historia wszystkich cykli filtracyjnych dla każdej partii';
/*!40101 SET character_set_client = @saved_cs_client */;

--
-- Dumping data for table `cykle_filtracyjne`
--

LOCK TABLES `cykle_filtracyjne` WRITE;
/*!40000 ALTER TABLE `cykle_filtracyjne` DISABLE KEYS */;
INSERT INTO `cykle_filtracyjne` VALUES (13,3,1,'placek','FZ','',NULL,'2025-07-05 05:29:08','2025-07-05 05:29:32',0,'oczekuje',''),(16,3,1,'filtracja','FZ','R1','R2','2025-07-15 18:39:11',NULL,NULL,'oczekuje',NULL),(17,9,1,'placek','FN','R3','R4','2025-07-15 19:39:11',NULL,NULL,'oczekuje',NULL),(18,14,1,'placek','FZ','r5','r4','2025-07-15 21:33:26',NULL,NULL,'oczekuje',NULL);
/*!40000 ALTER TABLE `cykle_filtracyjne` ENABLE KEYS */;
UNLOCK TABLES;

--
-- Table structure for table `historia_pomiarow`
--

DROP TABLE IF EXISTS `historia_pomiarow`;
/*!40101 SET @saved_cs_client     = @@character_set_client */;
/*!50503 SET character_set_client = utf8mb4 */;
CREATE TABLE `historia_pomiarow` (
  `id` int NOT NULL AUTO_INCREMENT,
  `id_sprzetu` int NOT NULL,
  `temperatura` decimal(5,2) DEFAULT NULL,
  `cisnienie` decimal(5,2) DEFAULT NULL,
  `czas_pomiaru` datetime NOT NULL,
  PRIMARY KEY (`id`),
  KEY `idx_historia_sprzet_czas` (`id_sprzetu`,`czas_pomiaru`),
  CONSTRAINT `historia_pomiarow_ibfk_1` FOREIGN KEY (`id_sprzetu`) REFERENCES `sprzet` (`id`)
) ENGINE=InnoDB AUTO_INCREMENT=137720 DEFAULT CHARSET=utf8mb4 COLLATE=utf8mb4_unicode_ci;
/*!40101 SET character_set_client = @saved_cs_client */;

--
-- Dumping data for table `historia_pomiarow`
--

LOCK TABLES `historia_pomiarow` WRITE;
/*!40000 ALTER TABLE `historia_pomiarow` DISABLE KEYS */;
INSERT INTO `historia_pomiarow` VALUES (135041,1,468.41,1.64,'2025-07-17 19:17:44'),(135042,2,468.41,0.71,'2025-07-17 19:17:44'),(135043,3,468.40,0.34,'2025-07-17 19:17:44'),(135044,4,468.39,0.67,'2025-07-17 19:17:44'),(135045,5,468.38,1.29,'2025-07-17 19:17:44'),(135046,6,60.00,4.17,'2025-07-17 19:17:44'),(135047,7,60.00,4.97,'2025-07-17 19:17:44'),(135048,8,60.00,0.00,'2025-07-17 19:17:44'),(135049,9,60.00,0.00,'2025-07-17 19:17:44'),(135050,10,468.38,0.62,'2025-07-17 19:17:44'),(135051,11,468.37,1.58,'2025-07-17 19:17:44'),(135052,12,468.36,1.58,'2025-07-17 19:17:44'),(135053,13,467.82,1.19,'2025-07-17 19:17:44'),(135054,1,468.44,0.47,'2025-07-17 19:17:55'),(135055,2,468.43,0.11,'2025-07-17 19:17:55'),(135056,3,468.42,1.86,'2025-07-17 19:17:55'),(135057,4,468.42,1.68,'2025-07-17 19:17:55'),(135058,5,468.41,0.56,'2025-07-17 19:17:55'),(135059,6,60.00,4.95,'2025-07-17 19:17:55'),(135060,7,60.00,4.72,'2025-07-17 19:17:55'),(135061,8,60.00,0.00,'2025-07-17 19:17:55'),(135062,9,60.00,0.00,'2025-07-17 19:17:55'),(135063,10,468.40,0.19,'2025-07-17 19:17:55'),(135064,11,468.39,1.08,'2025-07-17 19:17:55'),(135065,12,468.38,1.34,'2025-07-17 19:17:55'),(135066,13,467.84,0.37,'2025-07-17 19:17:55'),(135067,1,469.81,1.10,'2025-07-17 19:27:44'),(135068,2,469.81,0.58,'2025-07-17 19:27:44'),(135069,3,469.80,0.80,'2025-07-17 19:27:44'),(135070,4,469.79,1.19,'2025-07-17 19:27:44'),(135071,5,469.78,0.29,'2025-07-17 19:27:44'),(135072,6,60.00,4.81,'2025-07-17 19:27:44'),(135073,7,60.00,4.96,'2025-07-17 19:27:44'),(135074,8,60.00,0.00,'2025-07-17 19:27:44'),(135075,9,60.00,0.00,'2025-07-17 19:27:44'),(135076,10,469.78,1.12,'2025-07-17 19:27:44'),(135077,11,469.77,0.27,'2025-07-17 19:27:44'),(135078,12,469.76,1.10,'2025-07-17 19:27:44'),(135079,13,469.22,1.07,'2025-07-17 19:27:44'),(135080,1,469.84,0.13,'2025-07-17 19:27:55'),(135081,2,469.83,0.52,'2025-07-17 19:27:55'),(135082,3,469.82,1.85,'2025-07-17 19:27:55'),(135083,4,469.82,0.07,'2025-07-17 19:27:55'),(135084,5,469.81,1.43,'2025-07-17 19:27:55'),(135085,6,60.00,4.50,'2025-07-17 19:27:55'),(135086,7,60.00,4.15,'2025-07-17 19:27:55'),(135087,8,60.00,0.00,'2025-07-17 19:27:55'),(135088,9,60.00,0.00,'2025-07-17 19:27:55'),(135089,10,469.80,1.25,'2025-07-17 19:27:55'),(135090,11,469.79,1.53,'2025-07-17 19:27:55'),(135091,12,469.78,1.93,'2025-07-17 19:27:55'),(135092,13,469.24,1.45,'2025-07-17 19:27:55'),(135093,1,471.21,1.76,'2025-07-17 19:37:44'),(135094,2,471.21,1.28,'2025-07-17 19:37:44'),(135095,3,471.20,0.30,'2025-07-17 19:37:44'),(135096,4,471.19,0.11,'2025-07-17 19:37:44'),(135097,5,471.18,0.33,'2025-07-17 19:37:44'),(135098,6,60.00,4.94,'2025-07-17 19:37:44'),(135099,7,60.00,4.42,'2025-07-17 19:37:44'),(135100,8,60.00,0.00,'2025-07-17 19:37:44'),(135101,9,60.00,0.00,'2025-07-17 19:37:44'),(135102,10,471.18,1.15,'2025-07-17 19:37:44'),(135103,11,471.17,0.08,'2025-07-17 19:37:44'),(135104,12,471.16,1.02,'2025-07-17 19:37:44'),(135105,13,470.62,2.00,'2025-07-17 19:37:44'),(135106,1,471.24,1.34,'2025-07-17 19:37:55'),(135107,2,471.23,1.71,'2025-07-17 19:37:55'),(135108,3,471.22,0.25,'2025-07-17 19:37:55'),(135109,4,471.22,0.24,'2025-07-17 19:37:55'),(135110,5,471.21,0.16,'2025-07-17 19:37:55'),(135111,6,60.00,4.47,'2025-07-17 19:37:55'),(135112,7,60.00,4.07,'2025-07-17 19:37:55'),(135113,8,60.00,0.00,'2025-07-17 19:37:55'),(135114,9,60.00,0.00,'2025-07-17 19:37:55'),(135115,10,471.20,1.60,'2025-07-17 19:37:55'),(135116,11,471.19,0.61,'2025-07-17 19:37:55'),(135117,12,471.18,1.33,'2025-07-17 19:37:55'),(135118,13,470.64,1.89,'2025-07-17 19:37:55'),(135119,1,472.61,1.14,'2025-07-17 19:47:44'),(135120,2,472.61,1.49,'2025-07-17 19:47:44'),(135121,3,472.60,0.23,'2025-07-17 19:47:44'),(135122,4,472.59,0.66,'2025-07-17 19:47:44'),(135123,5,472.58,1.56,'2025-07-17 19:47:44'),(135124,6,60.00,4.53,'2025-07-17 19:47:44'),(135125,7,60.00,4.04,'2025-07-17 19:47:44'),(135126,8,60.00,0.00,'2025-07-17 19:47:44'),(135127,9,60.00,0.00,'2025-07-17 19:47:44'),(135128,10,472.58,1.58,'2025-07-17 19:47:44'),(135129,11,472.57,1.09,'2025-07-17 19:47:44'),(135130,12,472.56,0.26,'2025-07-17 19:47:44'),(135131,13,472.02,0.42,'2025-07-17 19:47:44'),(135132,107,60.00,0.00,'2025-07-17 19:47:44'),(135133,108,60.00,0.00,'2025-07-17 19:47:44'),(135134,109,60.00,0.00,'2025-07-17 19:47:44'),(135135,110,60.00,0.00,'2025-07-17 19:47:44'),(135136,111,60.00,0.00,'2025-07-17 19:47:44'),(135137,112,60.00,0.00,'2025-07-17 19:47:44'),(135138,113,60.00,0.00,'2025-07-17 19:47:44'),(135139,1,472.64,1.11,'2025-07-17 19:47:55'),(135140,2,472.63,1.84,'2025-07-17 19:47:55'),(135141,3,472.62,0.66,'2025-07-17 19:47:55'),(135142,4,472.62,1.77,'2025-07-17 19:47:55'),(135143,5,472.61,0.24,'2025-07-17 19:47:55'),(135144,6,60.00,4.79,'2025-07-17 19:47:55'),(135145,7,60.00,4.77,'2025-07-17 19:47:55'),(135146,8,60.00,0.00,'2025-07-17 19:47:55'),(135147,9,60.00,0.00,'2025-07-17 19:47:55'),(135148,10,472.60,0.17,'2025-07-17 19:47:55'),(135149,11,472.59,0.34,'2025-07-17 19:47:55'),(135150,12,472.58,0.32,'2025-07-17 19:47:55'),(135151,13,472.04,1.88,'2025-07-17 19:47:55'),(135152,107,60.00,0.00,'2025-07-17 19:47:55'),(135153,108,60.00,0.00,'2025-07-17 19:47:55'),(135154,109,60.00,0.00,'2025-07-17 19:47:55'),(135155,110,60.00,0.00,'2025-07-17 19:47:55'),(135156,111,60.00,0.00,'2025-07-17 19:47:55'),(135157,112,60.00,0.00,'2025-07-17 19:47:55'),(135158,113,60.00,0.00,'2025-07-17 19:47:55'),(135159,1,474.01,1.63,'2025-07-17 19:57:44'),(135160,2,474.01,0.59,'2025-07-17 19:57:44'),(135161,3,474.00,0.71,'2025-07-17 19:57:44'),(135162,4,473.99,1.34,'2025-07-17 19:57:44'),(135163,5,473.98,1.89,'2025-07-17 19:57:44'),(135164,6,60.00,4.03,'2025-07-17 19:57:44'),(135165,7,60.00,4.55,'2025-07-17 19:57:44'),(135166,8,60.00,0.00,'2025-07-17 19:57:44'),(135167,9,60.00,0.00,'2025-07-17 19:57:44'),(135168,10,473.98,1.65,'2025-07-17 19:57:44'),(135169,11,473.97,1.69,'2025-07-17 19:57:44'),(135170,12,473.96,1.78,'2025-07-17 19:57:44'),(135171,13,473.42,1.65,'2025-07-17 19:57:44'),(135172,107,60.00,0.00,'2025-07-17 19:57:44'),(135173,108,60.00,0.00,'2025-07-17 19:57:44'),(135174,109,60.00,0.00,'2025-07-17 19:57:44'),(135175,110,60.00,0.00,'2025-07-17 19:57:44'),(135176,111,60.00,0.00,'2025-07-17 19:57:44'),(135177,112,60.00,0.00,'2025-07-17 19:57:44'),(135178,113,60.00,0.00,'2025-07-17 19:57:44'),(135179,1,474.04,0.88,'2025-07-17 19:57:55'),(135180,2,474.03,1.70,'2025-07-17 19:57:55'),(135181,3,474.02,0.22,'2025-07-17 19:57:55'),(135182,4,474.02,1.98,'2025-07-17 19:57:55'),(135183,5,474.01,1.27,'2025-07-17 19:57:55'),(135184,6,60.00,4.43,'2025-07-17 19:57:55'),(135185,7,60.00,4.21,'2025-07-17 19:57:55'),(135186,8,60.00,0.00,'2025-07-17 19:57:55'),(135187,9,60.00,0.00,'2025-07-17 19:57:55'),(135188,10,474.00,0.08,'2025-07-17 19:57:55'),(135189,11,473.99,0.47,'2025-07-17 19:57:55'),(135190,12,473.98,0.30,'2025-07-17 19:57:55'),(135191,13,473.44,1.39,'2025-07-17 19:57:55'),(135192,107,60.00,0.00,'2025-07-17 19:57:55'),(135193,108,60.00,0.00,'2025-07-17 19:57:55'),(135194,109,60.00,0.00,'2025-07-17 19:57:55'),(135195,110,60.00,0.00,'2025-07-17 19:57:55'),(135196,111,60.00,0.00,'2025-07-17 19:57:55'),(135197,112,60.00,0.00,'2025-07-17 19:57:55'),(135198,113,60.00,0.00,'2025-07-17 19:57:55'),(135199,1,475.41,1.68,'2025-07-17 20:07:44'),(135200,2,475.41,1.71,'2025-07-17 20:07:44'),(135201,3,475.40,0.47,'2025-07-17 20:07:44'),(135202,4,475.39,0.80,'2025-07-17 20:07:44'),(135203,5,475.38,0.62,'2025-07-17 20:07:44'),(135204,6,60.00,4.47,'2025-07-17 20:07:44'),(135205,7,60.00,4.29,'2025-07-17 20:07:44'),(135206,8,60.00,0.00,'2025-07-17 20:07:44'),(135207,9,60.00,0.00,'2025-07-17 20:07:44'),(135208,10,475.38,0.56,'2025-07-17 20:07:44'),(135209,11,475.37,1.18,'2025-07-17 20:07:44'),(135210,12,475.36,0.89,'2025-07-17 20:07:44'),(135211,13,474.82,1.87,'2025-07-17 20:07:44'),(135212,107,60.00,0.00,'2025-07-17 20:07:44'),(135213,108,60.00,0.00,'2025-07-17 20:07:44'),(135214,109,60.00,0.00,'2025-07-17 20:07:44'),(135215,110,60.00,0.00,'2025-07-17 20:07:44'),(135216,111,60.00,0.00,'2025-07-17 20:07:44'),(135217,112,60.00,0.00,'2025-07-17 20:07:44'),(135218,113,60.00,0.00,'2025-07-17 20:07:44'),(135219,1,475.44,2.00,'2025-07-17 20:07:55'),(135220,2,475.43,1.41,'2025-07-17 20:07:55'),(135221,3,475.42,0.15,'2025-07-17 20:07:55'),(135222,4,475.42,1.56,'2025-07-17 20:07:55'),(135223,5,475.41,1.81,'2025-07-17 20:07:55'),(135224,6,60.00,4.56,'2025-07-17 20:07:55'),(135225,7,60.00,4.58,'2025-07-17 20:07:55'),(135226,8,60.00,0.00,'2025-07-17 20:07:55'),(135227,9,60.00,0.00,'2025-07-17 20:07:55'),(135228,10,475.40,1.31,'2025-07-17 20:07:55'),(135229,11,475.39,0.63,'2025-07-17 20:07:55'),(135230,12,475.38,1.03,'2025-07-17 20:07:55'),(135231,13,474.84,1.08,'2025-07-17 20:07:55'),(135232,107,60.00,0.00,'2025-07-17 20:07:55'),(135233,108,60.00,0.00,'2025-07-17 20:07:55'),(135234,109,60.00,0.00,'2025-07-17 20:07:55'),(135235,110,60.00,0.00,'2025-07-17 20:07:55'),(135236,111,60.00,0.00,'2025-07-17 20:07:55'),(135237,112,60.00,0.00,'2025-07-17 20:07:55'),(135238,113,60.00,0.00,'2025-07-17 20:07:55'),(135239,1,476.81,1.70,'2025-07-17 20:17:44'),(135240,2,476.81,1.86,'2025-07-17 20:17:44'),(135241,3,476.80,1.20,'2025-07-17 20:17:44'),(135242,4,476.79,1.22,'2025-07-17 20:17:44'),(135243,5,476.78,1.53,'2025-07-17 20:17:44'),(135244,6,60.00,4.16,'2025-07-17 20:17:44'),(135245,7,60.00,4.27,'2025-07-17 20:17:44'),(135246,8,60.00,0.00,'2025-07-17 20:17:44'),(135247,9,60.00,0.00,'2025-07-17 20:17:44'),(135248,10,476.78,0.49,'2025-07-17 20:17:44'),(135249,11,476.77,1.04,'2025-07-17 20:17:44'),(135250,12,476.76,1.83,'2025-07-17 20:17:44'),(135251,13,476.22,1.67,'2025-07-17 20:17:44'),(135252,107,60.00,0.00,'2025-07-17 20:17:44'),(135253,108,60.00,0.00,'2025-07-17 20:17:44'),(135254,109,60.00,0.00,'2025-07-17 20:17:44'),(135255,110,60.00,0.00,'2025-07-17 20:17:44'),(135256,111,60.00,0.00,'2025-07-17 20:17:44'),(135257,112,60.00,0.00,'2025-07-17 20:17:44'),(135258,113,60.00,0.00,'2025-07-17 20:17:44'),(135259,1,476.84,1.72,'2025-07-17 20:17:55'),(135260,2,476.83,0.47,'2025-07-17 20:17:55'),(135261,3,476.82,1.58,'2025-07-17 20:17:55'),(135262,4,476.82,0.68,'2025-07-17 20:17:55'),(135263,5,476.81,1.44,'2025-07-17 20:17:55'),(135264,6,60.00,4.39,'2025-07-17 20:17:55'),(135265,7,60.00,4.99,'2025-07-17 20:17:55'),(135266,8,60.00,0.00,'2025-07-17 20:17:55'),(135267,9,60.00,0.00,'2025-07-17 20:17:55'),(135268,10,476.80,0.21,'2025-07-17 20:17:55'),(135269,11,476.79,0.74,'2025-07-17 20:17:55'),(135270,12,476.78,0.13,'2025-07-17 20:17:55'),(135271,13,476.24,0.42,'2025-07-17 20:17:55'),(135272,107,60.00,0.00,'2025-07-17 20:17:55'),(135273,108,60.00,0.00,'2025-07-17 20:17:55'),(135274,109,60.00,0.00,'2025-07-17 20:17:55'),(135275,110,60.00,0.00,'2025-07-17 20:17:55'),(135276,111,60.00,0.00,'2025-07-17 20:17:55'),(135277,112,60.00,0.00,'2025-07-17 20:17:55'),(135278,113,60.00,0.00,'2025-07-17 20:17:55'),(135279,1,477.17,0.35,'2025-07-17 20:20:18'),(135280,2,477.17,0.98,'2025-07-17 20:20:18'),(135281,3,477.16,1.72,'2025-07-17 20:20:18'),(135282,4,477.15,0.58,'2025-07-17 20:20:18'),(135283,5,477.14,1.41,'2025-07-17 20:20:18'),(135284,6,60.00,4.09,'2025-07-17 20:20:18'),(135285,7,60.00,4.68,'2025-07-17 20:20:18'),(135286,8,60.00,0.00,'2025-07-17 20:20:18'),(135287,9,60.00,0.00,'2025-07-17 20:20:18'),(135288,10,477.14,1.37,'2025-07-17 20:20:18'),(135289,11,477.13,1.67,'2025-07-17 20:20:18'),(135290,12,477.12,0.06,'2025-07-17 20:20:18'),(135291,13,476.58,1.05,'2025-07-17 20:20:18'),(135292,107,60.00,0.00,'2025-07-17 20:20:18'),(135293,108,60.00,0.00,'2025-07-17 20:20:18'),(135294,109,60.00,0.00,'2025-07-17 20:20:18'),(135295,110,60.00,0.00,'2025-07-17 20:20:18'),(135296,111,60.00,0.00,'2025-07-17 20:20:18'),(135297,112,60.00,0.00,'2025-07-17 20:20:18'),(135298,113,60.00,0.00,'2025-07-17 20:20:18'),(135299,1,478.24,0.17,'2025-07-17 20:27:55'),(135300,2,478.23,1.06,'2025-07-17 20:27:55'),(135301,3,478.22,0.77,'2025-07-17 20:27:55'),(135302,4,478.22,0.61,'2025-07-17 20:27:55'),(135303,5,478.21,1.73,'2025-07-17 20:27:55'),(135304,6,60.00,4.64,'2025-07-17 20:27:55'),(135305,7,60.00,4.16,'2025-07-17 20:27:55'),(135306,8,60.00,0.00,'2025-07-17 20:27:55'),(135307,9,60.00,0.00,'2025-07-17 20:27:55'),(135308,10,478.20,0.43,'2025-07-17 20:27:55'),(135309,11,478.19,1.22,'2025-07-17 20:27:55'),(135310,12,478.18,1.52,'2025-07-17 20:27:55'),(135311,13,477.64,1.16,'2025-07-17 20:27:55'),(135312,107,60.00,0.00,'2025-07-17 20:27:55'),(135313,108,60.00,0.00,'2025-07-17 20:27:55'),(135314,109,60.00,0.00,'2025-07-17 20:27:55'),(135315,110,60.00,0.00,'2025-07-17 20:27:55'),(135316,111,60.00,0.00,'2025-07-17 20:27:55'),(135317,112,60.00,0.00,'2025-07-17 20:27:55'),(135318,113,60.00,0.00,'2025-07-17 20:27:55'),(135319,1,478.57,0.39,'2025-07-17 20:30:18'),(135320,2,478.57,0.80,'2025-07-17 20:30:18'),(135321,3,478.56,1.56,'2025-07-17 20:30:18'),(135322,4,478.55,1.31,'2025-07-17 20:30:18'),(135323,5,478.54,0.68,'2025-07-17 20:30:18'),(135324,6,60.00,4.06,'2025-07-17 20:30:18'),(135325,7,60.00,4.19,'2025-07-17 20:30:18'),(135326,8,60.00,0.00,'2025-07-17 20:30:18'),(135327,9,60.00,0.00,'2025-07-17 20:30:18'),(135328,10,478.54,1.53,'2025-07-17 20:30:18'),(135329,11,478.53,0.90,'2025-07-17 20:30:18'),(135330,12,478.52,0.77,'2025-07-17 20:30:18'),(135331,13,477.98,0.19,'2025-07-17 20:30:18'),(135332,107,60.00,0.00,'2025-07-17 20:30:18'),(135333,108,60.00,0.00,'2025-07-17 20:30:18'),(135334,109,60.00,0.00,'2025-07-17 20:30:18'),(135335,110,60.00,0.00,'2025-07-17 20:30:18'),(135336,111,60.00,0.00,'2025-07-17 20:30:18'),(135337,112,60.00,0.00,'2025-07-17 20:30:18'),(135338,113,60.00,0.00,'2025-07-17 20:30:18'),(135339,1,479.25,0.50,'2025-07-17 20:35:09'),(135340,2,479.25,0.24,'2025-07-17 20:35:09'),(135341,3,479.24,0.47,'2025-07-17 20:35:09'),(135342,4,479.23,0.51,'2025-07-17 20:35:09'),(135343,5,479.22,0.32,'2025-07-17 20:35:09'),(135344,6,60.00,4.46,'2025-07-17 20:35:09'),(135345,7,60.00,4.52,'2025-07-17 20:35:09'),(135346,8,60.00,0.00,'2025-07-17 20:35:09'),(135347,9,60.00,0.00,'2025-07-17 20:35:09'),(135348,10,479.21,0.86,'2025-07-17 20:35:09'),(135349,11,479.21,1.69,'2025-07-17 20:35:09'),(135350,12,479.20,0.42,'2025-07-17 20:35:09'),(135351,13,478.66,0.19,'2025-07-17 20:35:09'),(135352,107,60.00,0.00,'2025-07-17 20:35:09'),(135353,108,60.00,0.00,'2025-07-17 20:35:09'),(135354,109,60.00,0.00,'2025-07-17 20:35:09'),(135355,110,60.00,0.00,'2025-07-17 20:35:09'),(135356,111,60.00,0.00,'2025-07-17 20:35:09'),(135357,112,60.00,0.00,'2025-07-17 20:35:09'),(135358,113,60.00,0.00,'2025-07-17 20:35:09'),(135359,1,479.64,0.50,'2025-07-17 20:37:55'),(135360,2,479.63,1.39,'2025-07-17 20:37:55'),(135361,3,479.62,1.94,'2025-07-17 20:37:55'),(135362,4,479.62,0.40,'2025-07-17 20:37:55'),(135363,5,479.61,1.44,'2025-07-17 20:37:55'),(135364,6,60.00,4.57,'2025-07-17 20:37:55'),(135365,7,60.00,4.59,'2025-07-17 20:37:55'),(135366,8,60.00,0.00,'2025-07-17 20:37:55'),(135367,9,60.00,0.00,'2025-07-17 20:37:55'),(135368,10,479.60,0.26,'2025-07-17 20:37:55'),(135369,11,479.59,1.92,'2025-07-17 20:37:55'),(135370,12,479.58,1.14,'2025-07-17 20:37:55'),(135371,13,479.04,0.42,'2025-07-17 20:37:55'),(135372,107,60.00,0.00,'2025-07-17 20:37:55'),(135373,108,60.00,0.00,'2025-07-17 20:37:55'),(135374,109,60.00,0.00,'2025-07-17 20:37:55'),(135375,110,60.00,0.00,'2025-07-17 20:37:55'),(135376,111,60.00,0.00,'2025-07-17 20:37:55'),(135377,112,60.00,0.00,'2025-07-17 20:37:55'),(135378,113,60.00,0.00,'2025-07-17 20:37:55'),(135379,1,479.90,0.51,'2025-07-17 20:39:47'),(135380,2,479.89,1.11,'2025-07-17 20:39:47'),(135381,3,479.89,0.02,'2025-07-17 20:39:47'),(135382,4,479.88,0.48,'2025-07-17 20:39:47'),(135383,5,479.87,0.57,'2025-07-17 20:39:47'),(135384,6,60.00,4.71,'2025-07-17 20:39:47'),(135385,7,60.00,4.67,'2025-07-17 20:39:47'),(135386,8,60.00,0.00,'2025-07-17 20:39:47'),(135387,9,60.00,0.00,'2025-07-17 20:39:47'),(135388,10,479.86,1.81,'2025-07-17 20:39:47'),(135389,11,479.85,1.29,'2025-07-17 20:39:47'),(135390,12,479.85,0.27,'2025-07-17 20:39:47'),(135391,13,479.30,0.54,'2025-07-17 20:39:47'),(135392,107,60.00,0.00,'2025-07-17 20:39:47'),(135393,108,60.00,0.00,'2025-07-17 20:39:47'),(135394,109,60.00,0.00,'2025-07-17 20:39:47'),(135395,110,60.00,0.00,'2025-07-17 20:39:47'),(135396,111,60.00,0.00,'2025-07-17 20:39:47'),(135397,112,60.00,0.00,'2025-07-17 20:39:47'),(135398,113,60.00,0.00,'2025-07-17 20:39:47'),(135399,1,481.04,0.89,'2025-07-17 20:47:55'),(135400,2,481.03,0.96,'2025-07-17 20:47:55'),(135401,3,481.02,0.41,'2025-07-17 20:47:55'),(135402,4,481.02,1.75,'2025-07-17 20:47:55'),(135403,5,481.01,1.19,'2025-07-17 20:47:55'),(135404,6,60.00,4.14,'2025-07-17 20:47:55'),(135405,7,60.00,4.25,'2025-07-17 20:47:55'),(135406,8,60.00,0.00,'2025-07-17 20:47:55'),(135407,9,60.00,0.00,'2025-07-17 20:47:55'),(135408,10,481.00,0.65,'2025-07-17 20:47:55'),(135409,11,480.99,1.42,'2025-07-17 20:47:55'),(135410,12,480.98,1.50,'2025-07-17 20:47:55'),(135411,13,480.44,0.56,'2025-07-17 20:47:55'),(135412,107,60.00,0.00,'2025-07-17 20:47:55'),(135413,108,60.00,0.00,'2025-07-17 20:47:55'),(135414,109,60.00,0.00,'2025-07-17 20:47:55'),(135415,110,60.00,0.00,'2025-07-17 20:47:55'),(135416,111,60.00,0.00,'2025-07-17 20:47:55'),(135417,112,60.00,0.00,'2025-07-17 20:47:55'),(135418,113,60.00,0.00,'2025-07-17 20:47:55'),(135419,1,481.30,1.95,'2025-07-17 20:49:47'),(135420,2,481.29,1.45,'2025-07-17 20:49:47'),(135421,3,481.29,1.62,'2025-07-17 20:49:47'),(135422,4,481.28,0.29,'2025-07-17 20:49:47'),(135423,5,481.27,1.97,'2025-07-17 20:49:47'),(135424,6,60.00,4.60,'2025-07-17 20:49:47'),(135425,7,60.00,4.27,'2025-07-17 20:49:47'),(135426,8,60.00,0.00,'2025-07-17 20:49:47'),(135427,9,60.00,0.00,'2025-07-17 20:49:47'),(135428,10,481.26,1.78,'2025-07-17 20:49:47'),(135429,11,481.25,1.51,'2025-07-17 20:49:47'),(135430,12,481.25,0.33,'2025-07-17 20:49:47'),(135431,13,480.70,1.19,'2025-07-17 20:49:47'),(135432,107,60.00,0.00,'2025-07-17 20:49:47'),(135433,108,60.00,0.00,'2025-07-17 20:49:47'),(135434,109,60.00,0.00,'2025-07-17 20:49:47'),(135435,110,60.00,0.00,'2025-07-17 20:49:47'),(135436,111,60.00,0.00,'2025-07-17 20:49:47'),(135437,112,60.00,0.00,'2025-07-17 20:49:47'),(135438,113,60.00,0.00,'2025-07-17 20:49:47'),(135439,1,482.21,1.10,'2025-07-17 20:56:18'),(135440,2,482.20,1.57,'2025-07-17 20:56:18'),(135441,3,482.20,0.19,'2025-07-17 20:56:18'),(135442,4,482.19,1.18,'2025-07-17 20:56:18'),(135443,5,482.18,0.92,'2025-07-17 20:56:18'),(135444,6,60.00,4.45,'2025-07-17 20:56:18'),(135445,7,60.00,4.14,'2025-07-17 20:56:18'),(135446,8,60.00,0.00,'2025-07-17 20:56:18'),(135447,9,60.00,0.00,'2025-07-17 20:56:18'),(135448,10,482.17,1.53,'2025-07-17 20:56:18'),(135449,11,482.17,1.54,'2025-07-17 20:56:18'),(135450,12,482.16,1.39,'2025-07-17 20:56:18'),(135451,13,481.61,0.84,'2025-07-17 20:56:18'),(135452,107,60.00,0.00,'2025-07-17 20:56:18'),(135453,108,60.00,0.00,'2025-07-17 20:56:18'),(135454,109,60.00,0.00,'2025-07-17 20:56:18'),(135455,110,60.00,0.00,'2025-07-17 20:56:18'),(135456,111,60.00,0.00,'2025-07-17 20:56:18'),(135457,112,60.00,0.00,'2025-07-17 20:56:18'),(135458,113,60.00,0.00,'2025-07-17 20:56:18'),(135459,1,482.44,0.55,'2025-07-17 20:57:55'),(135460,2,482.43,0.05,'2025-07-17 20:57:55'),(135461,3,482.42,1.18,'2025-07-17 20:57:55'),(135462,4,482.42,1.60,'2025-07-17 20:57:55'),(135463,5,482.41,0.28,'2025-07-17 20:57:55'),(135464,6,60.00,4.74,'2025-07-17 20:57:55'),(135465,7,60.00,4.86,'2025-07-17 20:57:55'),(135466,8,60.00,0.00,'2025-07-17 20:57:55'),(135467,9,60.00,0.00,'2025-07-17 20:57:55'),(135468,10,482.40,1.75,'2025-07-17 20:57:55'),(135469,11,482.39,1.54,'2025-07-17 20:57:55'),(135470,12,482.38,0.30,'2025-07-17 20:57:55'),(135471,13,481.84,1.38,'2025-07-17 20:57:55'),(135472,107,60.00,0.00,'2025-07-17 20:57:55'),(135473,108,60.00,0.00,'2025-07-17 20:57:55'),(135474,109,60.00,0.00,'2025-07-17 20:57:55'),(135475,110,60.00,0.00,'2025-07-17 20:57:55'),(135476,111,60.00,0.00,'2025-07-17 20:57:55'),(135477,112,60.00,0.00,'2025-07-17 20:57:55'),(135478,113,60.00,0.00,'2025-07-17 20:57:55'),(135479,1,483.61,0.47,'2025-07-17 21:06:18'),(135480,2,483.60,1.86,'2025-07-17 21:06:18'),(135481,3,483.60,0.57,'2025-07-17 21:06:18'),(135482,4,483.59,0.23,'2025-07-17 21:06:18'),(135483,5,483.58,1.30,'2025-07-17 21:06:18'),(135484,6,60.00,4.94,'2025-07-17 21:06:18'),(135485,7,60.00,4.62,'2025-07-17 21:06:18'),(135486,8,60.00,0.00,'2025-07-17 21:06:18'),(135487,9,60.00,0.00,'2025-07-17 21:06:18'),(135488,10,483.57,1.06,'2025-07-17 21:06:18'),(135489,11,483.57,1.34,'2025-07-17 21:06:18'),(135490,12,483.56,0.96,'2025-07-17 21:06:18'),(135491,13,483.01,1.38,'2025-07-17 21:06:18'),(135492,107,60.00,0.00,'2025-07-17 21:06:18'),(135493,108,60.00,0.00,'2025-07-17 21:06:18'),(135494,109,60.00,0.00,'2025-07-17 21:06:18'),(135495,110,60.00,0.00,'2025-07-17 21:06:18'),(135496,111,60.00,0.00,'2025-07-17 21:06:18'),(135497,112,60.00,0.00,'2025-07-17 21:06:18'),(135498,113,60.00,0.00,'2025-07-17 21:06:18'),(135499,1,483.84,1.83,'2025-07-17 21:07:55'),(135500,2,483.83,1.57,'2025-07-17 21:07:55'),(135501,3,483.82,1.60,'2025-07-17 21:07:55'),(135502,4,483.82,1.45,'2025-07-17 21:07:55'),(135503,5,483.81,0.64,'2025-07-17 21:07:55'),(135504,6,60.00,4.60,'2025-07-17 21:07:55'),(135505,7,60.00,4.04,'2025-07-17 21:07:55'),(135506,8,60.00,0.00,'2025-07-17 21:07:55'),(135507,9,60.00,0.00,'2025-07-17 21:07:55'),(135508,10,483.80,1.37,'2025-07-17 21:07:55'),(135509,11,483.79,0.70,'2025-07-17 21:07:55'),(135510,12,483.78,0.04,'2025-07-17 21:07:55'),(135511,13,483.24,0.84,'2025-07-17 21:07:55'),(135512,107,60.00,0.00,'2025-07-17 21:07:55'),(135513,108,60.00,0.00,'2025-07-17 21:07:55'),(135514,109,60.00,0.00,'2025-07-17 21:07:55'),(135515,110,60.00,0.00,'2025-07-17 21:07:55'),(135516,111,60.00,0.00,'2025-07-17 21:07:55'),(135517,112,60.00,0.00,'2025-07-17 21:07:55'),(135518,113,60.00,0.00,'2025-07-17 21:07:55'),(135519,1,485.01,1.61,'2025-07-17 21:16:18'),(135520,2,485.00,0.22,'2025-07-17 21:16:18'),(135521,3,485.00,1.07,'2025-07-17 21:16:18'),(135522,4,484.99,1.59,'2025-07-17 21:16:18'),(135523,5,484.98,1.54,'2025-07-17 21:16:18'),(135524,6,60.00,4.38,'2025-07-17 21:16:18'),(135525,7,60.00,4.22,'2025-07-17 21:16:18'),(135526,8,60.00,0.00,'2025-07-17 21:16:18'),(135527,9,60.00,0.00,'2025-07-17 21:16:18'),(135528,10,484.97,0.39,'2025-07-17 21:16:18'),(135529,11,484.97,0.16,'2025-07-17 21:16:18'),(135530,12,484.96,0.53,'2025-07-17 21:16:18'),(135531,13,484.41,0.02,'2025-07-17 21:16:18'),(135532,107,60.00,0.00,'2025-07-17 21:16:18'),(135533,108,60.00,0.00,'2025-07-17 21:16:18'),(135534,109,60.00,0.00,'2025-07-17 21:16:18'),(135535,110,60.00,0.00,'2025-07-17 21:16:18'),(135536,111,60.00,0.00,'2025-07-17 21:16:18'),(135537,112,60.00,0.00,'2025-07-17 21:16:18'),(135538,113,60.00,0.00,'2025-07-17 21:16:18'),(135539,1,485.24,0.15,'2025-07-17 21:17:55'),(135540,2,485.23,1.80,'2025-07-17 21:17:55'),(135541,3,485.22,1.29,'2025-07-17 21:17:55'),(135542,4,485.22,0.46,'2025-07-17 21:17:55'),(135543,5,485.21,1.10,'2025-07-17 21:17:55'),(135544,6,60.00,4.49,'2025-07-17 21:17:55'),(135545,7,60.00,4.68,'2025-07-17 21:17:55'),(135546,8,60.00,0.00,'2025-07-17 21:17:55'),(135547,9,60.00,0.00,'2025-07-17 21:17:55'),(135548,10,485.20,0.43,'2025-07-17 21:17:55'),(135549,11,485.19,1.09,'2025-07-17 21:17:55'),(135550,12,485.18,0.23,'2025-07-17 21:17:55'),(135551,13,484.64,1.49,'2025-07-17 21:17:55'),(135552,107,60.00,0.00,'2025-07-17 21:17:55'),(135553,108,60.00,0.00,'2025-07-17 21:17:55'),(135554,109,60.00,0.00,'2025-07-17 21:17:55'),(135555,110,60.00,0.00,'2025-07-17 21:17:55'),(135556,111,60.00,0.00,'2025-07-17 21:17:55'),(135557,112,60.00,0.00,'2025-07-17 21:17:55'),(135558,113,60.00,0.00,'2025-07-17 21:17:55'),(135559,1,486.41,1.35,'2025-07-17 21:26:18'),(135560,2,486.40,0.38,'2025-07-17 21:26:18'),(135561,3,486.40,1.61,'2025-07-17 21:26:18'),(135562,4,486.39,1.99,'2025-07-17 21:26:18'),(135563,5,486.38,2.00,'2025-07-17 21:26:18'),(135564,6,60.00,4.89,'2025-07-17 21:26:18'),(135565,7,60.00,4.85,'2025-07-17 21:26:18'),(135566,8,60.00,0.00,'2025-07-17 21:26:18'),(135567,9,60.00,0.00,'2025-07-17 21:26:18'),(135568,10,486.37,1.86,'2025-07-17 21:26:18'),(135569,11,486.37,1.02,'2025-07-17 21:26:18'),(135570,12,486.36,0.08,'2025-07-17 21:26:18'),(135571,13,485.81,0.73,'2025-07-17 21:26:18'),(135572,107,60.00,0.00,'2025-07-17 21:26:18'),(135573,108,60.00,0.00,'2025-07-17 21:26:18'),(135574,109,60.00,0.00,'2025-07-17 21:26:18'),(135575,110,60.00,0.00,'2025-07-17 21:26:18'),(135576,111,60.00,0.00,'2025-07-17 21:26:18'),(135577,112,60.00,0.00,'2025-07-17 21:26:18'),(135578,113,60.00,0.00,'2025-07-17 21:26:18'),(135579,1,486.64,1.82,'2025-07-17 21:27:55'),(135580,2,486.63,0.92,'2025-07-17 21:27:55'),(135581,3,486.62,1.43,'2025-07-17 21:27:55'),(135582,4,486.62,1.83,'2025-07-17 21:27:55'),(135583,5,486.61,0.27,'2025-07-17 21:27:55'),(135584,6,60.00,4.99,'2025-07-17 21:27:55'),(135585,7,60.00,4.83,'2025-07-17 21:27:55'),(135586,8,60.00,0.00,'2025-07-17 21:27:55'),(135587,9,60.00,0.00,'2025-07-17 21:27:55'),(135588,10,486.60,0.93,'2025-07-17 21:27:55'),(135589,11,486.59,0.66,'2025-07-17 21:27:55'),(135590,12,486.58,1.72,'2025-07-17 21:27:55'),(135591,13,486.04,1.99,'2025-07-17 21:27:55'),(135592,107,60.00,0.00,'2025-07-17 21:27:55'),(135593,108,60.00,0.00,'2025-07-17 21:27:55'),(135594,109,60.00,0.00,'2025-07-17 21:27:55'),(135595,110,60.00,0.00,'2025-07-17 21:27:55'),(135596,111,60.00,0.00,'2025-07-17 21:27:55'),(135597,112,60.00,0.00,'2025-07-17 21:27:55'),(135598,113,60.00,0.00,'2025-07-17 21:27:55'),(135599,1,487.29,1.76,'2025-07-17 21:32:36'),(135600,2,487.29,1.82,'2025-07-17 21:32:36'),(135601,3,487.28,0.85,'2025-07-17 21:32:36'),(135602,4,487.27,1.07,'2025-07-17 21:32:36'),(135603,5,487.26,1.46,'2025-07-17 21:32:36'),(135604,6,60.00,4.68,'2025-07-17 21:32:36'),(135605,7,60.00,4.35,'2025-07-17 21:32:36'),(135606,8,60.00,0.00,'2025-07-17 21:32:36'),(135607,9,60.00,0.00,'2025-07-17 21:32:36'),(135608,10,487.26,1.61,'2025-07-17 21:32:36'),(135609,11,487.25,1.78,'2025-07-17 21:32:36'),(135610,12,487.24,0.44,'2025-07-17 21:32:36'),(135611,13,486.70,0.49,'2025-07-17 21:32:36'),(135612,107,60.00,0.00,'2025-07-17 21:32:36'),(135613,108,60.00,0.00,'2025-07-17 21:32:36'),(135614,109,60.00,0.00,'2025-07-17 21:32:36'),(135615,110,60.00,0.00,'2025-07-17 21:32:36'),(135616,111,60.00,0.00,'2025-07-17 21:32:36'),(135617,112,60.00,0.00,'2025-07-17 21:32:36'),(135618,113,60.00,0.00,'2025-07-17 21:32:36'),(135619,1,488.04,0.18,'2025-07-17 21:37:55'),(135620,2,488.03,1.84,'2025-07-17 21:37:55'),(135621,3,488.02,1.36,'2025-07-17 21:37:55'),(135622,4,488.02,1.95,'2025-07-17 21:37:55'),(135623,5,488.01,1.08,'2025-07-17 21:37:55'),(135624,6,60.00,4.90,'2025-07-17 21:37:55'),(135625,7,60.00,4.16,'2025-07-17 21:37:55'),(135626,8,60.00,0.00,'2025-07-17 21:37:55'),(135627,9,60.00,0.00,'2025-07-17 21:37:55'),(135628,10,488.00,0.82,'2025-07-17 21:37:55'),(135629,11,487.99,1.24,'2025-07-17 21:37:55'),(135630,12,487.98,1.54,'2025-07-17 21:37:55'),(135631,13,487.44,1.73,'2025-07-17 21:37:55'),(135632,107,60.00,0.00,'2025-07-17 21:37:55'),(135633,108,60.00,0.00,'2025-07-17 21:37:55'),(135634,109,60.00,0.00,'2025-07-17 21:37:55'),(135635,110,60.00,0.00,'2025-07-17 21:37:55'),(135636,111,60.00,0.00,'2025-07-17 21:37:55'),(135637,112,60.00,0.00,'2025-07-17 21:37:55'),(135638,113,60.00,0.00,'2025-07-17 21:37:55'),(135639,1,488.69,0.57,'2025-07-17 21:42:36'),(135640,2,488.69,1.88,'2025-07-17 21:42:36'),(135641,3,488.68,0.50,'2025-07-17 21:42:36'),(135642,4,488.67,0.01,'2025-07-17 21:42:36'),(135643,5,488.66,0.05,'2025-07-17 21:42:36'),(135644,6,60.00,4.15,'2025-07-17 21:42:36'),(135645,7,60.00,4.04,'2025-07-17 21:42:36'),(135646,8,60.00,0.00,'2025-07-17 21:42:36'),(135647,9,60.00,0.00,'2025-07-17 21:42:36'),(135648,10,488.66,1.10,'2025-07-17 21:42:36'),(135649,11,488.65,0.22,'2025-07-17 21:42:36'),(135650,12,488.64,0.10,'2025-07-17 21:42:36'),(135651,13,488.10,0.27,'2025-07-17 21:42:36'),(135652,107,60.00,0.00,'2025-07-17 21:42:36'),(135653,108,60.00,0.00,'2025-07-17 21:42:36'),(135654,109,60.00,0.00,'2025-07-17 21:42:36'),(135655,110,60.00,0.00,'2025-07-17 21:42:36'),(135656,111,60.00,0.00,'2025-07-17 21:42:36'),(135657,112,60.00,0.00,'2025-07-17 21:42:36'),(135658,113,60.00,0.00,'2025-07-17 21:42:36'),(135659,1,489.44,0.17,'2025-07-17 21:47:55'),(135660,2,489.43,0.74,'2025-07-17 21:47:55'),(135661,3,489.42,0.86,'2025-07-17 21:47:55'),(135662,4,489.42,1.87,'2025-07-17 21:47:55'),(135663,5,489.41,1.88,'2025-07-17 21:47:55'),(135664,6,60.00,4.92,'2025-07-17 21:47:55'),(135665,7,60.00,4.22,'2025-07-17 21:47:55'),(135666,8,60.00,0.00,'2025-07-17 21:47:55'),(135667,9,60.00,0.00,'2025-07-17 21:47:55'),(135668,10,489.40,0.21,'2025-07-17 21:47:55'),(135669,11,489.39,1.45,'2025-07-17 21:47:55'),(135670,12,489.38,0.39,'2025-07-17 21:47:55'),(135671,13,488.84,0.45,'2025-07-17 21:47:55'),(135672,107,60.00,0.00,'2025-07-17 21:47:55'),(135673,108,60.00,0.00,'2025-07-17 21:47:55'),(135674,109,60.00,0.00,'2025-07-17 21:47:55'),(135675,110,60.00,0.00,'2025-07-17 21:47:55'),(135676,111,60.00,0.00,'2025-07-17 21:47:55'),(135677,112,60.00,0.00,'2025-07-17 21:47:55'),(135678,113,60.00,0.00,'2025-07-17 21:47:55'),(135679,114,60.00,0.00,'2025-07-17 21:47:55'),(135680,1,490.09,0.12,'2025-07-17 21:52:36'),(135681,2,490.09,0.85,'2025-07-17 21:52:36'),(135682,3,490.08,0.59,'2025-07-17 21:52:36'),(135683,4,490.07,1.84,'2025-07-17 21:52:36'),(135684,5,490.06,0.54,'2025-07-17 21:52:36'),(135685,6,60.00,4.84,'2025-07-17 21:52:36'),(135686,7,60.00,4.12,'2025-07-17 21:52:36'),(135687,8,60.00,0.00,'2025-07-17 21:52:36'),(135688,9,60.00,0.00,'2025-07-17 21:52:36'),(135689,10,490.06,0.60,'2025-07-17 21:52:36'),(135690,11,490.05,0.80,'2025-07-17 21:52:36'),(135691,12,490.04,1.22,'2025-07-17 21:52:36'),(135692,13,489.50,0.05,'2025-07-17 21:52:36'),(135693,107,60.00,0.00,'2025-07-17 21:52:36'),(135694,108,60.00,0.00,'2025-07-17 21:52:36'),(135695,109,60.00,0.00,'2025-07-17 21:52:36'),(135696,110,60.00,0.00,'2025-07-17 21:52:36'),(135697,111,60.00,0.00,'2025-07-17 21:52:36'),(135698,112,60.00,0.00,'2025-07-17 21:52:36'),(135699,113,60.00,0.00,'2025-07-17 21:52:36'),(135700,114,60.00,0.00,'2025-07-17 21:52:36'),(135701,1,490.63,1.25,'2025-07-17 21:56:27'),(135702,2,490.63,1.14,'2025-07-17 21:56:27'),(135703,3,490.62,1.33,'2025-07-17 21:56:27'),(135704,4,490.61,1.18,'2025-07-17 21:56:27'),(135705,5,490.60,1.88,'2025-07-17 21:56:27'),(135706,6,60.00,4.92,'2025-07-17 21:56:27'),(135707,7,60.00,4.93,'2025-07-17 21:56:27'),(135708,8,60.00,0.00,'2025-07-17 21:56:27'),(135709,9,60.00,0.00,'2025-07-17 21:56:27'),(135710,10,490.60,1.41,'2025-07-17 21:56:27'),(135711,11,490.59,0.74,'2025-07-17 21:56:27'),(135712,12,490.58,0.28,'2025-07-17 21:56:27'),(135713,13,490.04,0.84,'2025-07-17 21:56:27'),(135714,107,60.00,0.00,'2025-07-17 21:56:27'),(135715,108,60.00,0.00,'2025-07-17 21:56:27'),(135716,109,60.00,0.00,'2025-07-17 21:56:27'),(135717,110,60.00,0.00,'2025-07-17 21:56:27'),(135718,111,60.00,0.00,'2025-07-17 21:56:27'),(135719,112,60.00,0.00,'2025-07-17 21:56:27'),(135720,113,60.00,0.00,'2025-07-17 21:56:27'),(135721,114,60.00,0.00,'2025-07-17 21:56:27'),(135722,1,490.84,0.14,'2025-07-17 21:57:55'),(135723,2,490.83,0.19,'2025-07-17 21:57:55'),(135724,3,490.82,0.44,'2025-07-17 21:57:55'),(135725,4,490.82,0.06,'2025-07-17 21:57:55'),(135726,5,490.81,0.56,'2025-07-17 21:57:55'),(135727,6,60.00,4.58,'2025-07-17 21:57:55'),(135728,7,60.00,4.33,'2025-07-17 21:57:55'),(135729,8,60.00,0.00,'2025-07-17 21:57:55'),(135730,9,60.00,0.00,'2025-07-17 21:57:55'),(135731,10,490.80,1.81,'2025-07-17 21:57:55'),(135732,11,490.79,0.98,'2025-07-17 21:57:55'),(135733,12,490.78,0.71,'2025-07-17 21:57:55'),(135734,13,490.24,1.20,'2025-07-17 21:57:55'),(135735,107,60.00,0.00,'2025-07-17 21:57:55'),(135736,108,60.00,0.00,'2025-07-17 21:57:55'),(135737,109,60.00,0.00,'2025-07-17 21:57:55'),(135738,110,60.00,0.00,'2025-07-17 21:57:55'),(135739,111,60.00,0.00,'2025-07-17 21:57:55'),(135740,112,60.00,0.00,'2025-07-17 21:57:55'),(135741,113,60.00,0.00,'2025-07-17 21:57:55'),(135742,114,60.00,0.00,'2025-07-17 21:57:55'),(135743,1,492.03,0.61,'2025-07-17 22:06:27'),(135744,2,492.03,0.22,'2025-07-17 22:06:27'),(135745,3,492.02,0.79,'2025-07-17 22:06:27'),(135746,4,492.01,1.62,'2025-07-17 22:06:27'),(135747,5,492.00,1.12,'2025-07-17 22:06:27'),(135748,6,60.00,4.83,'2025-07-17 22:06:27'),(135749,7,60.00,4.76,'2025-07-17 22:06:27'),(135750,8,60.00,0.00,'2025-07-17 22:06:27'),(135751,9,60.00,0.00,'2025-07-17 22:06:27'),(135752,10,492.00,0.61,'2025-07-17 22:06:27'),(135753,11,491.99,1.16,'2025-07-17 22:06:27'),(135754,12,491.98,0.37,'2025-07-17 22:06:27'),(135755,13,491.44,0.69,'2025-07-17 22:06:27'),(135756,107,60.00,0.00,'2025-07-17 22:06:27'),(135757,108,60.00,0.00,'2025-07-17 22:06:27'),(135758,109,60.00,0.00,'2025-07-17 22:06:27'),(135759,110,60.00,0.00,'2025-07-17 22:06:27'),(135760,111,60.00,0.00,'2025-07-17 22:06:27'),(135761,112,60.00,0.00,'2025-07-17 22:06:27'),(135762,113,60.00,0.00,'2025-07-17 22:06:27'),(135763,114,60.00,0.00,'2025-07-17 22:06:27'),(135764,1,492.24,0.40,'2025-07-17 22:07:55'),(135765,2,492.23,0.90,'2025-07-17 22:07:55'),(135766,3,492.22,0.28,'2025-07-17 22:07:55'),(135767,4,492.22,1.71,'2025-07-17 22:07:55'),(135768,5,492.21,0.67,'2025-07-17 22:07:55'),(135769,6,60.00,4.76,'2025-07-17 22:07:55'),(135770,7,60.00,4.69,'2025-07-17 22:07:55'),(135771,8,60.00,0.00,'2025-07-17 22:07:55'),(135772,9,60.00,0.00,'2025-07-17 22:07:55'),(135773,10,492.20,0.38,'2025-07-17 22:07:55'),(135774,11,492.19,0.49,'2025-07-17 22:07:55'),(135775,12,492.18,1.84,'2025-07-17 22:07:55'),(135776,13,491.64,1.35,'2025-07-17 22:07:55'),(135777,107,60.00,0.00,'2025-07-17 22:07:55'),(135778,108,60.00,0.00,'2025-07-17 22:07:55'),(135779,109,60.00,0.00,'2025-07-17 22:07:55'),(135780,110,60.00,0.00,'2025-07-17 22:07:55'),(135781,111,60.00,0.00,'2025-07-17 22:07:55'),(135782,112,60.00,0.00,'2025-07-17 22:07:55'),(135783,113,60.00,0.00,'2025-07-17 22:07:55'),(135784,114,60.00,0.00,'2025-07-17 22:07:55'),(135785,1,493.43,1.03,'2025-07-17 22:16:27'),(135786,2,493.43,1.07,'2025-07-17 22:16:27'),(135787,3,493.42,0.91,'2025-07-17 22:16:27'),(135788,4,493.41,1.29,'2025-07-17 22:16:27'),(135789,5,493.40,0.23,'2025-07-17 22:16:27'),(135790,6,60.00,4.32,'2025-07-17 22:16:27'),(135791,7,60.00,4.94,'2025-07-17 22:16:27'),(135792,8,60.00,0.00,'2025-07-17 22:16:27'),(135793,9,60.00,0.00,'2025-07-17 22:16:27'),(135794,10,493.40,0.74,'2025-07-17 22:16:27'),(135795,11,493.39,0.32,'2025-07-17 22:16:27'),(135796,12,493.38,1.40,'2025-07-17 22:16:27'),(135797,13,492.84,1.57,'2025-07-17 22:16:27'),(135798,107,60.00,0.00,'2025-07-17 22:16:27'),(135799,108,60.00,0.00,'2025-07-17 22:16:27'),(135800,109,60.00,0.00,'2025-07-17 22:16:27'),(135801,110,60.00,0.00,'2025-07-17 22:16:27'),(135802,111,60.00,0.00,'2025-07-17 22:16:27'),(135803,112,60.00,0.00,'2025-07-17 22:16:27'),(135804,113,60.00,0.00,'2025-07-17 22:16:27'),(135805,114,60.00,0.00,'2025-07-17 22:16:27'),(135806,1,493.64,0.26,'2025-07-17 22:17:55'),(135807,2,493.63,0.17,'2025-07-17 22:17:55'),(135808,3,493.62,1.89,'2025-07-17 22:17:55'),(135809,4,493.62,0.76,'2025-07-17 22:17:55'),(135810,5,493.61,1.05,'2025-07-17 22:17:55'),(135811,6,60.00,4.84,'2025-07-17 22:17:55'),(135812,7,60.00,4.24,'2025-07-17 22:17:55'),(135813,8,60.00,0.00,'2025-07-17 22:17:55'),(135814,9,60.00,0.00,'2025-07-17 22:17:55'),(135815,10,493.60,0.86,'2025-07-17 22:17:55'),(135816,11,493.59,0.12,'2025-07-17 22:17:55'),(135817,12,493.58,0.56,'2025-07-17 22:17:55'),(135818,13,493.04,0.15,'2025-07-17 22:17:55'),(135819,107,60.00,0.00,'2025-07-17 22:17:55'),(135820,108,60.00,0.00,'2025-07-17 22:17:55'),(135821,109,60.00,0.00,'2025-07-17 22:17:55'),(135822,110,60.00,0.00,'2025-07-17 22:17:55'),(135823,111,60.00,0.00,'2025-07-17 22:17:55'),(135824,112,60.00,0.00,'2025-07-17 22:17:55'),(135825,113,60.00,0.00,'2025-07-17 22:17:55'),(135826,114,60.00,0.00,'2025-07-17 22:17:55'),(135827,1,494.83,0.51,'2025-07-17 22:26:27'),(135828,2,494.83,0.33,'2025-07-17 22:26:27'),(135829,3,494.82,1.34,'2025-07-17 22:26:27'),(135830,4,494.81,1.80,'2025-07-17 22:26:27'),(135831,5,494.80,1.72,'2025-07-17 22:26:27'),(135832,6,60.00,4.28,'2025-07-17 22:26:27'),(135833,7,60.00,4.02,'2025-07-17 22:26:27'),(135834,8,60.00,0.00,'2025-07-17 22:26:27'),(135835,9,60.00,0.00,'2025-07-17 22:26:27'),(135836,10,494.80,0.67,'2025-07-17 22:26:27'),(135837,11,494.79,0.38,'2025-07-17 22:26:27'),(135838,12,494.78,1.12,'2025-07-17 22:26:27'),(135839,13,494.24,1.93,'2025-07-17 22:26:27'),(135840,107,60.00,0.00,'2025-07-17 22:26:27'),(135841,108,60.00,0.00,'2025-07-17 22:26:27'),(135842,109,60.00,0.00,'2025-07-17 22:26:27'),(135843,110,60.00,0.00,'2025-07-17 22:26:27'),(135844,111,60.00,0.00,'2025-07-17 22:26:27'),(135845,112,60.00,0.00,'2025-07-17 22:26:27'),(135846,113,60.00,0.00,'2025-07-17 22:26:27'),(135847,114,60.00,0.00,'2025-07-17 22:26:27'),(135848,1,495.04,0.70,'2025-07-17 22:27:55'),(135849,2,495.03,1.50,'2025-07-17 22:27:55'),(135850,3,495.02,1.88,'2025-07-17 22:27:55'),(135851,4,495.02,1.31,'2025-07-17 22:27:55'),(135852,5,495.01,0.48,'2025-07-17 22:27:55'),(135853,6,60.00,4.36,'2025-07-17 22:27:55'),(135854,7,60.00,4.90,'2025-07-17 22:27:55'),(135855,8,60.00,0.00,'2025-07-17 22:27:55'),(135856,9,60.00,0.00,'2025-07-17 22:27:55'),(135857,10,495.00,1.64,'2025-07-17 22:27:55'),(135858,11,494.99,0.66,'2025-07-17 22:27:55'),(135859,12,494.98,1.54,'2025-07-17 22:27:55'),(135860,13,494.44,0.29,'2025-07-17 22:27:55'),(135861,107,60.00,0.00,'2025-07-17 22:27:55'),(135862,108,60.00,0.00,'2025-07-17 22:27:55'),(135863,109,60.00,0.00,'2025-07-17 22:27:55'),(135864,110,60.00,0.00,'2025-07-17 22:27:55'),(135865,111,60.00,0.00,'2025-07-17 22:27:55'),(135866,112,60.00,0.00,'2025-07-17 22:27:55'),(135867,113,60.00,0.00,'2025-07-17 22:27:55'),(135868,114,60.00,0.00,'2025-07-17 22:27:55'),(135869,1,496.23,1.32,'2025-07-17 22:36:27'),(135870,2,496.23,1.61,'2025-07-17 22:36:27'),(135871,3,496.22,0.96,'2025-07-17 22:36:27'),(135872,4,496.21,1.49,'2025-07-17 22:36:27'),(135873,5,496.20,1.96,'2025-07-17 22:36:27'),(135874,6,60.00,4.85,'2025-07-17 22:36:27'),(135875,7,60.00,4.76,'2025-07-17 22:36:27'),(135876,8,60.00,0.00,'2025-07-17 22:36:27'),(135877,9,60.00,0.00,'2025-07-17 22:36:27'),(135878,10,496.20,1.95,'2025-07-17 22:36:27'),(135879,11,496.19,1.96,'2025-07-17 22:36:27'),(135880,12,496.18,0.94,'2025-07-17 22:36:27'),(135881,13,495.64,1.12,'2025-07-17 22:36:27'),(135882,107,60.00,0.00,'2025-07-17 22:36:27'),(135883,108,60.00,0.00,'2025-07-17 22:36:27'),(135884,109,60.00,0.00,'2025-07-17 22:36:27'),(135885,110,60.00,0.00,'2025-07-17 22:36:27'),(135886,111,60.00,0.00,'2025-07-17 22:36:27'),(135887,112,60.00,0.00,'2025-07-17 22:36:27'),(135888,113,60.00,0.00,'2025-07-17 22:36:27'),(135889,114,60.00,0.00,'2025-07-17 22:36:27'),(135890,1,496.44,1.55,'2025-07-17 22:37:55'),(135891,2,496.43,0.13,'2025-07-17 22:37:55'),(135892,3,496.42,1.89,'2025-07-17 22:37:55'),(135893,4,496.42,1.81,'2025-07-17 22:37:55'),(135894,5,496.41,0.72,'2025-07-17 22:37:55'),(135895,6,60.00,4.53,'2025-07-17 22:37:55'),(135896,7,60.00,4.27,'2025-07-17 22:37:55'),(135897,8,60.00,0.00,'2025-07-17 22:37:55'),(135898,9,60.00,0.00,'2025-07-17 22:37:55'),(135899,10,496.40,0.81,'2025-07-17 22:37:55'),(135900,11,496.39,0.24,'2025-07-17 22:37:55'),(135901,12,496.38,1.60,'2025-07-17 22:37:55'),(135902,13,495.84,0.62,'2025-07-17 22:37:55'),(135903,107,60.00,0.00,'2025-07-17 22:37:55'),(135904,108,60.00,0.00,'2025-07-17 22:37:55'),(135905,109,60.00,0.00,'2025-07-17 22:37:55'),(135906,110,60.00,0.00,'2025-07-17 22:37:55'),(135907,111,60.00,0.00,'2025-07-17 22:37:55'),(135908,112,60.00,0.00,'2025-07-17 22:37:55'),(135909,113,60.00,0.00,'2025-07-17 22:37:55'),(135910,114,60.00,0.00,'2025-07-17 22:37:55'),(135911,1,497.63,1.53,'2025-07-17 22:46:27'),(135912,2,497.63,1.83,'2025-07-17 22:46:27'),(135913,3,497.62,1.44,'2025-07-17 22:46:27'),(135914,4,497.61,0.09,'2025-07-17 22:46:27'),(135915,5,497.60,1.87,'2025-07-17 22:46:27'),(135916,6,60.00,4.33,'2025-07-17 22:46:27'),(135917,7,60.00,4.29,'2025-07-17 22:46:27'),(135918,8,60.00,0.00,'2025-07-17 22:46:27'),(135919,9,60.00,0.00,'2025-07-17 22:46:27'),(135920,10,497.60,0.95,'2025-07-17 22:46:27'),(135921,11,497.59,0.73,'2025-07-17 22:46:27'),(135922,12,497.58,0.02,'2025-07-17 22:46:27'),(135923,13,497.04,0.34,'2025-07-17 22:46:27'),(135924,107,60.00,0.00,'2025-07-17 22:46:27'),(135925,108,60.00,0.00,'2025-07-17 22:46:27'),(135926,109,60.00,0.00,'2025-07-17 22:46:27'),(135927,110,60.00,0.00,'2025-07-17 22:46:27'),(135928,111,60.00,0.00,'2025-07-17 22:46:27'),(135929,112,60.00,0.00,'2025-07-17 22:46:27'),(135930,113,60.00,0.00,'2025-07-17 22:46:27'),(135931,114,60.00,0.00,'2025-07-17 22:46:27'),(135932,1,497.84,0.03,'2025-07-17 22:47:55'),(135933,2,497.83,1.03,'2025-07-17 22:47:55'),(135934,3,497.82,1.11,'2025-07-17 22:47:55'),(135935,4,497.82,0.40,'2025-07-17 22:47:55'),(135936,5,497.81,0.74,'2025-07-17 22:47:55'),(135937,6,60.00,4.86,'2025-07-17 22:47:55'),(135938,7,60.00,4.84,'2025-07-17 22:47:55'),(135939,8,60.00,0.00,'2025-07-17 22:47:55'),(135940,9,60.00,0.00,'2025-07-17 22:47:55'),(135941,10,497.80,2.00,'2025-07-17 22:47:55'),(135942,11,497.79,2.00,'2025-07-17 22:47:55'),(135943,12,497.78,2.00,'2025-07-17 22:47:55'),(135944,13,497.24,1.38,'2025-07-17 22:47:55'),(135945,107,60.00,0.00,'2025-07-17 22:47:55'),(135946,108,60.00,0.00,'2025-07-17 22:47:55'),(135947,109,60.00,0.00,'2025-07-17 22:47:55'),(135948,110,60.00,0.00,'2025-07-17 22:47:55'),(135949,111,60.00,0.00,'2025-07-17 22:47:55'),(135950,112,60.00,0.00,'2025-07-17 22:47:55'),(135951,113,60.00,0.00,'2025-07-17 22:47:55'),(135952,114,60.00,0.00,'2025-07-17 22:47:55'),(135953,1,499.03,1.89,'2025-07-17 22:56:27'),(135954,2,499.03,0.50,'2025-07-17 22:56:27'),(135955,3,499.02,0.34,'2025-07-17 22:56:27'),(135956,4,499.01,0.41,'2025-07-17 22:56:27'),(135957,5,499.00,1.17,'2025-07-17 22:56:27'),(135958,6,60.00,4.95,'2025-07-17 22:56:27'),(135959,7,60.00,4.44,'2025-07-17 22:56:27'),(135960,8,60.00,0.00,'2025-07-17 22:56:27'),(135961,9,60.00,0.00,'2025-07-17 22:56:27'),(135962,10,499.00,1.02,'2025-07-17 22:56:27'),(135963,11,498.99,1.95,'2025-07-17 22:56:27'),(135964,12,498.98,0.51,'2025-07-17 22:56:27'),(135965,13,498.44,1.70,'2025-07-17 22:56:27'),(135966,107,60.00,0.00,'2025-07-17 22:56:27'),(135967,108,60.00,0.00,'2025-07-17 22:56:27'),(135968,109,60.00,0.00,'2025-07-17 22:56:27'),(135969,110,60.00,0.00,'2025-07-17 22:56:27'),(135970,111,60.00,0.00,'2025-07-17 22:56:27'),(135971,112,60.00,0.00,'2025-07-17 22:56:27'),(135972,113,60.00,0.00,'2025-07-17 22:56:27'),(135973,114,60.00,0.00,'2025-07-17 22:56:27'),(135974,1,499.24,1.41,'2025-07-17 22:57:55'),(135975,2,499.23,0.53,'2025-07-17 22:57:55'),(135976,3,499.22,0.11,'2025-07-17 22:57:55'),(135977,4,499.22,0.21,'2025-07-17 22:57:55'),(135978,5,499.21,0.29,'2025-07-17 22:57:55'),(135979,6,60.00,4.72,'2025-07-17 22:57:55'),(135980,7,60.00,4.63,'2025-07-17 22:57:55'),(135981,8,60.00,0.00,'2025-07-17 22:57:55'),(135982,9,60.00,0.00,'2025-07-17 22:57:55'),(135983,10,499.20,1.06,'2025-07-17 22:57:55'),(135984,11,499.19,1.26,'2025-07-17 22:57:55'),(135985,12,499.18,0.82,'2025-07-17 22:57:55'),(135986,13,498.64,0.61,'2025-07-17 22:57:55'),(135987,107,60.00,0.00,'2025-07-17 22:57:55'),(135988,108,60.00,0.00,'2025-07-17 22:57:55'),(135989,109,60.00,0.00,'2025-07-17 22:57:55'),(135990,110,60.00,0.00,'2025-07-17 22:57:55'),(135991,111,60.00,0.00,'2025-07-17 22:57:55'),(135992,112,60.00,0.00,'2025-07-17 22:57:55'),(135993,113,60.00,0.00,'2025-07-17 22:57:55'),(135994,114,60.00,0.00,'2025-07-17 22:57:55'),(135995,1,500.43,0.64,'2025-07-17 23:06:27'),(135996,2,500.43,1.18,'2025-07-17 23:06:27'),(135997,3,500.42,1.14,'2025-07-17 23:06:27'),(135998,4,500.41,0.60,'2025-07-17 23:06:27'),(135999,5,500.40,0.24,'2025-07-17 23:06:27'),(136000,6,60.00,4.85,'2025-07-17 23:06:27'),(136001,7,60.00,4.24,'2025-07-17 23:06:27'),(136002,8,60.00,0.00,'2025-07-17 23:06:27'),(136003,9,60.00,0.00,'2025-07-17 23:06:27'),(136004,10,500.40,1.26,'2025-07-17 23:06:27'),(136005,11,500.39,0.23,'2025-07-17 23:06:27'),(136006,12,500.38,0.35,'2025-07-17 23:06:27'),(136007,13,499.84,0.04,'2025-07-17 23:06:27'),(136008,107,60.00,0.00,'2025-07-17 23:06:27'),(136009,108,60.00,0.00,'2025-07-17 23:06:27'),(136010,109,60.00,0.00,'2025-07-17 23:06:27'),(136011,110,60.00,0.00,'2025-07-17 23:06:27'),(136012,111,60.00,0.00,'2025-07-17 23:06:27'),(136013,112,60.00,0.00,'2025-07-17 23:06:27'),(136014,113,60.00,0.00,'2025-07-17 23:06:27'),(136015,114,60.00,0.00,'2025-07-17 23:06:27'),(136016,1,500.64,0.54,'2025-07-17 23:07:55'),(136017,2,500.63,1.83,'2025-07-17 23:07:55'),(136018,3,500.62,0.10,'2025-07-17 23:07:55'),(136019,4,500.62,1.16,'2025-07-17 23:07:55'),(136020,5,500.61,1.54,'2025-07-17 23:07:55'),(136021,6,60.00,4.49,'2025-07-17 23:07:55'),(136022,7,60.00,4.41,'2025-07-17 23:07:55'),(136023,8,60.00,0.00,'2025-07-17 23:07:55'),(136024,9,60.00,0.00,'2025-07-17 23:07:55'),(136025,10,500.60,0.91,'2025-07-17 23:07:55'),(136026,11,500.59,1.93,'2025-07-17 23:07:55'),(136027,12,500.58,0.12,'2025-07-17 23:07:55'),(136028,13,500.04,0.63,'2025-07-17 23:07:55'),(136029,107,60.00,0.00,'2025-07-17 23:07:55'),(136030,108,60.00,0.00,'2025-07-17 23:07:55'),(136031,109,60.00,0.00,'2025-07-17 23:07:55'),(136032,110,60.00,0.00,'2025-07-17 23:07:55'),(136033,111,60.00,0.00,'2025-07-17 23:07:55'),(136034,112,60.00,0.00,'2025-07-17 23:07:55'),(136035,113,60.00,0.00,'2025-07-17 23:07:55'),(136036,114,60.00,0.00,'2025-07-17 23:07:55'),(136037,1,501.83,1.21,'2025-07-17 23:16:27'),(136038,2,501.83,1.44,'2025-07-17 23:16:27'),(136039,3,501.82,0.70,'2025-07-17 23:16:27'),(136040,4,501.81,1.26,'2025-07-17 23:16:27'),(136041,5,501.80,1.39,'2025-07-17 23:16:27'),(136042,6,60.00,4.10,'2025-07-17 23:16:27'),(136043,7,60.00,4.88,'2025-07-17 23:16:27'),(136044,8,60.00,0.00,'2025-07-17 23:16:27'),(136045,9,60.00,0.00,'2025-07-17 23:16:27'),(136046,10,501.80,0.83,'2025-07-17 23:16:27'),(136047,11,501.79,0.04,'2025-07-17 23:16:27'),(136048,12,501.78,1.31,'2025-07-17 23:16:27'),(136049,13,501.24,1.11,'2025-07-17 23:16:27'),(136050,107,60.00,0.00,'2025-07-17 23:16:27'),(136051,108,60.00,0.00,'2025-07-17 23:16:27'),(136052,109,60.00,0.00,'2025-07-17 23:16:27'),(136053,110,60.00,0.00,'2025-07-17 23:16:27'),(136054,111,60.00,0.00,'2025-07-17 23:16:27'),(136055,112,60.00,0.00,'2025-07-17 23:16:27'),(136056,113,60.00,0.00,'2025-07-17 23:16:27'),(136057,114,60.00,0.00,'2025-07-17 23:16:27'),(136058,1,502.04,0.96,'2025-07-17 23:17:55'),(136059,2,502.03,1.79,'2025-07-17 23:17:55'),(136060,3,502.02,1.40,'2025-07-17 23:17:55'),(136061,4,502.02,1.17,'2025-07-17 23:17:55'),(136062,5,502.01,1.75,'2025-07-17 23:17:55'),(136063,6,60.00,4.38,'2025-07-17 23:17:55'),(136064,7,60.00,4.89,'2025-07-17 23:17:55'),(136065,8,60.00,0.00,'2025-07-17 23:17:55'),(136066,9,60.00,0.00,'2025-07-17 23:17:55'),(136067,10,502.00,1.80,'2025-07-17 23:17:55'),(136068,11,501.99,0.72,'2025-07-17 23:17:55'),(136069,12,501.98,1.71,'2025-07-17 23:17:55'),(136070,13,501.44,1.65,'2025-07-17 23:17:55'),(136071,107,60.00,0.00,'2025-07-17 23:17:55'),(136072,108,60.00,0.00,'2025-07-17 23:17:55'),(136073,109,60.00,0.00,'2025-07-17 23:17:55'),(136074,110,60.00,0.00,'2025-07-17 23:17:55'),(136075,111,60.00,0.00,'2025-07-17 23:17:55'),(136076,112,60.00,0.00,'2025-07-17 23:17:55'),(136077,113,60.00,0.00,'2025-07-17 23:17:55'),(136078,114,60.00,0.00,'2025-07-17 23:17:55'),(136079,1,503.23,1.20,'2025-07-17 23:26:27'),(136080,2,503.23,1.28,'2025-07-17 23:26:27'),(136081,3,503.22,1.29,'2025-07-17 23:26:27'),(136082,4,503.21,0.94,'2025-07-17 23:26:27'),(136083,5,503.20,0.72,'2025-07-17 23:26:27'),(136084,6,60.00,4.95,'2025-07-17 23:26:27'),(136085,7,60.00,4.27,'2025-07-17 23:26:27'),(136086,8,60.00,0.00,'2025-07-17 23:26:27'),(136087,9,60.00,0.00,'2025-07-17 23:26:27'),(136088,10,503.20,1.06,'2025-07-17 23:26:27'),(136089,11,503.19,1.46,'2025-07-17 23:26:27'),(136090,12,503.18,0.57,'2025-07-17 23:26:27'),(136091,13,502.64,1.12,'2025-07-17 23:26:27'),(136092,107,60.00,0.00,'2025-07-17 23:26:27'),(136093,108,60.00,0.00,'2025-07-17 23:26:27'),(136094,109,60.00,0.00,'2025-07-17 23:26:27'),(136095,110,60.00,0.00,'2025-07-17 23:26:27'),(136096,111,60.00,0.00,'2025-07-17 23:26:27'),(136097,112,60.00,0.00,'2025-07-17 23:26:27'),(136098,113,60.00,0.00,'2025-07-17 23:26:27'),(136099,114,60.00,0.00,'2025-07-17 23:26:27'),(136100,1,503.44,1.71,'2025-07-17 23:27:55'),(136101,2,503.43,0.65,'2025-07-17 23:27:55'),(136102,3,503.42,1.18,'2025-07-17 23:27:55'),(136103,4,503.42,0.23,'2025-07-17 23:27:55'),(136104,5,503.41,1.08,'2025-07-17 23:27:55'),(136105,6,60.00,4.27,'2025-07-17 23:27:55'),(136106,7,60.00,4.60,'2025-07-17 23:27:55'),(136107,8,60.00,0.00,'2025-07-17 23:27:55'),(136108,9,60.00,0.00,'2025-07-17 23:27:55'),(136109,10,503.40,1.23,'2025-07-17 23:27:55'),(136110,11,503.39,0.05,'2025-07-17 23:27:55'),(136111,12,503.38,1.17,'2025-07-17 23:27:55'),(136112,13,502.84,0.09,'2025-07-17 23:27:55'),(136113,107,60.00,0.00,'2025-07-17 23:27:55'),(136114,108,60.00,0.00,'2025-07-17 23:27:55'),(136115,109,60.00,0.00,'2025-07-17 23:27:55'),(136116,110,60.00,0.00,'2025-07-17 23:27:55'),(136117,111,60.00,0.00,'2025-07-17 23:27:55'),(136118,112,60.00,0.00,'2025-07-17 23:27:55'),(136119,113,60.00,0.00,'2025-07-17 23:27:55'),(136120,114,60.00,0.00,'2025-07-17 23:27:55'),(136121,1,505.11,0.94,'2025-07-17 23:39:50'),(136122,2,505.10,0.94,'2025-07-17 23:39:50'),(136123,3,505.09,1.93,'2025-07-17 23:39:50'),(136124,4,505.09,0.03,'2025-07-17 23:39:50'),(136125,5,505.08,1.88,'2025-07-17 23:39:50'),(136126,6,60.00,4.54,'2025-07-17 23:39:50'),(136127,7,60.00,4.63,'2025-07-17 23:39:50'),(136128,8,60.00,0.00,'2025-07-17 23:39:50'),(136129,9,60.00,0.00,'2025-07-17 23:39:50'),(136130,10,505.07,0.69,'2025-07-17 23:39:50'),(136131,11,505.06,0.63,'2025-07-17 23:39:50'),(136132,12,505.05,0.37,'2025-07-17 23:39:50'),(136133,13,504.51,0.53,'2025-07-17 23:39:50'),(136134,107,60.00,0.00,'2025-07-17 23:39:50'),(136135,108,60.00,0.00,'2025-07-17 23:39:50'),(136136,109,60.00,0.00,'2025-07-17 23:39:50'),(136137,110,60.00,0.00,'2025-07-17 23:39:50'),(136138,111,60.00,0.00,'2025-07-17 23:39:50'),(136139,112,60.00,0.00,'2025-07-17 23:39:50'),(136140,113,60.00,0.00,'2025-07-17 23:39:50'),(136141,114,60.00,0.00,'2025-07-17 23:39:50'),(136142,1,506.24,1.57,'2025-07-17 23:47:55'),(136143,2,506.23,0.66,'2025-07-17 23:47:55'),(136144,3,506.22,1.04,'2025-07-17 23:47:55'),(136145,4,506.22,0.56,'2025-07-17 23:47:55'),(136146,5,506.21,0.86,'2025-07-17 23:47:55'),(136147,6,60.00,4.81,'2025-07-17 23:47:55'),(136148,7,60.00,4.91,'2025-07-17 23:47:55'),(136149,8,60.00,0.00,'2025-07-17 23:47:55'),(136150,9,60.00,0.00,'2025-07-17 23:47:55'),(136151,10,506.20,0.55,'2025-07-17 23:47:55'),(136152,11,506.19,0.24,'2025-07-17 23:47:55'),(136153,12,506.18,1.90,'2025-07-17 23:47:55'),(136154,13,505.64,1.12,'2025-07-17 23:47:55'),(136155,107,60.00,0.00,'2025-07-17 23:47:55'),(136156,108,60.00,0.00,'2025-07-17 23:47:55'),(136157,109,60.00,0.00,'2025-07-17 23:47:55'),(136158,110,60.00,0.00,'2025-07-17 23:47:55'),(136159,111,60.00,0.00,'2025-07-17 23:47:55'),(136160,112,60.00,0.00,'2025-07-17 23:47:55'),(136161,113,60.00,0.00,'2025-07-17 23:47:55'),(136162,114,60.00,0.00,'2025-07-17 23:47:55'),(136163,1,506.51,1.39,'2025-07-17 23:49:50'),(136164,2,506.50,1.00,'2025-07-17 23:49:50'),(136165,3,506.49,1.68,'2025-07-17 23:49:50'),(136166,4,506.49,1.88,'2025-07-17 23:49:50'),(136167,5,506.48,0.55,'2025-07-17 23:49:50'),(136168,6,60.00,4.69,'2025-07-17 23:49:50'),(136169,7,60.00,4.95,'2025-07-17 23:49:50'),(136170,8,60.00,0.00,'2025-07-17 23:49:50'),(136171,9,60.00,0.00,'2025-07-17 23:49:50'),(136172,10,506.47,0.16,'2025-07-17 23:49:50'),(136173,11,506.46,0.80,'2025-07-17 23:49:50'),(136174,12,506.45,0.22,'2025-07-17 23:49:50'),(136175,13,505.91,1.60,'2025-07-17 23:49:50'),(136176,107,60.00,0.00,'2025-07-17 23:49:50'),(136177,108,60.00,0.00,'2025-07-17 23:49:50'),(136178,109,60.00,0.00,'2025-07-17 23:49:50'),(136179,110,60.00,0.00,'2025-07-17 23:49:50'),(136180,111,60.00,0.00,'2025-07-17 23:49:50'),(136181,112,60.00,0.00,'2025-07-17 23:49:50'),(136182,113,60.00,0.00,'2025-07-17 23:49:50'),(136183,114,60.00,0.00,'2025-07-17 23:49:50'),(136184,1,507.64,1.58,'2025-07-17 23:57:55'),(136185,2,507.63,1.05,'2025-07-17 23:57:55'),(136186,3,507.62,1.72,'2025-07-17 23:57:55'),(136187,4,507.62,1.86,'2025-07-17 23:57:55'),(136188,5,507.61,0.19,'2025-07-17 23:57:55'),(136189,6,60.00,4.61,'2025-07-17 23:57:55'),(136190,7,60.00,4.11,'2025-07-17 23:57:55'),(136191,8,60.00,0.00,'2025-07-17 23:57:55'),(136192,9,60.00,0.00,'2025-07-17 23:57:55'),(136193,10,507.60,1.97,'2025-07-17 23:57:55'),(136194,11,507.59,1.36,'2025-07-17 23:57:55'),(136195,12,507.58,0.13,'2025-07-17 23:57:55'),(136196,13,507.04,0.99,'2025-07-17 23:57:55'),(136197,107,60.00,0.00,'2025-07-17 23:57:55'),(136198,108,60.00,0.00,'2025-07-17 23:57:55'),(136199,109,60.00,0.00,'2025-07-17 23:57:55'),(136200,110,60.00,0.00,'2025-07-17 23:57:55'),(136201,111,60.00,0.00,'2025-07-17 23:57:55'),(136202,112,60.00,0.00,'2025-07-17 23:57:55'),(136203,113,60.00,0.00,'2025-07-17 23:57:55'),(136204,114,60.00,0.00,'2025-07-17 23:57:55'),(136205,1,507.91,1.66,'2025-07-17 23:59:50'),(136206,2,507.90,2.00,'2025-07-17 23:59:50'),(136207,3,507.89,1.56,'2025-07-17 23:59:50'),(136208,4,507.89,0.33,'2025-07-17 23:59:50'),(136209,5,507.88,1.70,'2025-07-17 23:59:50'),(136210,6,60.00,4.72,'2025-07-17 23:59:50'),(136211,7,60.00,4.50,'2025-07-17 23:59:50'),(136212,8,60.00,0.00,'2025-07-17 23:59:50'),(136213,9,60.00,0.00,'2025-07-17 23:59:50'),(136214,10,507.87,0.06,'2025-07-17 23:59:50'),(136215,11,507.86,1.15,'2025-07-17 23:59:50'),(136216,12,507.85,0.18,'2025-07-17 23:59:50'),(136217,13,507.31,0.16,'2025-07-17 23:59:50'),(136218,107,60.00,0.00,'2025-07-17 23:59:50'),(136219,108,60.00,0.00,'2025-07-17 23:59:50'),(136220,109,60.00,0.00,'2025-07-17 23:59:50'),(136221,110,60.00,0.00,'2025-07-17 23:59:50'),(136222,111,60.00,0.00,'2025-07-17 23:59:50'),(136223,112,60.00,0.00,'2025-07-17 23:59:50'),(136224,113,60.00,0.00,'2025-07-17 23:59:50'),(136225,114,60.00,0.00,'2025-07-17 23:59:50'),(136226,1,509.04,1.32,'2025-07-18 00:07:55'),(136227,2,509.03,0.15,'2025-07-18 00:07:55'),(136228,3,509.02,0.71,'2025-07-18 00:07:55'),(136229,4,509.02,1.64,'2025-07-18 00:07:55'),(136230,5,509.01,1.52,'2025-07-18 00:07:55'),(136231,6,60.00,4.31,'2025-07-18 00:07:55'),(136232,7,60.00,4.16,'2025-07-18 00:07:55'),(136233,8,60.00,0.00,'2025-07-18 00:07:55'),(136234,9,60.00,0.00,'2025-07-18 00:07:55'),(136235,10,509.00,0.07,'2025-07-18 00:07:55'),(136236,11,508.99,1.15,'2025-07-18 00:07:55'),(136237,12,508.98,0.33,'2025-07-18 00:07:55'),(136238,13,508.44,0.09,'2025-07-18 00:07:55'),(136239,107,60.00,0.00,'2025-07-18 00:07:55'),(136240,108,60.00,0.00,'2025-07-18 00:07:55'),(136241,109,60.00,0.00,'2025-07-18 00:07:55'),(136242,110,60.00,0.00,'2025-07-18 00:07:55'),(136243,111,60.00,0.00,'2025-07-18 00:07:55'),(136244,112,60.00,0.00,'2025-07-18 00:07:55'),(136245,113,60.00,0.00,'2025-07-18 00:07:55'),(136246,114,60.00,0.00,'2025-07-18 00:07:55'),(136247,1,509.31,1.67,'2025-07-18 00:09:50'),(136248,2,509.30,0.75,'2025-07-18 00:09:50'),(136249,3,509.29,1.88,'2025-07-18 00:09:50'),(136250,4,509.29,1.31,'2025-07-18 00:09:50'),(136251,5,509.28,0.09,'2025-07-18 00:09:50'),(136252,6,60.00,4.32,'2025-07-18 00:09:50'),(136253,7,60.00,4.96,'2025-07-18 00:09:50'),(136254,8,60.00,0.00,'2025-07-18 00:09:50'),(136255,9,60.00,0.00,'2025-07-18 00:09:50'),(136256,10,509.27,0.67,'2025-07-18 00:09:50'),(136257,11,509.26,1.28,'2025-07-18 00:09:50'),(136258,12,509.25,1.36,'2025-07-18 00:09:50'),(136259,13,508.71,0.07,'2025-07-18 00:09:50'),(136260,107,60.00,0.00,'2025-07-18 00:09:50'),(136261,108,60.00,0.00,'2025-07-18 00:09:50'),(136262,109,60.00,0.00,'2025-07-18 00:09:50'),(136263,110,60.00,0.00,'2025-07-18 00:09:50'),(136264,111,60.00,0.00,'2025-07-18 00:09:50'),(136265,112,60.00,0.00,'2025-07-18 00:09:50'),(136266,113,60.00,0.00,'2025-07-18 00:09:50'),(136267,114,60.00,0.00,'2025-07-18 00:09:50'),(136268,1,510.44,0.37,'2025-07-18 00:17:55'),(136269,2,510.43,0.70,'2025-07-18 00:17:55'),(136270,3,510.42,1.95,'2025-07-18 00:17:55'),(136271,4,510.42,1.11,'2025-07-18 00:17:55'),(136272,5,510.41,0.42,'2025-07-18 00:17:55'),(136273,6,60.00,4.16,'2025-07-18 00:17:55'),(136274,7,60.00,4.42,'2025-07-18 00:17:55'),(136275,8,60.00,0.00,'2025-07-18 00:17:55'),(136276,9,60.00,0.00,'2025-07-18 00:17:55'),(136277,10,510.40,0.94,'2025-07-18 00:17:55'),(136278,11,510.39,0.57,'2025-07-18 00:17:55'),(136279,12,510.38,1.23,'2025-07-18 00:17:55'),(136280,13,509.84,0.40,'2025-07-18 00:17:55'),(136281,107,60.00,0.00,'2025-07-18 00:17:55'),(136282,108,60.00,0.00,'2025-07-18 00:17:55'),(136283,109,60.00,0.00,'2025-07-18 00:17:55'),(136284,110,60.00,0.00,'2025-07-18 00:17:55'),(136285,111,60.00,0.00,'2025-07-18 00:17:55'),(136286,112,60.00,0.00,'2025-07-18 00:17:55'),(136287,113,60.00,0.00,'2025-07-18 00:17:55'),(136288,114,60.00,0.00,'2025-07-18 00:17:55'),(136289,1,510.71,0.76,'2025-07-18 00:19:50'),(136290,2,510.70,0.79,'2025-07-18 00:19:50'),(136291,3,510.69,0.77,'2025-07-18 00:19:50'),(136292,4,510.69,0.82,'2025-07-18 00:19:50'),(136293,5,510.68,0.97,'2025-07-18 00:19:50'),(136294,6,60.00,4.89,'2025-07-18 00:19:50'),(136295,7,60.00,4.51,'2025-07-18 00:19:50'),(136296,8,60.00,0.00,'2025-07-18 00:19:50'),(136297,9,60.00,0.00,'2025-07-18 00:19:50'),(136298,10,510.67,0.10,'2025-07-18 00:19:50'),(136299,11,510.66,0.55,'2025-07-18 00:19:50'),(136300,12,510.65,1.82,'2025-07-18 00:19:50'),(136301,13,510.11,0.86,'2025-07-18 00:19:50'),(136302,107,60.00,0.00,'2025-07-18 00:19:50'),(136303,108,60.00,0.00,'2025-07-18 00:19:50'),(136304,109,60.00,0.00,'2025-07-18 00:19:50'),(136305,110,60.00,0.00,'2025-07-18 00:19:50'),(136306,111,60.00,0.00,'2025-07-18 00:19:50'),(136307,112,60.00,0.00,'2025-07-18 00:19:50'),(136308,113,60.00,0.00,'2025-07-18 00:19:50'),(136309,114,60.00,0.00,'2025-07-18 00:19:50'),(136310,1,511.84,0.58,'2025-07-18 00:27:55'),(136311,2,511.83,1.75,'2025-07-18 00:27:55'),(136312,3,511.82,0.71,'2025-07-18 00:27:55'),(136313,4,511.82,0.13,'2025-07-18 00:27:55'),(136314,5,511.81,0.49,'2025-07-18 00:27:55'),(136315,6,60.00,4.36,'2025-07-18 00:27:55'),(136316,7,60.00,4.03,'2025-07-18 00:27:55'),(136317,8,60.00,0.00,'2025-07-18 00:27:55'),(136318,9,60.00,0.00,'2025-07-18 00:27:55'),(136319,10,511.80,0.83,'2025-07-18 00:27:55'),(136320,11,511.79,0.02,'2025-07-18 00:27:55'),(136321,12,511.78,1.83,'2025-07-18 00:27:55'),(136322,13,511.24,0.16,'2025-07-18 00:27:55'),(136323,107,60.00,0.00,'2025-07-18 00:27:55'),(136324,108,60.00,0.00,'2025-07-18 00:27:55'),(136325,109,60.00,0.00,'2025-07-18 00:27:55'),(136326,110,60.00,0.00,'2025-07-18 00:27:55'),(136327,111,60.00,0.00,'2025-07-18 00:27:55'),(136328,112,60.00,0.00,'2025-07-18 00:27:55'),(136329,113,60.00,0.00,'2025-07-18 00:27:55'),(136330,114,60.00,0.00,'2025-07-18 00:27:55'),(136331,1,512.11,0.71,'2025-07-18 00:29:50'),(136332,2,512.10,1.73,'2025-07-18 00:29:50'),(136333,3,512.09,1.16,'2025-07-18 00:29:50'),(136334,4,512.09,0.05,'2025-07-18 00:29:50'),(136335,5,512.08,1.56,'2025-07-18 00:29:50'),(136336,6,60.00,4.46,'2025-07-18 00:29:50'),(136337,7,60.00,4.37,'2025-07-18 00:29:50'),(136338,8,60.00,0.00,'2025-07-18 00:29:50'),(136339,9,60.00,0.00,'2025-07-18 00:29:50'),(136340,10,512.07,0.16,'2025-07-18 00:29:50'),(136341,11,512.06,1.90,'2025-07-18 00:29:50'),(136342,12,512.05,0.85,'2025-07-18 00:29:50'),(136343,13,511.51,0.85,'2025-07-18 00:29:50'),(136344,107,60.00,0.00,'2025-07-18 00:29:50'),(136345,108,60.00,0.00,'2025-07-18 00:29:50'),(136346,109,60.00,0.00,'2025-07-18 00:29:50'),(136347,110,60.00,0.00,'2025-07-18 00:29:50'),(136348,111,60.00,0.00,'2025-07-18 00:29:50'),(136349,112,60.00,0.00,'2025-07-18 00:29:50'),(136350,113,60.00,0.00,'2025-07-18 00:29:50'),(136351,114,60.00,0.00,'2025-07-18 00:29:50'),(136352,1,513.24,1.18,'2025-07-18 00:37:55'),(136353,2,513.23,1.19,'2025-07-18 00:37:55'),(136354,3,513.22,1.21,'2025-07-18 00:37:55'),(136355,4,513.22,0.85,'2025-07-18 00:37:55'),(136356,5,513.21,0.97,'2025-07-18 00:37:55'),(136357,6,60.00,4.72,'2025-07-18 00:37:55'),(136358,7,60.00,4.56,'2025-07-18 00:37:55'),(136359,8,60.00,0.00,'2025-07-18 00:37:55'),(136360,9,60.00,0.00,'2025-07-18 00:37:55'),(136361,10,513.20,0.69,'2025-07-18 00:37:55'),(136362,11,513.19,1.95,'2025-07-18 00:37:55'),(136363,12,513.18,1.28,'2025-07-18 00:37:55'),(136364,13,512.64,0.04,'2025-07-18 00:37:55'),(136365,107,60.00,0.00,'2025-07-18 00:37:55'),(136366,108,60.00,0.00,'2025-07-18 00:37:55'),(136367,109,60.00,0.00,'2025-07-18 00:37:55'),(136368,110,60.00,0.00,'2025-07-18 00:37:55'),(136369,111,60.00,0.00,'2025-07-18 00:37:55'),(136370,112,60.00,0.00,'2025-07-18 00:37:55'),(136371,113,60.00,0.00,'2025-07-18 00:37:55'),(136372,114,60.00,0.00,'2025-07-18 00:37:55'),(136373,1,513.51,1.18,'2025-07-18 00:39:50'),(136374,2,513.50,0.89,'2025-07-18 00:39:50'),(136375,3,513.49,1.10,'2025-07-18 00:39:50'),(136376,4,513.49,1.39,'2025-07-18 00:39:50'),(136377,5,513.48,1.92,'2025-07-18 00:39:50'),(136378,6,60.00,4.60,'2025-07-18 00:39:50'),(136379,7,60.00,4.14,'2025-07-18 00:39:50'),(136380,8,60.00,0.00,'2025-07-18 00:39:50'),(136381,9,60.00,0.00,'2025-07-18 00:39:50'),(136382,10,513.47,0.27,'2025-07-18 00:39:50'),(136383,11,513.46,1.56,'2025-07-18 00:39:50'),(136384,12,513.45,0.81,'2025-07-18 00:39:50'),(136385,13,512.91,0.35,'2025-07-18 00:39:50'),(136386,107,60.00,0.00,'2025-07-18 00:39:50'),(136387,108,60.00,0.00,'2025-07-18 00:39:50'),(136388,109,60.00,0.00,'2025-07-18 00:39:50'),(136389,110,60.00,0.00,'2025-07-18 00:39:50'),(136390,111,60.00,0.00,'2025-07-18 00:39:50'),(136391,112,60.00,0.00,'2025-07-18 00:39:50'),(136392,113,60.00,0.00,'2025-07-18 00:39:50'),(136393,114,60.00,0.00,'2025-07-18 00:39:50'),(136394,1,514.64,0.67,'2025-07-18 00:47:55'),(136395,2,514.63,1.37,'2025-07-18 00:47:55'),(136396,3,514.62,1.94,'2025-07-18 00:47:55'),(136397,4,514.62,0.45,'2025-07-18 00:47:55'),(136398,5,514.61,0.26,'2025-07-18 00:47:55'),(136399,6,60.00,4.65,'2025-07-18 00:47:55'),(136400,7,60.00,4.69,'2025-07-18 00:47:55'),(136401,8,60.00,0.00,'2025-07-18 00:47:55'),(136402,9,60.00,0.00,'2025-07-18 00:47:55'),(136403,10,514.60,0.53,'2025-07-18 00:47:55'),(136404,11,514.59,0.78,'2025-07-18 00:47:55'),(136405,12,514.58,1.10,'2025-07-18 00:47:55'),(136406,13,514.04,0.12,'2025-07-18 00:47:55'),(136407,107,60.00,0.00,'2025-07-18 00:47:55'),(136408,108,60.00,0.00,'2025-07-18 00:47:55'),(136409,109,60.00,0.00,'2025-07-18 00:47:55'),(136410,110,60.00,0.00,'2025-07-18 00:47:55'),(136411,111,60.00,0.00,'2025-07-18 00:47:55'),(136412,112,60.00,0.00,'2025-07-18 00:47:55'),(136413,113,60.00,0.00,'2025-07-18 00:47:55'),(136414,114,60.00,0.00,'2025-07-18 00:47:55'),(136415,1,514.91,1.78,'2025-07-18 00:49:50'),(136416,2,514.90,0.16,'2025-07-18 00:49:50'),(136417,3,514.89,1.82,'2025-07-18 00:49:50'),(136418,4,514.89,1.12,'2025-07-18 00:49:50'),(136419,5,514.88,1.79,'2025-07-18 00:49:50'),(136420,6,60.00,4.04,'2025-07-18 00:49:50'),(136421,7,60.00,4.76,'2025-07-18 00:49:50'),(136422,8,60.00,0.00,'2025-07-18 00:49:50'),(136423,9,60.00,0.00,'2025-07-18 00:49:50'),(136424,10,514.87,0.69,'2025-07-18 00:49:50'),(136425,11,514.86,0.27,'2025-07-18 00:49:50'),(136426,12,514.85,1.44,'2025-07-18 00:49:50'),(136427,13,514.31,1.05,'2025-07-18 00:49:50'),(136428,107,60.00,0.00,'2025-07-18 00:49:50'),(136429,108,60.00,0.00,'2025-07-18 00:49:50'),(136430,109,60.00,0.00,'2025-07-18 00:49:50'),(136431,110,60.00,0.00,'2025-07-18 00:49:50'),(136432,111,60.00,0.00,'2025-07-18 00:49:50'),(136433,112,60.00,0.00,'2025-07-18 00:49:50'),(136434,113,60.00,0.00,'2025-07-18 00:49:50'),(136435,114,60.00,0.00,'2025-07-18 00:49:50'),(136436,1,516.04,1.39,'2025-07-18 00:57:55'),(136437,2,516.03,1.31,'2025-07-18 00:57:55'),(136438,3,516.02,1.56,'2025-07-18 00:57:55'),(136439,4,516.02,1.11,'2025-07-18 00:57:55'),(136440,5,516.01,1.41,'2025-07-18 00:57:55'),(136441,6,60.00,4.05,'2025-07-18 00:57:55'),(136442,7,60.00,4.68,'2025-07-18 00:57:55'),(136443,8,60.00,0.00,'2025-07-18 00:57:55'),(136444,9,60.00,0.00,'2025-07-18 00:57:55'),(136445,10,516.00,0.72,'2025-07-18 00:57:55'),(136446,11,515.99,0.20,'2025-07-18 00:57:55'),(136447,12,515.98,0.54,'2025-07-18 00:57:55'),(136448,13,515.44,0.96,'2025-07-18 00:57:55'),(136449,107,60.00,0.00,'2025-07-18 00:57:55'),(136450,108,60.00,0.00,'2025-07-18 00:57:55'),(136451,109,60.00,0.00,'2025-07-18 00:57:55'),(136452,110,60.00,0.00,'2025-07-18 00:57:55'),(136453,111,60.00,0.00,'2025-07-18 00:57:55'),(136454,112,60.00,0.00,'2025-07-18 00:57:55'),(136455,113,60.00,0.00,'2025-07-18 00:57:55'),(136456,114,60.00,0.00,'2025-07-18 00:57:55'),(136457,1,516.31,1.13,'2025-07-18 00:59:50'),(136458,2,516.30,1.69,'2025-07-18 00:59:50'),(136459,3,516.29,1.78,'2025-07-18 00:59:50'),(136460,4,516.29,1.54,'2025-07-18 00:59:50'),(136461,5,516.28,1.61,'2025-07-18 00:59:50'),(136462,6,60.00,4.44,'2025-07-18 00:59:50'),(136463,7,60.00,4.98,'2025-07-18 00:59:50'),(136464,8,60.00,0.00,'2025-07-18 00:59:50'),(136465,9,60.00,0.00,'2025-07-18 00:59:50'),(136466,10,516.27,0.74,'2025-07-18 00:59:50'),(136467,11,516.26,1.41,'2025-07-18 00:59:50'),(136468,12,516.25,0.82,'2025-07-18 00:59:50'),(136469,13,515.71,0.33,'2025-07-18 00:59:50'),(136470,107,60.00,0.00,'2025-07-18 00:59:50'),(136471,108,60.00,0.00,'2025-07-18 00:59:50'),(136472,109,60.00,0.00,'2025-07-18 00:59:50'),(136473,110,60.00,0.00,'2025-07-18 00:59:50'),(136474,111,60.00,0.00,'2025-07-18 00:59:50'),(136475,112,60.00,0.00,'2025-07-18 00:59:50'),(136476,113,60.00,0.00,'2025-07-18 00:59:50'),(136477,114,60.00,0.00,'2025-07-18 00:59:50'),(136478,1,517.44,1.75,'2025-07-18 01:07:55'),(136479,2,517.43,0.18,'2025-07-18 01:07:55'),(136480,3,517.42,1.61,'2025-07-18 01:07:55'),(136481,4,517.42,1.10,'2025-07-18 01:07:55'),(136482,5,517.41,0.64,'2025-07-18 01:07:55'),(136483,6,60.00,4.52,'2025-07-18 01:07:55'),(136484,7,60.00,4.39,'2025-07-18 01:07:55'),(136485,8,60.00,0.00,'2025-07-18 01:07:55'),(136486,9,60.00,0.00,'2025-07-18 01:07:55'),(136487,10,517.40,0.31,'2025-07-18 01:07:55'),(136488,11,517.39,1.58,'2025-07-18 01:07:55'),(136489,12,517.38,1.36,'2025-07-18 01:07:55'),(136490,13,516.84,1.36,'2025-07-18 01:07:55'),(136491,107,60.00,0.00,'2025-07-18 01:07:55'),(136492,108,60.00,0.00,'2025-07-18 01:07:55'),(136493,109,60.00,0.00,'2025-07-18 01:07:55'),(136494,110,60.00,0.00,'2025-07-18 01:07:55'),(136495,111,60.00,0.00,'2025-07-18 01:07:55'),(136496,112,60.00,0.00,'2025-07-18 01:07:55'),(136497,113,60.00,0.00,'2025-07-18 01:07:55'),(136498,114,60.00,0.00,'2025-07-18 01:07:55'),(136499,1,517.71,0.44,'2025-07-18 01:09:50'),(136500,2,517.70,1.39,'2025-07-18 01:09:50'),(136501,3,517.69,0.18,'2025-07-18 01:09:50'),(136502,4,517.69,0.29,'2025-07-18 01:09:50'),(136503,5,517.68,0.06,'2025-07-18 01:09:50'),(136504,6,60.00,4.32,'2025-07-18 01:09:50'),(136505,7,60.00,4.18,'2025-07-18 01:09:50'),(136506,8,60.00,0.00,'2025-07-18 01:09:50'),(136507,9,60.00,0.00,'2025-07-18 01:09:50'),(136508,10,517.67,0.59,'2025-07-18 01:09:50'),(136509,11,517.66,1.52,'2025-07-18 01:09:50'),(136510,12,517.65,0.71,'2025-07-18 01:09:50'),(136511,13,517.11,1.15,'2025-07-18 01:09:50'),(136512,107,60.00,0.00,'2025-07-18 01:09:50'),(136513,108,60.00,0.00,'2025-07-18 01:09:50'),(136514,109,60.00,0.00,'2025-07-18 01:09:50'),(136515,110,60.00,0.00,'2025-07-18 01:09:50'),(136516,111,60.00,0.00,'2025-07-18 01:09:50'),(136517,112,60.00,0.00,'2025-07-18 01:09:50'),(136518,113,60.00,0.00,'2025-07-18 01:09:50'),(136519,114,60.00,0.00,'2025-07-18 01:09:50'),(136520,1,518.84,0.42,'2025-07-18 01:17:55'),(136521,2,518.83,1.19,'2025-07-18 01:17:55'),(136522,3,518.82,0.26,'2025-07-18 01:17:55'),(136523,4,518.82,0.50,'2025-07-18 01:17:55'),(136524,5,518.81,0.42,'2025-07-18 01:17:55'),(136525,6,60.00,4.73,'2025-07-18 01:17:55'),(136526,7,60.00,4.30,'2025-07-18 01:17:55'),(136527,8,60.00,0.00,'2025-07-18 01:17:55'),(136528,9,60.00,0.00,'2025-07-18 01:17:55'),(136529,10,518.80,0.77,'2025-07-18 01:17:55'),(136530,11,518.79,1.61,'2025-07-18 01:17:55'),(136531,12,518.78,0.67,'2025-07-18 01:17:55'),(136532,13,518.24,0.08,'2025-07-18 01:17:55'),(136533,107,60.00,0.00,'2025-07-18 01:17:55'),(136534,108,60.00,0.00,'2025-07-18 01:17:55'),(136535,109,60.00,0.00,'2025-07-18 01:17:55'),(136536,110,60.00,0.00,'2025-07-18 01:17:55'),(136537,111,60.00,0.00,'2025-07-18 01:17:55'),(136538,112,60.00,0.00,'2025-07-18 01:17:55'),(136539,113,60.00,0.00,'2025-07-18 01:17:55'),(136540,114,60.00,0.00,'2025-07-18 01:17:55'),(136541,1,519.11,0.31,'2025-07-18 01:19:50'),(136542,2,519.10,0.48,'2025-07-18 01:19:50'),(136543,3,519.09,0.70,'2025-07-18 01:19:50'),(136544,4,519.09,1.37,'2025-07-18 01:19:50'),(136545,5,519.08,1.43,'2025-07-18 01:19:50'),(136546,6,60.00,4.03,'2025-07-18 01:19:50'),(136547,7,60.00,4.20,'2025-07-18 01:19:50'),(136548,8,60.00,0.00,'2025-07-18 01:19:50'),(136549,9,60.00,0.00,'2025-07-18 01:19:50'),(136550,10,519.07,0.46,'2025-07-18 01:19:50'),(136551,11,519.06,0.93,'2025-07-18 01:19:50'),(136552,12,519.05,1.02,'2025-07-18 01:19:50'),(136553,13,518.51,1.87,'2025-07-18 01:19:50'),(136554,107,60.00,0.00,'2025-07-18 01:19:50'),(136555,108,60.00,0.00,'2025-07-18 01:19:50'),(136556,109,60.00,0.00,'2025-07-18 01:19:50'),(136557,110,60.00,0.00,'2025-07-18 01:19:50'),(136558,111,60.00,0.00,'2025-07-18 01:19:50'),(136559,112,60.00,0.00,'2025-07-18 01:19:50'),(136560,113,60.00,0.00,'2025-07-18 01:19:50'),(136561,114,60.00,0.00,'2025-07-18 01:19:50'),(136562,1,520.24,1.12,'2025-07-18 01:27:55'),(136563,2,520.23,1.92,'2025-07-18 01:27:55'),(136564,3,520.22,1.63,'2025-07-18 01:27:55'),(136565,4,520.22,0.67,'2025-07-18 01:27:55'),(136566,5,520.21,1.04,'2025-07-18 01:27:55'),(136567,6,60.00,4.31,'2025-07-18 01:27:55'),(136568,7,60.00,4.26,'2025-07-18 01:27:55'),(136569,8,60.00,0.00,'2025-07-18 01:27:55'),(136570,9,60.00,0.00,'2025-07-18 01:27:55'),(136571,10,520.20,1.07,'2025-07-18 01:27:55'),(136572,11,520.19,1.91,'2025-07-18 01:27:55'),(136573,12,520.18,1.70,'2025-07-18 01:27:55'),(136574,13,519.64,1.93,'2025-07-18 01:27:55'),(136575,107,60.00,0.00,'2025-07-18 01:27:55'),(136576,108,60.00,0.00,'2025-07-18 01:27:55'),(136577,109,60.00,0.00,'2025-07-18 01:27:55'),(136578,110,60.00,0.00,'2025-07-18 01:27:55'),(136579,111,60.00,0.00,'2025-07-18 01:27:55'),(136580,112,60.00,0.00,'2025-07-18 01:27:55'),(136581,113,60.00,0.00,'2025-07-18 01:27:55'),(136582,114,60.00,0.00,'2025-07-18 01:27:55'),(136583,1,520.51,0.54,'2025-07-18 01:29:50'),(136584,2,520.50,1.73,'2025-07-18 01:29:50'),(136585,3,520.49,0.09,'2025-07-18 01:29:50'),(136586,4,520.49,1.97,'2025-07-18 01:29:50'),(136587,5,520.48,1.02,'2025-07-18 01:29:50'),(136588,6,60.00,4.33,'2025-07-18 01:29:50'),(136589,7,60.00,4.81,'2025-07-18 01:29:50'),(136590,8,60.00,0.00,'2025-07-18 01:29:50'),(136591,9,60.00,0.00,'2025-07-18 01:29:50'),(136592,10,520.47,1.95,'2025-07-18 01:29:50'),(136593,11,520.46,0.79,'2025-07-18 01:29:50'),(136594,12,520.45,1.07,'2025-07-18 01:29:50'),(136595,13,519.91,0.49,'2025-07-18 01:29:50'),(136596,107,60.00,0.00,'2025-07-18 01:29:50'),(136597,108,60.00,0.00,'2025-07-18 01:29:50'),(136598,109,60.00,0.00,'2025-07-18 01:29:50'),(136599,110,60.00,0.00,'2025-07-18 01:29:50'),(136600,111,60.00,0.00,'2025-07-18 01:29:50'),(136601,112,60.00,0.00,'2025-07-18 01:29:50'),(136602,113,60.00,0.00,'2025-07-18 01:29:50'),(136603,114,60.00,0.00,'2025-07-18 01:29:50'),(136604,1,521.64,0.39,'2025-07-18 01:37:55'),(136605,2,521.63,1.32,'2025-07-18 01:37:55'),(136606,3,521.62,0.64,'2025-07-18 01:37:55'),(136607,4,521.62,0.62,'2025-07-18 01:37:55'),(136608,5,521.61,0.54,'2025-07-18 01:37:55'),(136609,6,60.00,4.16,'2025-07-18 01:37:55'),(136610,7,60.00,4.38,'2025-07-18 01:37:55'),(136611,8,60.00,0.00,'2025-07-18 01:37:55'),(136612,9,60.00,0.00,'2025-07-18 01:37:55'),(136613,10,521.60,1.41,'2025-07-18 01:37:55'),(136614,11,521.59,1.99,'2025-07-18 01:37:55'),(136615,12,521.58,0.46,'2025-07-18 01:37:55'),(136616,13,521.04,1.02,'2025-07-18 01:37:55'),(136617,107,60.00,0.00,'2025-07-18 01:37:55'),(136618,108,60.00,0.00,'2025-07-18 01:37:55'),(136619,109,60.00,0.00,'2025-07-18 01:37:55'),(136620,110,60.00,0.00,'2025-07-18 01:37:55'),(136621,111,60.00,0.00,'2025-07-18 01:37:55'),(136622,112,60.00,0.00,'2025-07-18 01:37:55'),(136623,113,60.00,0.00,'2025-07-18 01:37:55'),(136624,114,60.00,0.00,'2025-07-18 01:37:55'),(136625,1,521.91,0.80,'2025-07-18 01:39:50'),(136626,2,521.90,0.53,'2025-07-18 01:39:50'),(136627,3,521.89,0.98,'2025-07-18 01:39:50'),(136628,4,521.89,1.62,'2025-07-18 01:39:50'),(136629,5,521.88,0.70,'2025-07-18 01:39:50'),(136630,6,60.00,4.13,'2025-07-18 01:39:50'),(136631,7,60.00,4.12,'2025-07-18 01:39:50'),(136632,8,60.00,0.00,'2025-07-18 01:39:50'),(136633,9,60.00,0.00,'2025-07-18 01:39:50'),(136634,10,521.87,0.24,'2025-07-18 01:39:50'),(136635,11,521.86,1.85,'2025-07-18 01:39:50'),(136636,12,521.85,1.93,'2025-07-18 01:39:50'),(136637,13,521.31,1.93,'2025-07-18 01:39:50'),(136638,107,60.00,0.00,'2025-07-18 01:39:50'),(136639,108,60.00,0.00,'2025-07-18 01:39:50'),(136640,109,60.00,0.00,'2025-07-18 01:39:50'),(136641,110,60.00,0.00,'2025-07-18 01:39:50'),(136642,111,60.00,0.00,'2025-07-18 01:39:50'),(136643,112,60.00,0.00,'2025-07-18 01:39:50'),(136644,113,60.00,0.00,'2025-07-18 01:39:50'),(136645,114,60.00,0.00,'2025-07-18 01:39:50'),(136646,1,523.04,1.90,'2025-07-18 01:47:55'),(136647,2,523.03,0.51,'2025-07-18 01:47:55'),(136648,3,523.02,0.09,'2025-07-18 01:47:55'),(136649,4,523.02,0.32,'2025-07-18 01:47:55'),(136650,5,523.01,0.69,'2025-07-18 01:47:55'),(136651,6,60.00,4.90,'2025-07-18 01:47:55'),(136652,7,60.00,4.36,'2025-07-18 01:47:55'),(136653,8,60.00,0.00,'2025-07-18 01:47:55'),(136654,9,60.00,0.00,'2025-07-18 01:47:55'),(136655,10,523.00,0.87,'2025-07-18 01:47:55'),(136656,11,522.99,1.38,'2025-07-18 01:47:55'),(136657,12,522.98,1.82,'2025-07-18 01:47:55'),(136658,13,522.44,0.04,'2025-07-18 01:47:55'),(136659,107,60.00,0.00,'2025-07-18 01:47:55'),(136660,108,60.00,0.00,'2025-07-18 01:47:55'),(136661,109,60.00,0.00,'2025-07-18 01:47:55'),(136662,110,60.00,0.00,'2025-07-18 01:47:55'),(136663,111,60.00,0.00,'2025-07-18 01:47:55'),(136664,112,60.00,0.00,'2025-07-18 01:47:55'),(136665,113,60.00,0.00,'2025-07-18 01:47:55'),(136666,114,60.00,0.00,'2025-07-18 01:47:55'),(136667,1,523.31,0.07,'2025-07-18 01:49:50'),(136668,2,523.30,1.87,'2025-07-18 01:49:50'),(136669,3,523.29,0.05,'2025-07-18 01:49:50'),(136670,4,523.29,0.88,'2025-07-18 01:49:50'),(136671,5,523.28,1.21,'2025-07-18 01:49:50'),(136672,6,60.00,4.91,'2025-07-18 01:49:50'),(136673,7,60.00,4.29,'2025-07-18 01:49:50'),(136674,8,60.00,0.00,'2025-07-18 01:49:50'),(136675,9,60.00,0.00,'2025-07-18 01:49:50'),(136676,10,523.27,0.96,'2025-07-18 01:49:50'),(136677,11,523.26,1.33,'2025-07-18 01:49:50'),(136678,12,523.25,0.63,'2025-07-18 01:49:50'),(136679,13,522.71,1.01,'2025-07-18 01:49:50'),(136680,107,60.00,0.00,'2025-07-18 01:49:50'),(136681,108,60.00,0.00,'2025-07-18 01:49:50'),(136682,109,60.00,0.00,'2025-07-18 01:49:50'),(136683,110,60.00,0.00,'2025-07-18 01:49:50'),(136684,111,60.00,0.00,'2025-07-18 01:49:50'),(136685,112,60.00,0.00,'2025-07-18 01:49:50'),(136686,113,60.00,0.00,'2025-07-18 01:49:50'),(136687,114,60.00,0.00,'2025-07-18 01:49:50'),(136688,1,524.44,0.01,'2025-07-18 01:57:55'),(136689,2,524.43,0.75,'2025-07-18 01:57:55'),(136690,3,524.42,1.11,'2025-07-18 01:57:55'),(136691,4,524.42,1.80,'2025-07-18 01:57:55'),(136692,5,524.41,0.19,'2025-07-18 01:57:55'),(136693,6,60.00,4.17,'2025-07-18 01:57:55'),(136694,7,60.00,4.15,'2025-07-18 01:57:55'),(136695,8,60.00,0.00,'2025-07-18 01:57:55'),(136696,9,60.00,0.00,'2025-07-18 01:57:55'),(136697,10,524.40,0.97,'2025-07-18 01:57:55'),(136698,11,524.39,0.13,'2025-07-18 01:57:55'),(136699,12,524.38,0.08,'2025-07-18 01:57:55'),(136700,13,523.84,0.74,'2025-07-18 01:57:55'),(136701,107,60.00,0.00,'2025-07-18 01:57:55'),(136702,108,60.00,0.00,'2025-07-18 01:57:55'),(136703,109,60.00,0.00,'2025-07-18 01:57:55'),(136704,110,60.00,0.00,'2025-07-18 01:57:55'),(136705,111,60.00,0.00,'2025-07-18 01:57:55'),(136706,112,60.00,0.00,'2025-07-18 01:57:55'),(136707,113,60.00,0.00,'2025-07-18 01:57:55'),(136708,114,60.00,0.00,'2025-07-18 01:57:55'),(136709,1,524.71,0.92,'2025-07-18 01:59:50'),(136710,2,524.70,1.87,'2025-07-18 01:59:50'),(136711,3,524.69,1.90,'2025-07-18 01:59:50'),(136712,4,524.69,1.54,'2025-07-18 01:59:50'),(136713,5,524.68,1.15,'2025-07-18 01:59:50'),(136714,6,60.00,4.84,'2025-07-18 01:59:50'),(136715,7,60.00,4.49,'2025-07-18 01:59:50'),(136716,8,60.00,0.00,'2025-07-18 01:59:50'),(136717,9,60.00,0.00,'2025-07-18 01:59:50'),(136718,10,524.67,1.86,'2025-07-18 01:59:50'),(136719,11,524.66,1.82,'2025-07-18 01:59:50'),(136720,12,524.65,1.45,'2025-07-18 01:59:50'),(136721,13,524.11,1.74,'2025-07-18 01:59:50'),(136722,107,60.00,0.00,'2025-07-18 01:59:50'),(136723,108,60.00,0.00,'2025-07-18 01:59:50'),(136724,109,60.00,0.00,'2025-07-18 01:59:50'),(136725,110,60.00,0.00,'2025-07-18 01:59:50'),(136726,111,60.00,0.00,'2025-07-18 01:59:50'),(136727,112,60.00,0.00,'2025-07-18 01:59:50'),(136728,113,60.00,0.00,'2025-07-18 01:59:50'),(136729,114,60.00,0.00,'2025-07-18 01:59:50'),(136730,1,525.84,0.79,'2025-07-18 02:07:55'),(136731,2,525.83,0.14,'2025-07-18 02:07:55'),(136732,3,525.82,1.55,'2025-07-18 02:07:55'),(136733,4,525.82,1.97,'2025-07-18 02:07:55'),(136734,5,525.81,1.51,'2025-07-18 02:07:55'),(136735,6,60.00,4.70,'2025-07-18 02:07:55'),(136736,7,60.00,4.45,'2025-07-18 02:07:55'),(136737,8,60.00,0.00,'2025-07-18 02:07:55'),(136738,9,60.00,0.00,'2025-07-18 02:07:55'),(136739,10,525.80,0.57,'2025-07-18 02:07:55'),(136740,11,525.79,1.36,'2025-07-18 02:07:55'),(136741,12,525.78,1.40,'2025-07-18 02:07:55'),(136742,13,525.24,0.77,'2025-07-18 02:07:55'),(136743,107,60.00,0.00,'2025-07-18 02:07:55'),(136744,108,60.00,0.00,'2025-07-18 02:07:55'),(136745,109,60.00,0.00,'2025-07-18 02:07:55'),(136746,110,60.00,0.00,'2025-07-18 02:07:55'),(136747,111,60.00,0.00,'2025-07-18 02:07:55'),(136748,112,60.00,0.00,'2025-07-18 02:07:55'),(136749,113,60.00,0.00,'2025-07-18 02:07:55'),(136750,114,60.00,0.00,'2025-07-18 02:07:55'),(136751,1,526.11,0.81,'2025-07-18 02:09:50'),(136752,2,526.10,0.63,'2025-07-18 02:09:50'),(136753,3,526.09,0.58,'2025-07-18 02:09:50'),(136754,4,526.09,0.75,'2025-07-18 02:09:50'),(136755,5,526.08,1.40,'2025-07-18 02:09:50'),(136756,6,60.00,4.85,'2025-07-18 02:09:50'),(136757,7,60.00,4.49,'2025-07-18 02:09:50'),(136758,8,60.00,0.00,'2025-07-18 02:09:50'),(136759,9,60.00,0.00,'2025-07-18 02:09:50'),(136760,10,526.07,1.32,'2025-07-18 02:09:50'),(136761,11,526.06,1.72,'2025-07-18 02:09:50'),(136762,12,526.05,1.10,'2025-07-18 02:09:50'),(136763,13,525.51,1.12,'2025-07-18 02:09:50'),(136764,107,60.00,0.00,'2025-07-18 02:09:50'),(136765,108,60.00,0.00,'2025-07-18 02:09:50'),(136766,109,60.00,0.00,'2025-07-18 02:09:50'),(136767,110,60.00,0.00,'2025-07-18 02:09:50'),(136768,111,60.00,0.00,'2025-07-18 02:09:50'),(136769,112,60.00,0.00,'2025-07-18 02:09:50'),(136770,113,60.00,0.00,'2025-07-18 02:09:50'),(136771,114,60.00,0.00,'2025-07-18 02:09:50'),(136772,1,527.24,1.86,'2025-07-18 02:17:55'),(136773,2,527.23,0.38,'2025-07-18 02:17:55'),(136774,3,527.22,0.00,'2025-07-18 02:17:55'),(136775,4,527.22,2.00,'2025-07-18 02:17:55'),(136776,5,527.21,1.98,'2025-07-18 02:17:55'),(136777,6,60.00,4.85,'2025-07-18 02:17:55'),(136778,7,60.00,4.90,'2025-07-18 02:17:55'),(136779,8,60.00,0.00,'2025-07-18 02:17:55'),(136780,9,60.00,0.00,'2025-07-18 02:17:55'),(136781,10,527.20,1.86,'2025-07-18 02:17:55'),(136782,11,527.19,0.06,'2025-07-18 02:17:55'),(136783,12,527.18,1.53,'2025-07-18 02:17:55'),(136784,13,526.64,1.80,'2025-07-18 02:17:55'),(136785,107,60.00,0.00,'2025-07-18 02:17:55'),(136786,108,60.00,0.00,'2025-07-18 02:17:55'),(136787,109,60.00,0.00,'2025-07-18 02:17:55'),(136788,110,60.00,0.00,'2025-07-18 02:17:55'),(136789,111,60.00,0.00,'2025-07-18 02:17:55'),(136790,112,60.00,0.00,'2025-07-18 02:17:55'),(136791,113,60.00,0.00,'2025-07-18 02:17:55'),(136792,114,60.00,0.00,'2025-07-18 02:17:55'),(136793,1,527.51,0.03,'2025-07-18 02:19:50'),(136794,2,527.50,0.73,'2025-07-18 02:19:50'),(136795,3,527.49,0.71,'2025-07-18 02:19:50'),(136796,4,527.49,1.24,'2025-07-18 02:19:50'),(136797,5,527.48,0.45,'2025-07-18 02:19:50'),(136798,6,60.00,4.99,'2025-07-18 02:19:50'),(136799,7,60.00,4.06,'2025-07-18 02:19:50'),(136800,8,60.00,0.00,'2025-07-18 02:19:50'),(136801,9,60.00,0.00,'2025-07-18 02:19:50'),(136802,10,527.47,0.54,'2025-07-18 02:19:50'),(136803,11,527.46,1.79,'2025-07-18 02:19:50'),(136804,12,527.45,1.99,'2025-07-18 02:19:50'),(136805,13,526.91,1.17,'2025-07-18 02:19:50'),(136806,107,60.00,0.00,'2025-07-18 02:19:50'),(136807,108,60.00,0.00,'2025-07-18 02:19:50'),(136808,109,60.00,0.00,'2025-07-18 02:19:50'),(136809,110,60.00,0.00,'2025-07-18 02:19:50'),(136810,111,60.00,0.00,'2025-07-18 02:19:50'),(136811,112,60.00,0.00,'2025-07-18 02:19:50'),(136812,113,60.00,0.00,'2025-07-18 02:19:50'),(136813,114,60.00,0.00,'2025-07-18 02:19:50'),(136814,1,528.64,0.37,'2025-07-18 02:27:55'),(136815,2,528.63,0.95,'2025-07-18 02:27:55'),(136816,3,528.62,1.45,'2025-07-18 02:27:55'),(136817,4,528.62,0.34,'2025-07-18 02:27:55'),(136818,5,528.61,0.56,'2025-07-18 02:27:55'),(136819,6,60.00,4.58,'2025-07-18 02:27:55'),(136820,7,60.00,4.36,'2025-07-18 02:27:55'),(136821,8,60.00,0.00,'2025-07-18 02:27:55'),(136822,9,60.00,0.00,'2025-07-18 02:27:55'),(136823,10,528.60,1.89,'2025-07-18 02:27:55'),(136824,11,528.59,1.67,'2025-07-18 02:27:55'),(136825,12,528.58,0.23,'2025-07-18 02:27:55'),(136826,13,528.04,0.23,'2025-07-18 02:27:55'),(136827,107,60.00,0.00,'2025-07-18 02:27:55'),(136828,108,60.00,0.00,'2025-07-18 02:27:55'),(136829,109,60.00,0.00,'2025-07-18 02:27:55'),(136830,110,60.00,0.00,'2025-07-18 02:27:55'),(136831,111,60.00,0.00,'2025-07-18 02:27:55'),(136832,112,60.00,0.00,'2025-07-18 02:27:55'),(136833,113,60.00,0.00,'2025-07-18 02:27:55'),(136834,114,60.00,0.00,'2025-07-18 02:27:55'),(136835,1,528.91,0.34,'2025-07-18 02:29:50'),(136836,2,528.90,1.61,'2025-07-18 02:29:50'),(136837,3,528.89,0.09,'2025-07-18 02:29:50'),(136838,4,528.89,0.10,'2025-07-18 02:29:50'),(136839,5,528.88,0.70,'2025-07-18 02:29:50'),(136840,6,60.00,4.55,'2025-07-18 02:29:50'),(136841,7,60.00,4.80,'2025-07-18 02:29:50'),(136842,8,60.00,0.00,'2025-07-18 02:29:50'),(136843,9,60.00,0.00,'2025-07-18 02:29:50'),(136844,10,528.87,0.12,'2025-07-18 02:29:50'),(136845,11,528.86,0.61,'2025-07-18 02:29:50'),(136846,12,528.85,1.45,'2025-07-18 02:29:50'),(136847,13,528.31,0.30,'2025-07-18 02:29:50'),(136848,107,60.00,0.00,'2025-07-18 02:29:50'),(136849,108,60.00,0.00,'2025-07-18 02:29:50'),(136850,109,60.00,0.00,'2025-07-18 02:29:50'),(136851,110,60.00,0.00,'2025-07-18 02:29:50'),(136852,111,60.00,0.00,'2025-07-18 02:29:50'),(136853,112,60.00,0.00,'2025-07-18 02:29:50'),(136854,113,60.00,0.00,'2025-07-18 02:29:50'),(136855,114,60.00,0.00,'2025-07-18 02:29:50'),(136856,1,530.04,0.65,'2025-07-18 02:37:55'),(136857,2,530.03,0.12,'2025-07-18 02:37:55'),(136858,3,530.02,0.48,'2025-07-18 02:37:55'),(136859,4,530.02,1.71,'2025-07-18 02:37:55'),(136860,5,530.01,1.33,'2025-07-18 02:37:55'),(136861,6,60.00,4.09,'2025-07-18 02:37:55'),(136862,7,60.00,4.57,'2025-07-18 02:37:55'),(136863,8,60.00,0.00,'2025-07-18 02:37:55'),(136864,9,60.00,0.00,'2025-07-18 02:37:55'),(136865,10,530.00,1.10,'2025-07-18 02:37:55'),(136866,11,529.99,1.23,'2025-07-18 02:37:55'),(136867,12,529.98,0.78,'2025-07-18 02:37:55'),(136868,13,529.44,1.90,'2025-07-18 02:37:55'),(136869,107,60.00,0.00,'2025-07-18 02:37:55'),(136870,108,60.00,0.00,'2025-07-18 02:37:55'),(136871,109,60.00,0.00,'2025-07-18 02:37:55'),(136872,110,60.00,0.00,'2025-07-18 02:37:55'),(136873,111,60.00,0.00,'2025-07-18 02:37:55'),(136874,112,60.00,0.00,'2025-07-18 02:37:55'),(136875,113,60.00,0.00,'2025-07-18 02:37:55'),(136876,114,60.00,0.00,'2025-07-18 02:37:55'),(136877,1,530.31,1.06,'2025-07-18 02:39:50'),(136878,2,530.30,1.45,'2025-07-18 02:39:50'),(136879,3,530.29,0.74,'2025-07-18 02:39:50'),(136880,4,530.29,0.43,'2025-07-18 02:39:50'),(136881,5,530.28,1.96,'2025-07-18 02:39:50'),(136882,6,60.00,4.44,'2025-07-18 02:39:50'),(136883,7,60.00,4.71,'2025-07-18 02:39:50'),(136884,8,60.00,0.00,'2025-07-18 02:39:50'),(136885,9,60.00,0.00,'2025-07-18 02:39:50'),(136886,10,530.27,1.84,'2025-07-18 02:39:50'),(136887,11,530.26,1.84,'2025-07-18 02:39:50'),(136888,12,530.25,1.43,'2025-07-18 02:39:50'),(136889,13,529.71,0.57,'2025-07-18 02:39:50'),(136890,107,60.00,0.00,'2025-07-18 02:39:50'),(136891,108,60.00,0.00,'2025-07-18 02:39:50'),(136892,109,60.00,0.00,'2025-07-18 02:39:50'),(136893,110,60.00,0.00,'2025-07-18 02:39:50'),(136894,111,60.00,0.00,'2025-07-18 02:39:50'),(136895,112,60.00,0.00,'2025-07-18 02:39:50'),(136896,113,60.00,0.00,'2025-07-18 02:39:50'),(136897,114,60.00,0.00,'2025-07-18 02:39:50'),(136898,1,629.44,0.90,'2025-07-18 14:27:55'),(136899,2,629.43,1.96,'2025-07-18 14:27:55'),(136900,3,629.42,1.78,'2025-07-18 14:27:55'),(136901,4,629.42,1.34,'2025-07-18 14:27:55'),(136902,5,629.41,1.37,'2025-07-18 14:27:55'),(136903,6,60.00,4.47,'2025-07-18 14:27:55'),(136904,7,60.00,4.02,'2025-07-18 14:27:55'),(136905,8,60.00,0.00,'2025-07-18 14:27:55'),(136906,9,60.00,0.00,'2025-07-18 14:27:55'),(136907,10,629.40,1.85,'2025-07-18 14:27:55'),(136908,11,629.39,1.27,'2025-07-18 14:27:55'),(136909,12,629.38,1.65,'2025-07-18 14:27:55'),(136910,13,628.84,1.50,'2025-07-18 14:27:55'),(136911,107,60.00,0.00,'2025-07-18 14:27:55'),(136912,108,60.00,0.00,'2025-07-18 14:27:55'),(136913,109,60.00,0.00,'2025-07-18 14:27:55'),(136914,110,60.00,0.00,'2025-07-18 14:27:55'),(136915,111,60.00,0.00,'2025-07-18 14:27:55'),(136916,112,60.00,0.00,'2025-07-18 14:27:55'),(136917,113,60.00,0.00,'2025-07-18 14:27:55'),(136918,114,60.00,0.00,'2025-07-18 14:27:55'),(136919,1,629.71,1.66,'2025-07-18 14:29:50'),(136920,2,629.70,1.05,'2025-07-18 14:29:50'),(136921,3,629.69,0.77,'2025-07-18 14:29:50'),(136922,4,629.69,0.79,'2025-07-18 14:29:50'),(136923,5,629.68,1.62,'2025-07-18 14:29:50'),(136924,6,60.00,4.59,'2025-07-18 14:29:50'),(136925,7,60.00,4.55,'2025-07-18 14:29:50'),(136926,8,60.00,0.00,'2025-07-18 14:29:50'),(136927,9,60.00,0.00,'2025-07-18 14:29:50'),(136928,10,629.67,1.29,'2025-07-18 14:29:50'),(136929,11,629.66,0.34,'2025-07-18 14:29:50'),(136930,12,629.65,0.16,'2025-07-18 14:29:50'),(136931,13,629.11,1.53,'2025-07-18 14:29:50'),(136932,107,60.00,0.00,'2025-07-18 14:29:50'),(136933,108,60.00,0.00,'2025-07-18 14:29:50'),(136934,109,60.00,0.00,'2025-07-18 14:29:50'),(136935,110,60.00,0.00,'2025-07-18 14:29:50'),(136936,111,60.00,0.00,'2025-07-18 14:29:50'),(136937,112,60.00,0.00,'2025-07-18 14:29:50'),(136938,113,60.00,0.00,'2025-07-18 14:29:50'),(136939,114,60.00,0.00,'2025-07-18 14:29:50'),(136940,1,630.84,0.09,'2025-07-18 14:37:55'),(136941,2,630.83,1.38,'2025-07-18 14:37:55'),(136942,3,630.82,1.63,'2025-07-18 14:37:55'),(136943,4,630.82,1.83,'2025-07-18 14:37:55'),(136944,5,630.81,0.54,'2025-07-18 14:37:55'),(136945,6,60.00,4.88,'2025-07-18 14:37:55'),(136946,7,60.00,4.79,'2025-07-18 14:37:55'),(136947,8,60.00,0.00,'2025-07-18 14:37:55'),(136948,9,60.00,0.00,'2025-07-18 14:37:55'),(136949,10,630.80,1.54,'2025-07-18 14:37:55'),(136950,11,630.80,1.11,'2025-07-18 14:37:55'),(136951,12,630.79,1.29,'2025-07-18 14:37:55'),(136952,13,630.24,0.78,'2025-07-18 14:37:55'),(136953,107,60.00,0.00,'2025-07-18 14:37:55'),(136954,108,60.00,0.00,'2025-07-18 14:37:55'),(136955,109,60.00,0.00,'2025-07-18 14:37:55'),(136956,110,60.00,0.00,'2025-07-18 14:37:55'),(136957,111,60.00,0.00,'2025-07-18 14:37:55'),(136958,112,60.00,0.00,'2025-07-18 14:37:55'),(136959,113,60.00,0.00,'2025-07-18 14:37:55'),(136960,114,60.00,0.00,'2025-07-18 14:37:55'),(136961,1,631.11,0.72,'2025-07-18 14:39:50'),(136962,2,631.10,0.74,'2025-07-18 14:39:50'),(136963,3,631.09,0.93,'2025-07-18 14:39:50'),(136964,4,631.09,1.42,'2025-07-18 14:39:50'),(136965,5,631.08,1.81,'2025-07-18 14:39:50'),(136966,6,60.00,4.73,'2025-07-18 14:39:50'),(136967,7,60.00,4.80,'2025-07-18 14:39:50'),(136968,8,60.00,0.00,'2025-07-18 14:39:50'),(136969,9,60.00,0.00,'2025-07-18 14:39:50'),(136970,10,631.07,1.96,'2025-07-18 14:39:50'),(136971,11,631.06,1.26,'2025-07-18 14:39:50'),(136972,12,631.05,1.10,'2025-07-18 14:39:50'),(136973,13,630.51,0.84,'2025-07-18 14:39:50'),(136974,107,60.00,0.00,'2025-07-18 14:39:50'),(136975,108,60.00,0.00,'2025-07-18 14:39:50'),(136976,109,60.00,0.00,'2025-07-18 14:39:50'),(136977,110,60.00,0.00,'2025-07-18 14:39:50'),(136978,111,60.00,0.00,'2025-07-18 14:39:50'),(136979,112,60.00,0.00,'2025-07-18 14:39:50'),(136980,113,60.00,0.00,'2025-07-18 14:39:50'),(136981,114,60.00,0.00,'2025-07-18 14:39:50'),(136982,1,632.24,0.83,'2025-07-18 14:47:55'),(136983,2,632.23,1.58,'2025-07-18 14:47:55'),(136984,3,632.22,0.78,'2025-07-18 14:47:55'),(136985,4,632.22,1.77,'2025-07-18 14:47:55'),(136986,5,632.21,0.66,'2025-07-18 14:47:55'),(136987,6,60.00,4.41,'2025-07-18 14:47:55'),(136988,7,60.00,4.95,'2025-07-18 14:47:55'),(136989,8,60.00,0.00,'2025-07-18 14:47:55'),(136990,9,60.00,0.00,'2025-07-18 14:47:55'),(136991,10,632.20,0.82,'2025-07-18 14:47:55'),(136992,11,632.19,1.37,'2025-07-18 14:47:55'),(136993,12,632.18,0.91,'2025-07-18 14:47:55'),(136994,13,631.64,1.28,'2025-07-18 14:47:55'),(136995,107,60.00,0.00,'2025-07-18 14:47:55'),(136996,108,60.00,0.00,'2025-07-18 14:47:55'),(136997,109,60.00,0.00,'2025-07-18 14:47:55'),(136998,110,60.00,0.00,'2025-07-18 14:47:55'),(136999,111,60.00,0.00,'2025-07-18 14:47:55'),(137000,112,60.00,0.00,'2025-07-18 14:47:55'),(137001,113,60.00,0.00,'2025-07-18 14:47:55'),(137002,114,60.00,0.00,'2025-07-18 14:47:55'),(137003,1,632.51,0.37,'2025-07-18 14:49:50'),(137004,2,632.50,1.68,'2025-07-18 14:49:50'),(137005,3,632.49,1.00,'2025-07-18 14:49:50'),(137006,4,632.49,0.52,'2025-07-18 14:49:50'),(137007,5,632.48,1.30,'2025-07-18 14:49:50'),(137008,6,60.00,4.00,'2025-07-18 14:49:50'),(137009,7,60.00,4.34,'2025-07-18 14:49:50'),(137010,8,60.00,0.00,'2025-07-18 14:49:50'),(137011,9,60.00,0.00,'2025-07-18 14:49:50'),(137012,10,632.47,1.59,'2025-07-18 14:49:50'),(137013,11,632.46,0.95,'2025-07-18 14:49:50'),(137014,12,632.45,1.28,'2025-07-18 14:49:50'),(137015,13,631.91,0.16,'2025-07-18 14:49:50'),(137016,107,60.00,0.00,'2025-07-18 14:49:50'),(137017,108,60.00,0.00,'2025-07-18 14:49:50'),(137018,109,60.00,0.00,'2025-07-18 14:49:50'),(137019,110,60.00,0.00,'2025-07-18 14:49:50'),(137020,111,60.00,0.00,'2025-07-18 14:49:50'),(137021,112,60.00,0.00,'2025-07-18 14:49:50'),(137022,113,60.00,0.00,'2025-07-18 14:49:50'),(137023,114,60.00,0.00,'2025-07-18 14:49:50'),(137024,1,633.64,1.81,'2025-07-18 14:57:55'),(137025,2,633.63,1.36,'2025-07-18 14:57:55'),(137026,3,633.62,1.66,'2025-07-18 14:57:55'),(137027,4,633.62,1.69,'2025-07-18 14:57:55'),(137028,5,633.61,0.03,'2025-07-18 14:57:55'),(137029,6,60.00,4.37,'2025-07-18 14:57:55'),(137030,7,60.00,4.82,'2025-07-18 14:57:55'),(137031,8,60.00,0.00,'2025-07-18 14:57:55'),(137032,9,60.00,0.00,'2025-07-18 14:57:55'),(137033,10,633.60,0.87,'2025-07-18 14:57:55'),(137034,11,633.59,1.07,'2025-07-18 14:57:55'),(137035,12,633.58,0.26,'2025-07-18 14:57:55'),(137036,13,633.04,0.81,'2025-07-18 14:57:55'),(137037,107,60.00,0.00,'2025-07-18 14:57:55'),(137038,108,60.00,0.00,'2025-07-18 14:57:55'),(137039,109,60.00,0.00,'2025-07-18 14:57:55'),(137040,110,60.00,0.00,'2025-07-18 14:57:55'),(137041,111,60.00,0.00,'2025-07-18 14:57:55'),(137042,112,60.00,0.00,'2025-07-18 14:57:55'),(137043,113,60.00,0.00,'2025-07-18 14:57:55'),(137044,114,60.00,0.00,'2025-07-18 14:57:55'),(137045,1,633.91,1.86,'2025-07-18 14:59:50'),(137046,2,633.90,1.52,'2025-07-18 14:59:50'),(137047,3,633.89,0.42,'2025-07-18 14:59:50'),(137048,4,633.89,1.88,'2025-07-18 14:59:50'),(137049,5,633.88,0.70,'2025-07-18 14:59:50'),(137050,6,60.00,4.28,'2025-07-18 14:59:50'),(137051,7,60.00,4.46,'2025-07-18 14:59:50'),(137052,8,60.00,0.00,'2025-07-18 14:59:50'),(137053,9,60.00,0.00,'2025-07-18 14:59:50'),(137054,10,633.87,1.02,'2025-07-18 14:59:50'),(137055,11,633.86,0.98,'2025-07-18 14:59:50'),(137056,12,633.85,0.92,'2025-07-18 14:59:50'),(137057,13,633.31,0.01,'2025-07-18 14:59:50'),(137058,107,60.00,0.00,'2025-07-18 14:59:50'),(137059,108,60.00,0.00,'2025-07-18 14:59:50'),(137060,109,60.00,0.00,'2025-07-18 14:59:50'),(137061,110,60.00,0.00,'2025-07-18 14:59:50'),(137062,111,60.00,0.00,'2025-07-18 14:59:50'),(137063,112,60.00,0.00,'2025-07-18 14:59:50'),(137064,113,60.00,0.00,'2025-07-18 14:59:50'),(137065,114,60.00,0.00,'2025-07-18 14:59:50'),(137066,1,635.04,1.77,'2025-07-18 15:07:55'),(137067,2,635.03,0.38,'2025-07-18 15:07:55'),(137068,3,635.02,0.10,'2025-07-18 15:07:55'),(137069,4,635.02,0.62,'2025-07-18 15:07:55'),(137070,5,635.01,1.21,'2025-07-18 15:07:55'),(137071,6,60.00,4.77,'2025-07-18 15:07:55'),(137072,7,60.00,4.31,'2025-07-18 15:07:55'),(137073,8,60.00,0.00,'2025-07-18 15:07:55'),(137074,9,60.00,0.00,'2025-07-18 15:07:55'),(137075,10,635.00,0.91,'2025-07-18 15:07:55'),(137076,11,634.99,1.93,'2025-07-18 15:07:55'),(137077,12,634.98,1.77,'2025-07-18 15:07:55'),(137078,13,634.44,0.57,'2025-07-18 15:07:55'),(137079,107,60.00,0.00,'2025-07-18 15:07:55'),(137080,108,60.00,0.00,'2025-07-18 15:07:55'),(137081,109,60.00,0.00,'2025-07-18 15:07:55'),(137082,110,60.00,0.00,'2025-07-18 15:07:55'),(137083,111,60.00,0.00,'2025-07-18 15:07:55'),(137084,112,60.00,0.00,'2025-07-18 15:07:55'),(137085,113,60.00,0.00,'2025-07-18 15:07:55'),(137086,114,60.00,0.00,'2025-07-18 15:07:55'),(137087,1,635.31,0.06,'2025-07-18 15:09:50'),(137088,2,635.30,1.14,'2025-07-18 15:09:50'),(137089,3,635.29,1.65,'2025-07-18 15:09:50'),(137090,4,635.29,1.83,'2025-07-18 15:09:50'),(137091,5,635.28,1.40,'2025-07-18 15:09:50'),(137092,6,60.00,4.33,'2025-07-18 15:09:50'),(137093,7,60.00,4.40,'2025-07-18 15:09:50'),(137094,8,60.00,0.00,'2025-07-18 15:09:50'),(137095,9,60.00,0.00,'2025-07-18 15:09:50'),(137096,10,635.27,1.12,'2025-07-18 15:09:50'),(137097,11,635.26,1.92,'2025-07-18 15:09:50'),(137098,12,635.25,1.64,'2025-07-18 15:09:50'),(137099,13,634.71,1.10,'2025-07-18 15:09:50'),(137100,107,60.00,0.00,'2025-07-18 15:09:50'),(137101,108,60.00,0.00,'2025-07-18 15:09:50'),(137102,109,60.00,0.00,'2025-07-18 15:09:50'),(137103,110,60.00,0.00,'2025-07-18 15:09:50'),(137104,111,60.00,0.00,'2025-07-18 15:09:50'),(137105,112,60.00,0.00,'2025-07-18 15:09:50'),(137106,113,60.00,0.00,'2025-07-18 15:09:50'),(137107,114,60.00,0.00,'2025-07-18 15:09:50'),(137108,1,636.44,1.32,'2025-07-18 15:17:55'),(137109,2,636.43,0.23,'2025-07-18 15:17:55'),(137110,3,636.42,1.64,'2025-07-18 15:17:55'),(137111,4,636.42,0.12,'2025-07-18 15:17:55'),(137112,5,636.41,0.24,'2025-07-18 15:17:55'),(137113,6,60.00,4.82,'2025-07-18 15:17:55'),(137114,7,60.00,4.18,'2025-07-18 15:17:55'),(137115,8,60.00,0.00,'2025-07-18 15:17:55'),(137116,9,60.00,0.00,'2025-07-18 15:17:55'),(137117,10,636.40,1.49,'2025-07-18 15:17:55'),(137118,11,636.39,1.22,'2025-07-18 15:17:55'),(137119,12,636.38,1.88,'2025-07-18 15:17:55'),(137120,13,635.84,1.78,'2025-07-18 15:17:55'),(137121,107,60.00,0.00,'2025-07-18 15:17:55'),(137122,108,60.00,0.00,'2025-07-18 15:17:55'),(137123,109,60.00,0.00,'2025-07-18 15:17:55'),(137124,110,60.00,0.00,'2025-07-18 15:17:55'),(137125,111,60.00,0.00,'2025-07-18 15:17:55'),(137126,112,60.00,0.00,'2025-07-18 15:17:55'),(137127,113,60.00,0.00,'2025-07-18 15:17:55'),(137128,114,60.00,0.00,'2025-07-18 15:17:55'),(137129,1,636.71,0.10,'2025-07-18 15:19:50'),(137130,2,636.70,1.93,'2025-07-18 15:19:50'),(137131,3,636.69,0.95,'2025-07-18 15:19:50'),(137132,4,636.69,0.69,'2025-07-18 15:19:50'),(137133,5,636.68,0.48,'2025-07-18 15:19:50'),(137134,6,60.00,4.98,'2025-07-18 15:19:50'),(137135,7,60.00,4.48,'2025-07-18 15:19:50'),(137136,8,60.00,0.00,'2025-07-18 15:19:50'),(137137,9,60.00,0.00,'2025-07-18 15:19:50'),(137138,10,636.67,1.04,'2025-07-18 15:19:50'),(137139,11,636.66,1.85,'2025-07-18 15:19:50'),(137140,12,636.65,0.51,'2025-07-18 15:19:50'),(137141,13,636.11,0.70,'2025-07-18 15:19:50'),(137142,107,60.00,0.00,'2025-07-18 15:19:50'),(137143,108,60.00,0.00,'2025-07-18 15:19:50'),(137144,109,60.00,0.00,'2025-07-18 15:19:50'),(137145,110,60.00,0.00,'2025-07-18 15:19:50'),(137146,111,60.00,0.00,'2025-07-18 15:19:50'),(137147,112,60.00,0.00,'2025-07-18 15:19:50'),(137148,113,60.00,0.00,'2025-07-18 15:19:50'),(137149,114,60.00,0.00,'2025-07-18 15:19:50'),(137150,1,637.84,0.39,'2025-07-18 15:27:55'),(137151,2,637.83,1.70,'2025-07-18 15:27:55'),(137152,3,637.82,1.24,'2025-07-18 15:27:55'),(137153,4,637.82,1.85,'2025-07-18 15:27:55'),(137154,5,637.81,1.70,'2025-07-18 15:27:55'),(137155,6,60.00,4.69,'2025-07-18 15:27:55'),(137156,7,60.00,4.75,'2025-07-18 15:27:55'),(137157,8,60.00,0.00,'2025-07-18 15:27:55'),(137158,9,60.00,0.00,'2025-07-18 15:27:55'),(137159,10,637.80,0.76,'2025-07-18 15:27:55'),(137160,11,637.79,1.96,'2025-07-18 15:27:55'),(137161,12,637.78,0.18,'2025-07-18 15:27:55'),(137162,13,637.24,1.11,'2025-07-18 15:27:55'),(137163,107,60.00,0.00,'2025-07-18 15:27:55'),(137164,108,60.00,0.00,'2025-07-18 15:27:55'),(137165,109,60.00,0.00,'2025-07-18 15:27:55'),(137166,110,60.00,0.00,'2025-07-18 15:27:55'),(137167,111,60.00,0.00,'2025-07-18 15:27:55'),(137168,112,60.00,0.00,'2025-07-18 15:27:55'),(137169,113,60.00,0.00,'2025-07-18 15:27:55'),(137170,114,60.00,0.00,'2025-07-18 15:27:55'),(137171,1,638.11,0.72,'2025-07-18 15:29:50'),(137172,2,638.10,1.63,'2025-07-18 15:29:50'),(137173,3,638.09,1.80,'2025-07-18 15:29:50'),(137174,4,638.09,1.05,'2025-07-18 15:29:50'),(137175,5,638.08,0.04,'2025-07-18 15:29:50'),(137176,6,60.00,4.73,'2025-07-18 15:29:50'),(137177,7,60.00,4.96,'2025-07-18 15:29:50'),(137178,8,60.00,0.00,'2025-07-18 15:29:50'),(137179,9,60.00,0.00,'2025-07-18 15:29:50'),(137180,10,638.07,1.82,'2025-07-18 15:29:50'),(137181,11,638.06,0.64,'2025-07-18 15:29:50'),(137182,12,638.05,1.27,'2025-07-18 15:29:50'),(137183,13,637.51,1.92,'2025-07-18 15:29:50'),(137184,107,60.00,0.00,'2025-07-18 15:29:50'),(137185,108,60.00,0.00,'2025-07-18 15:29:50'),(137186,109,60.00,0.00,'2025-07-18 15:29:50'),(137187,110,60.00,0.00,'2025-07-18 15:29:50'),(137188,111,60.00,0.00,'2025-07-18 15:29:50'),(137189,112,60.00,0.00,'2025-07-18 15:29:50'),(137190,113,60.00,0.00,'2025-07-18 15:29:50'),(137191,114,60.00,0.00,'2025-07-18 15:29:50'),(137192,1,638.71,1.97,'2025-07-18 15:34:08'),(137193,2,638.70,1.64,'2025-07-18 15:34:08'),(137194,3,638.69,1.47,'2025-07-18 15:34:08'),(137195,4,638.69,1.76,'2025-07-18 15:34:08'),(137196,5,638.68,1.00,'2025-07-18 15:34:08'),(137197,6,60.00,4.92,'2025-07-18 15:34:08'),(137198,7,60.00,4.20,'2025-07-18 15:34:08'),(137199,8,60.00,0.00,'2025-07-18 15:34:08'),(137200,9,60.00,0.00,'2025-07-18 15:34:08'),(137201,10,638.67,1.58,'2025-07-18 15:34:08'),(137202,11,638.66,0.13,'2025-07-18 15:34:08'),(137203,12,638.65,1.67,'2025-07-18 15:34:08'),(137204,13,638.11,1.86,'2025-07-18 15:34:08'),(137205,107,60.00,0.00,'2025-07-18 15:34:08'),(137206,108,60.00,0.00,'2025-07-18 15:34:08'),(137207,109,60.00,0.00,'2025-07-18 15:34:08'),(137208,110,60.00,0.00,'2025-07-18 15:34:08'),(137209,111,60.00,0.00,'2025-07-18 15:34:08'),(137210,112,60.00,0.00,'2025-07-18 15:34:08'),(137211,113,60.00,0.00,'2025-07-18 15:34:08'),(137212,114,60.00,0.00,'2025-07-18 15:34:08'),(137213,1,638.71,1.24,'2025-07-18 15:34:09'),(137214,2,638.70,0.40,'2025-07-18 15:34:09'),(137215,3,638.70,1.27,'2025-07-18 15:34:09'),(137216,4,638.69,0.59,'2025-07-18 15:34:09'),(137217,5,638.68,0.37,'2025-07-18 15:34:09'),(137218,6,60.00,4.36,'2025-07-18 15:34:09'),(137219,7,60.00,4.47,'2025-07-18 15:34:09'),(137220,8,60.00,0.00,'2025-07-18 15:34:09'),(137221,9,60.00,0.00,'2025-07-18 15:34:09'),(137222,10,638.67,1.98,'2025-07-18 15:34:09'),(137223,11,638.66,0.04,'2025-07-18 15:34:09'),(137224,12,638.66,1.44,'2025-07-18 15:34:09'),(137225,13,638.11,0.32,'2025-07-18 15:34:09'),(137226,107,60.00,0.00,'2025-07-18 15:34:09'),(137227,108,60.00,0.00,'2025-07-18 15:34:09'),(137228,109,60.00,0.00,'2025-07-18 15:34:09'),(137229,110,60.00,0.00,'2025-07-18 15:34:09'),(137230,111,60.00,0.00,'2025-07-18 15:34:09'),(137231,112,60.00,0.00,'2025-07-18 15:34:09'),(137232,113,60.00,0.00,'2025-07-18 15:34:09'),(137233,114,60.00,0.00,'2025-07-18 15:34:09'),(137234,1,640.11,0.19,'2025-07-18 15:44:08'),(137235,2,640.10,0.39,'2025-07-18 15:44:08'),(137236,3,640.09,0.16,'2025-07-18 15:44:08'),(137237,4,640.09,0.28,'2025-07-18 15:44:08'),(137238,5,640.08,1.41,'2025-07-18 15:44:08'),(137239,6,60.00,4.31,'2025-07-18 15:44:08'),(137240,7,60.00,4.71,'2025-07-18 15:44:08'),(137241,8,60.00,0.00,'2025-07-18 15:44:08'),(137242,9,60.00,0.00,'2025-07-18 15:44:08'),(137243,10,640.07,1.31,'2025-07-18 15:44:08'),(137244,11,640.06,1.22,'2025-07-18 15:44:08'),(137245,12,640.05,0.35,'2025-07-18 15:44:08'),(137246,13,639.51,0.31,'2025-07-18 15:44:08'),(137247,107,60.00,0.00,'2025-07-18 15:44:08'),(137248,108,60.00,0.00,'2025-07-18 15:44:08'),(137249,109,60.00,0.00,'2025-07-18 15:44:08'),(137250,110,60.00,0.00,'2025-07-18 15:44:08'),(137251,111,60.00,0.00,'2025-07-18 15:44:08'),(137252,112,60.00,0.00,'2025-07-18 15:44:08'),(137253,113,60.00,0.00,'2025-07-18 15:44:08'),(137254,114,60.00,0.00,'2025-07-18 15:44:08'),(137255,1,640.11,0.46,'2025-07-18 15:44:09'),(137256,2,640.10,0.11,'2025-07-18 15:44:09'),(137257,3,640.10,1.87,'2025-07-18 15:44:09'),(137258,4,640.09,0.12,'2025-07-18 15:44:09'),(137259,5,640.08,1.93,'2025-07-18 15:44:09'),(137260,6,60.00,4.07,'2025-07-18 15:44:09'),(137261,7,60.00,4.54,'2025-07-18 15:44:09'),(137262,8,60.00,0.00,'2025-07-18 15:44:09'),(137263,9,60.00,0.00,'2025-07-18 15:44:09'),(137264,10,640.07,1.79,'2025-07-18 15:44:09'),(137265,11,640.06,1.32,'2025-07-18 15:44:09'),(137266,12,640.06,1.42,'2025-07-18 15:44:09'),(137267,13,639.51,1.83,'2025-07-18 15:44:09'),(137268,107,60.00,0.00,'2025-07-18 15:44:09'),(137269,108,60.00,0.00,'2025-07-18 15:44:09'),(137270,109,60.00,0.00,'2025-07-18 15:44:09'),(137271,110,60.00,0.00,'2025-07-18 15:44:09'),(137272,111,60.00,0.00,'2025-07-18 15:44:09'),(137273,112,60.00,0.00,'2025-07-18 15:44:09'),(137274,113,60.00,0.00,'2025-07-18 15:44:09'),(137275,114,60.00,0.00,'2025-07-18 15:44:09'),(137276,1,641.51,0.99,'2025-07-18 15:54:08'),(137277,2,641.50,1.17,'2025-07-18 15:54:08'),(137278,3,641.49,0.81,'2025-07-18 15:54:08'),(137279,4,641.49,0.36,'2025-07-18 15:54:08'),(137280,5,641.48,0.02,'2025-07-18 15:54:08'),(137281,6,60.00,4.77,'2025-07-18 15:54:08'),(137282,7,60.00,4.50,'2025-07-18 15:54:08'),(137283,8,60.00,0.00,'2025-07-18 15:54:08'),(137284,9,60.00,0.00,'2025-07-18 15:54:08'),(137285,10,641.47,1.33,'2025-07-18 15:54:08'),(137286,11,641.46,0.37,'2025-07-18 15:54:08'),(137287,12,641.45,0.59,'2025-07-18 15:54:08'),(137288,13,640.91,1.98,'2025-07-18 15:54:08'),(137289,107,60.00,0.00,'2025-07-18 15:54:08'),(137290,108,60.00,0.00,'2025-07-18 15:54:08'),(137291,109,60.00,0.00,'2025-07-18 15:54:08'),(137292,110,60.00,0.00,'2025-07-18 15:54:08'),(137293,111,60.00,0.00,'2025-07-18 15:54:08'),(137294,112,60.00,0.00,'2025-07-18 15:54:08'),(137295,113,60.00,0.00,'2025-07-18 15:54:08'),(137296,114,60.00,0.00,'2025-07-18 15:54:08'),(137297,1,641.51,0.04,'2025-07-18 15:54:09'),(137298,2,641.50,1.54,'2025-07-18 15:54:09'),(137299,3,641.50,0.00,'2025-07-18 15:54:09'),(137300,4,641.49,0.06,'2025-07-18 15:54:09'),(137301,5,641.48,0.74,'2025-07-18 15:54:09'),(137302,6,60.00,4.66,'2025-07-18 15:54:09'),(137303,7,60.00,4.73,'2025-07-18 15:54:09'),(137304,8,60.00,0.00,'2025-07-18 15:54:09'),(137305,9,60.00,0.00,'2025-07-18 15:54:09'),(137306,10,641.47,0.11,'2025-07-18 15:54:09'),(137307,11,641.46,1.73,'2025-07-18 15:54:09'),(137308,12,641.46,1.09,'2025-07-18 15:54:09'),(137309,13,640.91,0.77,'2025-07-18 15:54:09'),(137310,107,60.00,0.00,'2025-07-18 15:54:09'),(137311,108,60.00,0.00,'2025-07-18 15:54:09'),(137312,109,60.00,0.00,'2025-07-18 15:54:09'),(137313,110,60.00,0.00,'2025-07-18 15:54:09'),(137314,111,60.00,0.00,'2025-07-18 15:54:09'),(137315,112,60.00,0.00,'2025-07-18 15:54:09'),(137316,113,60.00,0.00,'2025-07-18 15:54:09'),(137317,114,60.00,0.00,'2025-07-18 15:54:09'),(137318,1,654.84,0.92,'2025-07-18 17:29:21'),(137319,2,654.83,0.24,'2025-07-18 17:29:21'),(137320,3,654.83,0.51,'2025-07-18 17:29:21'),(137321,4,654.82,1.12,'2025-07-18 17:29:21'),(137322,5,654.81,1.11,'2025-07-18 17:29:21'),(137323,6,60.00,4.25,'2025-07-18 17:29:21'),(137324,7,60.00,4.23,'2025-07-18 17:29:21'),(137325,8,60.00,0.00,'2025-07-18 17:29:21'),(137326,9,60.00,0.00,'2025-07-18 17:29:21'),(137327,10,654.80,0.40,'2025-07-18 17:29:21'),(137328,11,654.79,0.81,'2025-07-18 17:29:21'),(137329,12,654.79,0.70,'2025-07-18 17:29:21'),(137330,13,654.24,0.93,'2025-07-18 17:29:21'),(137331,107,60.00,0.00,'2025-07-18 17:29:21'),(137332,108,60.00,0.00,'2025-07-18 17:29:21'),(137333,109,60.00,0.00,'2025-07-18 17:29:21'),(137334,110,60.00,0.00,'2025-07-18 17:29:21'),(137335,111,60.00,0.00,'2025-07-18 17:29:21'),(137336,112,60.00,0.00,'2025-07-18 17:29:21'),(137337,113,60.00,0.00,'2025-07-18 17:29:21'),(137338,114,60.00,0.00,'2025-07-18 17:29:21'),(137339,1,654.84,1.48,'2025-07-18 17:29:22'),(137340,2,654.83,0.09,'2025-07-18 17:29:22'),(137341,3,654.83,0.58,'2025-07-18 17:29:22'),(137342,4,654.82,1.57,'2025-07-18 17:29:22'),(137343,5,654.81,0.96,'2025-07-18 17:29:22'),(137344,6,60.00,4.11,'2025-07-18 17:29:22'),(137345,7,60.00,4.30,'2025-07-18 17:29:22'),(137346,8,60.00,0.00,'2025-07-18 17:29:22'),(137347,9,60.00,0.00,'2025-07-18 17:29:22'),(137348,10,654.80,1.68,'2025-07-18 17:29:22'),(137349,11,654.79,1.20,'2025-07-18 17:29:22'),(137350,12,654.79,0.67,'2025-07-18 17:29:22'),(137351,13,654.24,0.19,'2025-07-18 17:29:22'),(137352,107,60.00,0.00,'2025-07-18 17:29:22'),(137353,108,60.00,0.00,'2025-07-18 17:29:22'),(137354,109,60.00,0.00,'2025-07-18 17:29:22'),(137355,110,60.00,0.00,'2025-07-18 17:29:22'),(137356,111,60.00,0.00,'2025-07-18 17:29:22'),(137357,112,60.00,0.00,'2025-07-18 17:29:22'),(137358,113,60.00,0.00,'2025-07-18 17:29:22'),(137359,114,60.00,0.00,'2025-07-18 17:29:22'),(137360,1,656.24,0.51,'2025-07-18 17:39:21'),(137361,2,656.23,0.97,'2025-07-18 17:39:21'),(137362,3,656.23,0.97,'2025-07-18 17:39:21'),(137363,4,656.22,1.85,'2025-07-18 17:39:21'),(137364,5,656.21,1.16,'2025-07-18 17:39:21'),(137365,6,60.00,4.45,'2025-07-18 17:39:21'),(137366,7,60.00,4.46,'2025-07-18 17:39:21'),(137367,8,60.00,0.00,'2025-07-18 17:39:21'),(137368,9,60.00,0.00,'2025-07-18 17:39:21'),(137369,10,656.20,0.24,'2025-07-18 17:39:21'),(137370,11,656.19,1.31,'2025-07-18 17:39:21'),(137371,12,656.19,0.13,'2025-07-18 17:39:21'),(137372,13,655.64,1.34,'2025-07-18 17:39:21'),(137373,107,60.00,0.00,'2025-07-18 17:39:21'),(137374,108,60.00,0.00,'2025-07-18 17:39:21'),(137375,109,60.00,0.00,'2025-07-18 17:39:21'),(137376,110,60.00,0.00,'2025-07-18 17:39:21'),(137377,111,60.00,0.00,'2025-07-18 17:39:21'),(137378,112,60.00,0.00,'2025-07-18 17:39:21'),(137379,113,60.00,0.00,'2025-07-18 17:39:21'),(137380,114,60.00,0.00,'2025-07-18 17:39:21'),(137381,1,656.24,0.78,'2025-07-18 17:39:22'),(137382,2,656.23,0.47,'2025-07-18 17:39:22'),(137383,3,656.23,1.14,'2025-07-18 17:39:22'),(137384,4,656.22,1.42,'2025-07-18 17:39:22'),(137385,5,656.21,0.21,'2025-07-18 17:39:22'),(137386,6,60.00,4.62,'2025-07-18 17:39:22'),(137387,7,60.00,4.54,'2025-07-18 17:39:22'),(137388,8,60.00,0.00,'2025-07-18 17:39:22'),(137389,9,60.00,0.00,'2025-07-18 17:39:22'),(137390,10,656.20,0.48,'2025-07-18 17:39:22'),(137391,11,656.19,1.80,'2025-07-18 17:39:22'),(137392,12,656.19,0.28,'2025-07-18 17:39:22'),(137393,13,655.64,1.69,'2025-07-18 17:39:22'),(137394,107,60.00,0.00,'2025-07-18 17:39:22'),(137395,108,60.00,0.00,'2025-07-18 17:39:22'),(137396,109,60.00,0.00,'2025-07-18 17:39:22'),(137397,110,60.00,0.00,'2025-07-18 17:39:22'),(137398,111,60.00,0.00,'2025-07-18 17:39:22'),(137399,112,60.00,0.00,'2025-07-18 17:39:22'),(137400,113,60.00,0.00,'2025-07-18 17:39:22'),(137401,114,60.00,0.00,'2025-07-18 17:39:22'),(137402,1,657.64,1.47,'2025-07-18 17:49:21'),(137403,2,657.63,0.22,'2025-07-18 17:49:21'),(137404,3,657.63,0.12,'2025-07-18 17:49:21'),(137405,4,657.62,0.35,'2025-07-18 17:49:21'),(137406,5,657.61,0.19,'2025-07-18 17:49:21'),(137407,6,60.00,4.68,'2025-07-18 17:49:21'),(137408,7,60.00,4.36,'2025-07-18 17:49:21'),(137409,8,60.00,0.00,'2025-07-18 17:49:21'),(137410,9,60.00,0.00,'2025-07-18 17:49:21'),(137411,10,657.60,1.22,'2025-07-18 17:49:21'),(137412,11,657.59,0.45,'2025-07-18 17:49:21'),(137413,12,657.59,0.90,'2025-07-18 17:49:21'),(137414,13,657.04,0.14,'2025-07-18 17:49:21'),(137415,107,60.00,0.00,'2025-07-18 17:49:21'),(137416,108,60.00,0.00,'2025-07-18 17:49:21'),(137417,109,60.00,0.00,'2025-07-18 17:49:21'),(137418,110,60.00,0.00,'2025-07-18 17:49:21'),(137419,111,60.00,0.00,'2025-07-18 17:49:21'),(137420,112,60.00,0.00,'2025-07-18 17:49:21'),(137421,113,60.00,0.00,'2025-07-18 17:49:21'),(137422,114,60.00,0.00,'2025-07-18 17:49:21'),(137423,1,657.64,1.97,'2025-07-18 17:49:22'),(137424,2,657.63,1.18,'2025-07-18 17:49:22'),(137425,3,657.63,1.30,'2025-07-18 17:49:22'),(137426,4,657.62,1.47,'2025-07-18 17:49:22'),(137427,5,657.61,0.33,'2025-07-18 17:49:22'),(137428,6,60.00,4.25,'2025-07-18 17:49:22'),(137429,7,60.00,4.11,'2025-07-18 17:49:22'),(137430,8,60.00,0.00,'2025-07-18 17:49:22'),(137431,9,60.00,0.00,'2025-07-18 17:49:22'),(137432,10,657.60,0.93,'2025-07-18 17:49:22'),(137433,11,657.59,0.49,'2025-07-18 17:49:22'),(137434,12,657.59,0.32,'2025-07-18 17:49:22'),(137435,13,657.04,1.56,'2025-07-18 17:49:22'),(137436,107,60.00,0.00,'2025-07-18 17:49:22'),(137437,108,60.00,0.00,'2025-07-18 17:49:22'),(137438,109,60.00,0.00,'2025-07-18 17:49:22'),(137439,110,60.00,0.00,'2025-07-18 17:49:22'),(137440,111,60.00,0.00,'2025-07-18 17:49:22'),(137441,112,60.00,0.00,'2025-07-18 17:49:22'),(137442,113,60.00,0.00,'2025-07-18 17:49:22'),(137443,114,60.00,0.00,'2025-07-18 17:49:22'),(137444,1,659.04,0.73,'2025-07-18 17:59:21'),(137445,2,659.03,0.22,'2025-07-18 17:59:21'),(137446,3,659.03,1.06,'2025-07-18 17:59:21'),(137447,4,659.02,0.73,'2025-07-18 17:59:21'),(137448,5,659.01,0.22,'2025-07-18 17:59:21'),(137449,6,60.00,4.99,'2025-07-18 17:59:21'),(137450,7,60.00,4.91,'2025-07-18 17:59:21'),(137451,8,60.00,0.00,'2025-07-18 17:59:21'),(137452,9,60.00,0.00,'2025-07-18 17:59:21'),(137453,10,659.00,1.69,'2025-07-18 17:59:21'),(137454,11,658.99,1.32,'2025-07-18 17:59:21'),(137455,12,658.99,1.18,'2025-07-18 17:59:21'),(137456,13,658.44,0.40,'2025-07-18 17:59:21'),(137457,107,60.00,0.00,'2025-07-18 17:59:21'),(137458,108,60.00,0.00,'2025-07-18 17:59:21'),(137459,109,60.00,0.00,'2025-07-18 17:59:21'),(137460,110,60.00,0.00,'2025-07-18 17:59:21'),(137461,111,60.00,0.00,'2025-07-18 17:59:21'),(137462,112,60.00,0.00,'2025-07-18 17:59:21'),(137463,113,60.00,0.00,'2025-07-18 17:59:21'),(137464,114,60.00,0.00,'2025-07-18 17:59:21'),(137465,115,60.00,0.00,'2025-07-18 17:59:21'),(137466,116,60.00,0.00,'2025-07-18 17:59:21'),(137467,1,659.04,1.84,'2025-07-18 17:59:22'),(137468,2,659.03,1.46,'2025-07-18 17:59:22'),(137469,3,659.03,0.04,'2025-07-18 17:59:22'),(137470,4,659.02,1.60,'2025-07-18 17:59:22'),(137471,5,659.01,0.43,'2025-07-18 17:59:22'),(137472,6,60.00,4.71,'2025-07-18 17:59:22'),(137473,7,60.00,4.83,'2025-07-18 17:59:22'),(137474,8,60.00,0.00,'2025-07-18 17:59:22'),(137475,9,60.00,0.00,'2025-07-18 17:59:22'),(137476,10,659.00,0.81,'2025-07-18 17:59:22'),(137477,11,658.99,1.39,'2025-07-18 17:59:22'),(137478,12,658.99,0.78,'2025-07-18 17:59:22'),(137479,13,658.44,1.50,'2025-07-18 17:59:22'),(137480,107,60.00,0.00,'2025-07-18 17:59:22'),(137481,108,60.00,0.00,'2025-07-18 17:59:22'),(137482,109,60.00,0.00,'2025-07-18 17:59:22'),(137483,110,60.00,0.00,'2025-07-18 17:59:22'),(137484,111,60.00,0.00,'2025-07-18 17:59:22'),(137485,112,60.00,0.00,'2025-07-18 17:59:22'),(137486,113,60.00,0.00,'2025-07-18 17:59:22'),(137487,114,60.00,0.00,'2025-07-18 17:59:22'),(137488,115,60.00,0.00,'2025-07-18 17:59:22'),(137489,116,60.00,0.00,'2025-07-18 17:59:22'),(137490,1,660.44,0.02,'2025-07-18 18:09:21'),(137491,2,660.43,0.38,'2025-07-18 18:09:21'),(137492,3,660.43,0.30,'2025-07-18 18:09:21'),(137493,4,660.42,1.74,'2025-07-18 18:09:21'),(137494,5,660.41,0.63,'2025-07-18 18:09:21'),(137495,6,60.00,4.30,'2025-07-18 18:09:21'),(137496,7,60.00,4.66,'2025-07-18 18:09:21'),(137497,8,60.00,0.00,'2025-07-18 18:09:21'),(137498,9,60.00,0.00,'2025-07-18 18:09:21'),(137499,10,660.40,0.60,'2025-07-18 18:09:21'),(137500,11,660.39,1.86,'2025-07-18 18:09:21'),(137501,12,660.39,0.93,'2025-07-18 18:09:21'),(137502,13,659.84,1.36,'2025-07-18 18:09:21'),(137503,107,60.00,0.00,'2025-07-18 18:09:21'),(137504,108,60.00,0.00,'2025-07-18 18:09:21'),(137505,109,60.00,0.00,'2025-07-18 18:09:21'),(137506,110,60.00,0.00,'2025-07-18 18:09:21'),(137507,111,60.00,0.00,'2025-07-18 18:09:21'),(137508,112,60.00,0.00,'2025-07-18 18:09:21'),(137509,113,60.00,0.00,'2025-07-18 18:09:21'),(137510,114,60.00,0.00,'2025-07-18 18:09:21'),(137511,115,60.00,0.00,'2025-07-18 18:09:21'),(137512,116,60.00,0.00,'2025-07-18 18:09:21'),(137513,1,660.44,1.18,'2025-07-18 18:09:22'),(137514,2,660.43,1.82,'2025-07-18 18:09:22'),(137515,3,660.43,1.04,'2025-07-18 18:09:22'),(137516,4,660.42,0.25,'2025-07-18 18:09:22'),(137517,5,660.41,0.15,'2025-07-18 18:09:22'),(137518,6,60.00,4.81,'2025-07-18 18:09:22'),(137519,7,60.00,4.13,'2025-07-18 18:09:22'),(137520,8,60.00,0.00,'2025-07-18 18:09:22'),(137521,9,60.00,0.00,'2025-07-18 18:09:22'),(137522,10,660.40,1.94,'2025-07-18 18:09:22'),(137523,11,660.39,0.30,'2025-07-18 18:09:22'),(137524,12,660.39,1.17,'2025-07-18 18:09:22'),(137525,13,659.84,1.75,'2025-07-18 18:09:22'),(137526,107,60.00,0.00,'2025-07-18 18:09:22'),(137527,108,60.00,0.00,'2025-07-18 18:09:22'),(137528,109,60.00,0.00,'2025-07-18 18:09:22'),(137529,110,60.00,0.00,'2025-07-18 18:09:22'),(137530,111,60.00,0.00,'2025-07-18 18:09:22'),(137531,112,60.00,0.00,'2025-07-18 18:09:22'),(137532,113,60.00,0.00,'2025-07-18 18:09:22'),(137533,114,60.00,0.00,'2025-07-18 18:09:22'),(137534,115,60.00,0.00,'2025-07-18 18:09:22'),(137535,116,60.00,0.00,'2025-07-18 18:09:22'),(137536,1,661.84,0.21,'2025-07-18 18:19:21'),(137537,2,661.83,0.27,'2025-07-18 18:19:21'),(137538,3,661.83,0.58,'2025-07-18 18:19:21'),(137539,4,661.82,1.25,'2025-07-18 18:19:21'),(137540,5,661.81,0.84,'2025-07-18 18:19:21'),(137541,6,60.00,4.57,'2025-07-18 18:19:21'),(137542,7,60.00,4.66,'2025-07-18 18:19:21'),(137543,8,60.00,0.00,'2025-07-18 18:19:21'),(137544,9,60.00,0.00,'2025-07-18 18:19:21'),(137545,10,661.80,0.66,'2025-07-18 18:19:21'),(137546,11,661.79,0.05,'2025-07-18 18:19:21'),(137547,12,661.79,1.50,'2025-07-18 18:19:21'),(137548,13,661.24,1.19,'2025-07-18 18:19:21'),(137549,107,60.00,0.00,'2025-07-18 18:19:21'),(137550,108,60.00,0.00,'2025-07-18 18:19:21'),(137551,109,60.00,0.00,'2025-07-18 18:19:21'),(137552,110,60.00,0.00,'2025-07-18 18:19:21'),(137553,111,60.00,0.00,'2025-07-18 18:19:21'),(137554,112,60.00,0.00,'2025-07-18 18:19:21'),(137555,113,60.00,0.00,'2025-07-18 18:19:21'),(137556,114,60.00,0.00,'2025-07-18 18:19:21'),(137557,115,60.00,0.00,'2025-07-18 18:19:21'),(137558,116,60.00,0.00,'2025-07-18 18:19:21'),(137559,1,661.84,1.51,'2025-07-18 18:19:22'),(137560,2,661.83,1.64,'2025-07-18 18:19:22'),(137561,3,661.83,1.98,'2025-07-18 18:19:22'),(137562,4,661.82,1.51,'2025-07-18 18:19:22'),(137563,5,661.81,0.36,'2025-07-18 18:19:22'),(137564,6,60.00,4.97,'2025-07-18 18:19:22'),(137565,7,60.00,4.56,'2025-07-18 18:19:22'),(137566,8,60.00,0.00,'2025-07-18 18:19:22'),(137567,9,60.00,0.00,'2025-07-18 18:19:22'),(137568,10,661.80,0.29,'2025-07-18 18:19:22'),(137569,11,661.79,0.90,'2025-07-18 18:19:22'),(137570,12,661.79,1.14,'2025-07-18 18:19:22'),(137571,13,661.24,1.45,'2025-07-18 18:19:22'),(137572,107,60.00,0.00,'2025-07-18 18:19:22'),(137573,108,60.00,0.00,'2025-07-18 18:19:22'),(137574,109,60.00,0.00,'2025-07-18 18:19:22'),(137575,110,60.00,0.00,'2025-07-18 18:19:22'),(137576,111,60.00,0.00,'2025-07-18 18:19:22'),(137577,112,60.00,0.00,'2025-07-18 18:19:22'),(137578,113,60.00,0.00,'2025-07-18 18:19:22'),(137579,114,60.00,0.00,'2025-07-18 18:19:22'),(137580,115,60.00,0.00,'2025-07-18 18:19:22'),(137581,116,60.00,0.00,'2025-07-18 18:19:22'),(137582,1,663.24,1.02,'2025-07-18 18:29:21'),(137583,2,663.23,0.82,'2025-07-18 18:29:21'),(137584,3,663.23,1.91,'2025-07-18 18:29:21'),(137585,4,663.22,0.78,'2025-07-18 18:29:21'),(137586,5,663.21,0.90,'2025-07-18 18:29:21'),(137587,6,60.00,4.69,'2025-07-18 18:29:21'),(137588,7,60.00,4.64,'2025-07-18 18:29:21'),(137589,8,60.00,0.00,'2025-07-18 18:29:21'),(137590,9,60.00,0.00,'2025-07-18 18:29:21'),(137591,10,663.20,0.38,'2025-07-18 18:29:21'),(137592,11,663.19,0.14,'2025-07-18 18:29:21'),(137593,12,663.19,0.64,'2025-07-18 18:29:21'),(137594,13,662.64,0.02,'2025-07-18 18:29:21'),(137595,107,60.00,0.00,'2025-07-18 18:29:21'),(137596,108,60.00,0.00,'2025-07-18 18:29:21'),(137597,109,60.00,0.00,'2025-07-18 18:29:21'),(137598,110,60.00,0.00,'2025-07-18 18:29:21'),(137599,111,60.00,0.00,'2025-07-18 18:29:21'),(137600,112,60.00,0.00,'2025-07-18 18:29:21'),(137601,113,60.00,0.00,'2025-07-18 18:29:21'),(137602,114,60.00,0.00,'2025-07-18 18:29:21'),(137603,115,60.00,0.00,'2025-07-18 18:29:21'),(137604,116,60.00,0.00,'2025-07-18 18:29:21'),(137605,1,663.24,0.95,'2025-07-18 18:29:22'),(137606,2,663.23,1.96,'2025-07-18 18:29:22'),(137607,3,663.23,1.82,'2025-07-18 18:29:22'),(137608,4,663.22,1.00,'2025-07-18 18:29:22'),(137609,5,663.21,1.83,'2025-07-18 18:29:22'),(137610,6,60.00,4.30,'2025-07-18 18:29:22'),(137611,7,60.00,4.69,'2025-07-18 18:29:22'),(137612,8,60.00,0.00,'2025-07-18 18:29:22'),(137613,9,60.00,0.00,'2025-07-18 18:29:22'),(137614,10,663.20,0.10,'2025-07-18 18:29:22'),(137615,11,663.20,1.50,'2025-07-18 18:29:22'),(137616,12,663.19,1.83,'2025-07-18 18:29:22'),(137617,13,662.64,1.45,'2025-07-18 18:29:22'),(137618,107,60.00,0.00,'2025-07-18 18:29:22'),(137619,108,60.00,0.00,'2025-07-18 18:29:22'),(137620,109,60.00,0.00,'2025-07-18 18:29:22'),(137621,110,60.00,0.00,'2025-07-18 18:29:22'),(137622,111,60.00,0.00,'2025-07-18 18:29:22'),(137623,112,60.00,0.00,'2025-07-18 18:29:22'),(137624,113,60.00,0.00,'2025-07-18 18:29:22'),(137625,114,60.00,0.00,'2025-07-18 18:29:22'),(137626,115,60.00,0.00,'2025-07-18 18:29:22'),(137627,116,60.00,0.00,'2025-07-18 18:29:22'),(137628,1,664.64,0.33,'2025-07-18 18:39:21'),(137629,2,664.63,1.80,'2025-07-18 18:39:21'),(137630,3,664.63,0.89,'2025-07-18 18:39:21'),(137631,4,664.62,1.36,'2025-07-18 18:39:21'),(137632,5,664.61,0.09,'2025-07-18 18:39:21'),(137633,6,60.00,4.55,'2025-07-18 18:39:21'),(137634,7,60.00,4.80,'2025-07-18 18:39:21'),(137635,8,60.00,0.00,'2025-07-18 18:39:21'),(137636,9,60.00,0.00,'2025-07-18 18:39:21'),(137637,10,664.60,0.85,'2025-07-18 18:39:21'),(137638,11,664.59,1.60,'2025-07-18 18:39:21'),(137639,12,664.59,0.31,'2025-07-18 18:39:21'),(137640,13,664.04,1.00,'2025-07-18 18:39:21'),(137641,107,60.00,0.00,'2025-07-18 18:39:21'),(137642,108,60.00,0.00,'2025-07-18 18:39:21'),(137643,109,60.00,0.00,'2025-07-18 18:39:21'),(137644,110,60.00,0.00,'2025-07-18 18:39:21'),(137645,111,60.00,0.00,'2025-07-18 18:39:21'),(137646,112,60.00,0.00,'2025-07-18 18:39:21'),(137647,113,60.00,0.00,'2025-07-18 18:39:21'),(137648,114,60.00,0.00,'2025-07-18 18:39:21'),(137649,115,60.00,0.00,'2025-07-18 18:39:21'),(137650,116,60.00,0.00,'2025-07-18 18:39:21'),(137651,1,664.64,0.89,'2025-07-18 18:39:22'),(137652,2,664.63,1.01,'2025-07-18 18:39:22'),(137653,3,664.63,0.73,'2025-07-18 18:39:22'),(137654,4,664.62,0.47,'2025-07-18 18:39:22'),(137655,5,664.61,1.51,'2025-07-18 18:39:22'),(137656,6,60.00,4.36,'2025-07-18 18:39:22'),(137657,7,60.00,4.55,'2025-07-18 18:39:22'),(137658,8,60.00,0.00,'2025-07-18 18:39:22'),(137659,9,60.00,0.00,'2025-07-18 18:39:22'),(137660,10,664.60,1.43,'2025-07-18 18:39:22'),(137661,11,664.60,0.36,'2025-07-18 18:39:22'),(137662,12,664.59,1.51,'2025-07-18 18:39:22'),(137663,13,664.04,0.70,'2025-07-18 18:39:22'),(137664,107,60.00,0.00,'2025-07-18 18:39:22'),(137665,108,60.00,0.00,'2025-07-18 18:39:22'),(137666,109,60.00,0.00,'2025-07-18 18:39:22'),(137667,110,60.00,0.00,'2025-07-18 18:39:22'),(137668,111,60.00,0.00,'2025-07-18 18:39:22'),(137669,112,60.00,0.00,'2025-07-18 18:39:22'),(137670,113,60.00,0.00,'2025-07-18 18:39:22'),(137671,114,60.00,0.00,'2025-07-18 18:39:22'),(137672,115,60.00,0.00,'2025-07-18 18:39:22'),(137673,116,60.00,0.00,'2025-07-18 18:39:22'),(137674,1,666.04,0.42,'2025-07-18 18:49:21'),(137675,2,666.03,0.03,'2025-07-18 18:49:21'),(137676,3,666.03,0.23,'2025-07-18 18:49:21'),(137677,4,666.02,0.73,'2025-07-18 18:49:21'),(137678,5,666.01,0.12,'2025-07-18 18:49:21'),(137679,6,60.00,4.04,'2025-07-18 18:49:21'),(137680,7,60.00,4.20,'2025-07-18 18:49:21'),(137681,8,60.00,0.00,'2025-07-18 18:49:21'),(137682,9,60.00,0.00,'2025-07-18 18:49:21'),(137683,10,666.00,1.02,'2025-07-18 18:49:21'),(137684,11,665.99,0.49,'2025-07-18 18:49:21'),(137685,12,665.99,1.08,'2025-07-18 18:49:21'),(137686,13,665.44,1.69,'2025-07-18 18:49:21'),(137687,107,60.00,0.00,'2025-07-18 18:49:21'),(137688,108,60.00,0.00,'2025-07-18 18:49:21'),(137689,109,60.00,0.00,'2025-07-18 18:49:21'),(137690,110,60.00,0.00,'2025-07-18 18:49:21'),(137691,111,60.00,0.00,'2025-07-18 18:49:21'),(137692,112,60.00,0.00,'2025-07-18 18:49:21'),(137693,113,60.00,0.00,'2025-07-18 18:49:21'),(137694,114,60.00,0.00,'2025-07-18 18:49:21'),(137695,115,60.00,0.00,'2025-07-18 18:49:21'),(137696,116,60.00,0.00,'2025-07-18 18:49:21'),(137697,1,666.04,1.64,'2025-07-18 18:49:22'),(137698,2,666.03,1.78,'2025-07-18 18:49:22'),(137699,3,666.03,0.05,'2025-07-18 18:49:22'),(137700,4,666.02,0.52,'2025-07-18 18:49:22'),(137701,5,666.01,1.59,'2025-07-18 18:49:22'),(137702,6,60.00,4.15,'2025-07-18 18:49:22'),(137703,7,60.00,4.35,'2025-07-18 18:49:22'),(137704,8,60.00,0.00,'2025-07-18 18:49:22'),(137705,9,60.00,0.00,'2025-07-18 18:49:22'),(137706,10,666.00,0.28,'2025-07-18 18:49:22'),(137707,11,666.00,1.51,'2025-07-18 18:49:22'),(137708,12,665.99,0.66,'2025-07-18 18:49:22'),(137709,13,665.44,1.37,'2025-07-18 18:49:22'),(137710,107,60.00,0.00,'2025-07-18 18:49:22'),(137711,108,60.00,0.00,'2025-07-18 18:49:22'),(137712,109,60.00,0.00,'2025-07-18 18:49:22'),(137713,110,60.00,0.00,'2025-07-18 18:49:22'),(137714,111,60.00,0.00,'2025-07-18 18:49:22'),(137715,112,60.00,0.00,'2025-07-18 18:49:22'),(137716,113,60.00,0.00,'2025-07-18 18:49:22'),(137717,114,60.00,0.00,'2025-07-18 18:49:22'),(137718,115,60.00,0.00,'2025-07-18 18:49:22'),(137719,116,60.00,0.00,'2025-07-18 18:49:22');
/*!40000 ALTER TABLE `historia_pomiarow` ENABLE KEYS */;
UNLOCK TABLES;

--
-- Table structure for table `log_uzyte_segmenty`
--

DROP TABLE IF EXISTS `log_uzyte_segmenty`;
/*!40101 SET @saved_cs_client     = @@character_set_client */;
/*!50503 SET character_set_client = utf8mb4 */;
CREATE TABLE `log_uzyte_segmenty` (
  `id_operacji_log` int NOT NULL,
  `id_segmentu` int NOT NULL,
  PRIMARY KEY (`id_operacji_log`,`id_segmentu`),
  KEY `id_segmentu` (`id_segmentu`),
  CONSTRAINT `log_uzyte_segmenty_ibfk_1` FOREIGN KEY (`id_operacji_log`) REFERENCES `operacje_log` (`id`) ON DELETE CASCADE,
  CONSTRAINT `log_uzyte_segmenty_ibfk_2` FOREIGN KEY (`id_segmentu`) REFERENCES `segmenty` (`id`)
) ENGINE=InnoDB DEFAULT CHARSET=utf8mb4 COLLATE=utf8mb4_unicode_ci COMMENT='Zapisuje, które segmenty były używane w danej operacji z logu';
/*!40101 SET character_set_client = @saved_cs_client */;

--
-- Dumping data for table `log_uzyte_segmenty`
--

LOCK TABLES `log_uzyte_segmenty` WRITE;
/*!40000 ALTER TABLE `log_uzyte_segmenty` DISABLE KEYS */;
INSERT INTO `log_uzyte_segmenty` VALUES (4,1),(5,1),(10,1),(11,1),(16,1),(19,1),(24,1),(31,1),(55,1),(67,1),(4,2),(5,2),(10,2),(11,2),(16,2),(19,2),(24,2),(31,2),(55,2),(4,3),(5,3),(10,3),(11,3),(12,3),(13,3),(16,3),(18,3),(19,3),(23,3),(24,3),(31,3),(32,3),(34,3),(37,3),(43,3),(47,3),(54,3),(55,3),(62,3),(63,3),(66,3),(69,3),(73,3),(20,4),(30,4),(33,4),(53,4),(20,5),(30,5),(33,5),(53,5),(4,6),(5,6),(10,6),(11,6),(12,6),(13,6),(15,6),(16,6),(18,6),(19,6),(22,6),(23,6),(24,6),(29,6),(31,6),(32,6),(34,6),(35,6),(36,6),(37,6),(42,6),(43,6),(47,6),(48,6),(54,6),(55,6),(60,6),(62,6),(63,6),(64,6),(66,6),(68,6),(69,6),(71,6),(73,6),(79,6),(14,7),(20,7),(30,7),(33,7),(53,7),(4,8),(5,8),(10,8),(11,8),(12,8),(13,8),(14,8),(15,8),(16,8),(18,8),(19,8),(20,8),(22,8),(23,8),(24,8),(29,8),(30,8),(31,8),(32,8),(33,8),(34,8),(35,8),(36,8),(37,8),(42,8),(43,8),(47,8),(48,8),(53,8),(54,8),(55,8),(60,8),(62,8),(63,8),(64,8),(66,8),(68,8),(69,8),(71,8),(73,8),(79,8),(10,9),(12,9),(13,9),(14,9),(15,9),(16,9),(18,9),(19,9),(20,9),(22,9),(23,9),(24,9),(29,9),(30,9),(31,9),(32,9),(33,9),(34,9),(35,9),(36,9),(37,9),(42,9),(43,9),(47,9),(48,9),(53,9),(54,9),(55,9),(60,9),(62,9),(63,9),(64,9),(66,9),(68,9),(69,9),(71,9),(73,9),(79,9),(14,10),(20,10),(24,10),(30,10),(43,10),(47,10),(54,10),(62,10),(63,10),(66,10),(69,10),(73,10),(16,11),(22,11),(33,11),(35,11),(36,11),(42,11),(53,11),(55,11),(64,11),(68,11),(71,11),(79,11),(15,12),(18,12),(23,12),(37,12),(48,12),(13,13),(31,13),(60,13),(10,14),(12,14),(19,14),(29,14),(32,14),(34,14),(10,15),(12,15),(16,15),(18,15),(19,15),(20,15),(22,15),(23,15),(24,15),(29,15),(30,15),(31,15),(32,15),(33,15),(34,15),(35,15),(36,15),(37,15),(42,15),(43,15),(47,15),(48,15),(53,15),(54,15),(55,15),(60,15),(62,15),(63,15),(64,15),(66,15),(68,15),(69,15),(71,15),(73,15),(79,15),(12,16),(13,16),(18,16),(23,16),(32,16),(34,16),(37,16),(43,16),(47,16),(54,16),(61,16),(62,16),(63,16),(66,16),(69,16),(73,16),(15,17),(22,17),(29,17),(35,17),(36,17),(42,17),(48,17),(60,17),(64,17),(68,17),(71,17),(79,17),(14,18),(52,21),(59,21),(61,21),(67,21),(70,21),(72,21),(74,21),(75,21),(61,23),(67,23),(70,23),(72,23),(75,23),(52,24),(59,24),(61,24),(67,24),(70,24),(72,24),(74,24),(75,24),(52,26),(59,26),(74,26),(70,27),(52,32),(59,32),(61,32),(67,32),(70,32),(72,32),(74,32),(75,32),(72,33),(75,33),(52,36),(59,36),(61,36),(67,36),(70,36),(72,36),(74,36),(75,36),(67,37),(74,37),(59,38),(61,39),(70,39),(75,39),(52,40),(72,40),(61,49),(61,52),(67,52),(72,53),(75,53),(61,56),(67,56),(72,56),(75,56);
/*!40000 ALTER TABLE `log_uzyte_segmenty` ENABLE KEYS */;
UNLOCK TABLES;

--
-- Table structure for table `operacje_log`
--

DROP TABLE IF EXISTS `operacje_log`;
/*!40101 SET @saved_cs_client     = @@character_set_client */;
/*!50503 SET character_set_client = utf8mb4 */;
CREATE TABLE `operacje_log` (
  `id` int NOT NULL AUTO_INCREMENT,
  `typ_operacji` varchar(50) CHARACTER SET utf8mb4 COLLATE utf8mb4_unicode_ci NOT NULL COMMENT 'Np. TRANSFER, DODANIE_ZIEMI, FILTRACJA_KOŁO',
  `id_partii_surowca` int DEFAULT NULL,
  `id_sprzetu_zrodlowego` int DEFAULT NULL,
  `id_sprzetu_docelowego` int DEFAULT NULL,
  `czas_rozpoczecia` datetime NOT NULL,
  `czas_zakonczenia` datetime DEFAULT NULL,
  `ilosc_kg` decimal(10,2) DEFAULT NULL,
  `opis` text CHARACTER SET utf8mb4 COLLATE utf8mb4_unicode_ci,
  `status_operacji` enum('aktywna','zakonczona','przerwana') CHARACTER SET utf8mb4 COLLATE utf8mb4_unicode_ci NOT NULL DEFAULT 'aktywna',
  `punkt_startowy` varchar(50) CHARACTER SET utf8mb4 COLLATE utf8mb4_unicode_ci DEFAULT NULL,
  `punkt_docelowy` varchar(50) CHARACTER SET utf8mb4 COLLATE utf8mb4_unicode_ci DEFAULT NULL,
  PRIMARY KEY (`id`),
  KEY `id_partii_surowca` (`id_partii_surowca`),
  KEY `id_sprzetu_zrodlowego` (`id_sprzetu_zrodlowego`),
  KEY `id_sprzetu_docelowego` (`id_sprzetu_docelowego`),
  CONSTRAINT `operacje_log_ibfk_1` FOREIGN KEY (`id_partii_surowca`) REFERENCES `partie_surowca` (`id`) ON DELETE SET NULL,
  CONSTRAINT `operacje_log_ibfk_2` FOREIGN KEY (`id_sprzetu_zrodlowego`) REFERENCES `sprzet` (`id`) ON DELETE SET NULL,
  CONSTRAINT `operacje_log_ibfk_3` FOREIGN KEY (`id_sprzetu_docelowego`) REFERENCES `sprzet` (`id`) ON DELETE SET NULL
) ENGINE=InnoDB AUTO_INCREMENT=83 DEFAULT CHARSET=utf8mb4 COLLATE=utf8mb4_unicode_ci COMMENT='Log wszystkich zdarzeń i operacji w procesie';
/*!40101 SET character_set_client = @saved_cs_client */;

--
-- Dumping data for table `operacje_log`
--

LOCK TABLES `operacje_log` WRITE;
/*!40000 ALTER TABLE `operacje_log` DISABLE KEYS */;
INSERT INTO `operacje_log` VALUES (1,'TRANSFER',NULL,8,1,'2023-10-27 15:00:00','2025-07-01 02:20:26',7500.00,'Tankowanie z B1b do R1','zakonczona',NULL,NULL),(2,'TRANSFER',NULL,8,2,'2025-06-29 17:32:15','2025-07-01 02:20:20',7200.00,'Tankowanie partii 19-20250629-173214-CYSTERNA','zakonczona',NULL,NULL),(4,'FILTRACJA_DO_FZ',NULL,NULL,NULL,'2025-07-01 00:10:30','2025-07-01 00:26:12',NULL,'Operacja FILTRACJA_DO_FZ z R3_OUT do FZ_IN','zakonczona',NULL,NULL),(5,'FILTRACJA_DO_FZ',NULL,NULL,NULL,'2025-07-01 00:41:48','2025-07-01 00:43:21',NULL,'Operacja FILTRACJA_DO_FZ z R3_OUT do FZ_IN','zakonczona',NULL,NULL),(10,'FILTRACJA_R3_R5',NULL,NULL,NULL,'2025-07-01 02:27:04','2025-07-01 02:27:26',NULL,'Operacja FILTRACJA_R3_R5 z R3_OUT do R5_IN','zakonczona',NULL,NULL),(11,'DYNAMIC_R3_OUT_FZ_IN',NULL,NULL,NULL,'2025-07-01 03:51:48','2025-07-01 04:37:11',NULL,'Operacja DYNAMIC_R3_OUT_FZ_IN z R3_OUT do FZ_IN','zakonczona',NULL,NULL),(12,'FILTRACJA_R1_R5',NULL,NULL,NULL,'2025-07-01 23:15:17','2025-07-01 23:30:16',NULL,'Operacja FILTRACJA_R1_R5 z R1_OUT do R5_IN','zakonczona','R1_OUT','R5_IN'),(13,'DYNAMIC_R2_OUT_R4_IN',NULL,NULL,NULL,'2025-07-02 00:51:20','2025-07-02 00:54:52',NULL,'Operacja DYNAMIC_R2_OUT_R4_IN z R2_OUT do R4_IN','zakonczona','R2_OUT','R4_IN'),(14,'DYNAMIC_R4_OUT_R1_IN',NULL,NULL,NULL,'2025-07-02 01:00:49','2025-07-02 01:02:17',NULL,'Operacja DYNAMIC_R4_OUT_R1_IN z R4_OUT do R1_IN','zakonczona','R4_OUT','R1_IN'),(15,'DYNAMIC_R1_OUT_R3_IN',NULL,NULL,NULL,'2025-07-02 01:03:42','2025-07-02 01:14:51',NULL,'Operacja DYNAMIC_R1_OUT_R3_IN z R1_OUT do R3_IN','zakonczona','R1_OUT','R3_IN'),(16,'DYNAMIC_R3_OUT_R2_IN',NULL,NULL,NULL,'2025-07-02 01:15:53','2025-07-02 01:16:26',NULL,'Operacja DYNAMIC_R3_OUT_R2_IN z R3_OUT do R2_IN','zakonczona','R3_OUT','R2_IN'),(17,'DOBIELANIE',NULL,NULL,NULL,'2025-07-02 02:07:16',NULL,150.00,'Dodano 6 worków ziemi (150 kg) do partii 2','zakonczona',NULL,NULL),(18,'DYNAMIC_R2_OUT_R3_IN',NULL,NULL,NULL,'2025-07-02 02:25:22','2025-07-02 02:25:49',NULL,'Operacja DYNAMIC_R2_OUT_R3_IN z R2_OUT do R3_IN','zakonczona','R2_OUT','R3_IN'),(19,'DYNAMIC_R3_OUT_R5_IN',NULL,NULL,NULL,'2025-07-02 02:26:10','2025-07-02 02:26:29',NULL,'Operacja DYNAMIC_R3_OUT_R5_IN z R3_OUT do R5_IN','zakonczona','R3_OUT','R5_IN'),(20,'DYNAMIC_R5_OUT_R1_IN',NULL,NULL,NULL,'2025-07-02 02:32:09','2025-07-02 02:32:28',NULL,'Operacja DYNAMIC_R5_OUT_R1_IN z R5_OUT do R1_IN','zakonczona','R5_OUT','R1_IN'),(21,'DOBIELANIE',NULL,NULL,NULL,'2025-07-02 02:32:39',NULL,150.00,'Dodano 6 worków ziemi (150 kg) do partii 1','zakonczona',NULL,NULL),(22,'DYNAMIC_R1_OUT_R2_IN',NULL,NULL,NULL,'2025-07-02 03:24:05','2025-07-02 03:24:22',NULL,'Operacja DYNAMIC_R1_OUT_R2_IN z R1_OUT do R2_IN','zakonczona','R1_OUT','R2_IN'),(23,'DYNAMIC_R2_OUT_R3_IN',NULL,NULL,NULL,'2025-07-02 03:39:47','2025-07-02 03:41:34',NULL,'Operacja DYNAMIC_R2_OUT_R3_IN z R2_OUT do R3_IN','zakonczona','R2_OUT','R3_IN'),(24,'DYNAMIC_R3_OUT_R1_IN',NULL,NULL,NULL,'2025-07-02 10:34:14','2025-07-02 10:34:49',NULL,'Operacja DYNAMIC_R3_OUT_R1_IN z R3_OUT do R1_IN','zakonczona','R3_OUT','R1_IN'),(25,'TRANSFER',3,11,2,'2025-07-03 00:21:11',NULL,7500.00,'Tankowanie partii T-10-20250703-002111-APOLLO','zakonczona',NULL,NULL),(26,'TRANSFER',NULL,10,3,'2025-07-03 00:22:07',NULL,7500.00,'Tankowanie partii T-10-20250703-002207-APOLLO','zakonczona',NULL,NULL),(27,'DOBIELANIE',NULL,NULL,NULL,'2025-07-03 00:22:44',NULL,150.00,'Dodano 6 worków ziemi (150 kg) do partii 4','zakonczona',NULL,NULL),(28,'DOBIELANIE',3,NULL,NULL,'2025-07-03 05:13:18',NULL,150.00,'Dodano 6 worków ziemi (150 kg) do partii 3','zakonczona',NULL,NULL),(29,'DYNAMIC_R1_OUT_R5_IN',NULL,NULL,NULL,'2025-07-03 05:14:04','2025-07-03 10:55:57',NULL,'Operacja DYNAMIC_R1_OUT_R5_IN z R1_OUT do R5_IN','zakonczona','R1_OUT','R5_IN'),(30,'DYNAMIC_R5_OUT_R1_IN',NULL,NULL,NULL,'2025-07-03 11:27:15','2025-07-03 11:29:48',NULL,'Operacja DYNAMIC_R5_OUT_R1_IN z R5_OUT do R1_IN','zakonczona','R5_OUT','R1_IN'),(31,'DYNAMIC_R3_OUT_R4_IN',NULL,NULL,NULL,'2025-07-03 11:34:02','2025-07-03 11:34:06',NULL,'Operacja DYNAMIC_R3_OUT_R4_IN z R3_OUT do R4_IN','zakonczona','R3_OUT','R4_IN'),(32,'DYNAMIC_R2_OUT_R5_IN',3,NULL,NULL,'2025-07-03 11:34:54','2025-07-03 11:34:59',NULL,'Operacja DYNAMIC_R2_OUT_R5_IN z R2_OUT do R5_IN','zakonczona','R2_OUT','R5_IN'),(33,'DYNAMIC_R5_OUT_R2_IN',3,NULL,NULL,'2025-07-03 11:35:17','2025-07-03 11:35:32',NULL,'Operacja DYNAMIC_R5_OUT_R2_IN z R5_OUT do R2_IN','zakonczona','R5_OUT','R2_IN'),(34,'DYNAMIC_R2_OUT_R5_IN',3,NULL,NULL,'2025-07-03 17:02:57','2025-07-04 13:40:50',NULL,'Operacja DYNAMIC_R2_OUT_R5_IN z R2_OUT do R5_IN','zakonczona','R2_OUT','R5_IN'),(35,'DYNAMIC_R1_OUT_R2_IN',NULL,NULL,NULL,'2025-07-04 22:24:40','2025-07-04 23:57:08',NULL,'Operacja DYNAMIC_R1_OUT_R2_IN z R1_OUT do R2_IN','zakonczona','R1_OUT','R2_IN'),(36,'DYNAMIC_R1_OUT_R2_IN',NULL,NULL,NULL,'2025-07-05 00:01:19','2025-07-05 00:01:29',NULL,'Operacja DYNAMIC_R1_OUT_R2_IN z R1_OUT do R2_IN','zakonczona','R1_OUT','R2_IN'),(37,'DYNAMIC_R2_OUT_R3_IN',NULL,NULL,NULL,'2025-07-05 01:01:28','2025-07-05 01:22:09',NULL,'Operacja DYNAMIC_R2_OUT_R3_IN z R2_OUT do R3_IN','zakonczona','R2_OUT','R3_IN'),(38,'ZMIANA_STATUSU',NULL,NULL,NULL,'2025-07-05 01:25:15','2025-07-05 01:25:15',NULL,'Zmiana statusu na: Dobielanie','zakonczona',NULL,NULL),(39,'ZMIANA_STATUSU',NULL,NULL,NULL,'2025-07-05 01:30:35','2025-07-05 01:30:35',NULL,'Zmiana statusu na: Dobielanie','zakonczona',NULL,NULL),(40,'ZMIANA_STATUSU',NULL,NULL,NULL,'2025-07-05 01:34:07','2025-07-05 01:34:07',NULL,'Zmiana statusu na: Dobielanie','zakonczona',NULL,NULL),(41,'TANKOWANIE_BRUDNEGO',NULL,8,1,'2025-07-05 03:21:26','2025-07-05 03:21:26',7900.00,'Tankowanie brudnego surowca 19 z B1b do R1','zakonczona',NULL,NULL),(42,'DYNAMIC_R1_OUT_R2_IN',NULL,NULL,NULL,'2025-07-05 03:26:29','2025-07-05 03:45:47',NULL,'Operacja DYNAMIC_R1_OUT_R2_IN z R1_OUT do R2_IN','zakonczona','R1_OUT','R2_IN'),(43,'DYNAMIC_R2_OUT_R1_IN',NULL,NULL,NULL,'2025-07-05 03:48:45','2025-07-05 05:22:15',NULL,'Operacja DYNAMIC_R2_OUT_R1_IN z R2_OUT do R1_IN','zakonczona','R2_OUT','R1_IN'),(44,'TANKOWANIE_BRUDNEGO',NULL,22,1,'2025-07-05 03:57:06','2025-07-05 03:57:06',7800.00,'Tankowanie brudnego surowca GC42 z B6b do R1','zakonczona',NULL,NULL),(45,'TANKOWANIE_BRUDNEGO',NULL,25,1,'2025-07-05 04:16:32','2025-07-05 04:16:32',8000.00,'Tankowanie brudnego surowca 44 z B9b do R1','zakonczona',NULL,NULL),(46,'TANKOWANIE_BRUDNEGO',NULL,19,2,'2025-07-05 04:24:24','2025-07-05 04:24:24',7777.00,'Tankowanie brudnego surowca GC42 z B3b do R2','zakonczona',NULL,NULL),(47,'TRANSFER_PRZEZ_FILTR',NULL,NULL,NULL,'2025-07-05 05:23:53','2025-07-05 05:31:23',7777.00,'Transfer GC42 z R2 przez FZ do R1','zakonczona','R2_OUT','R1_IN'),(48,'DYNAMIC_R1_OUT_R3_IN',NULL,NULL,NULL,'2025-07-06 04:45:32','2025-07-06 04:45:40',NULL,'Operacja DYNAMIC_R1_OUT_R3_IN z R1_OUT do R3_IN','zakonczona','R1_OUT','R3_IN'),(49,'ZMIANA_STATUSU',3,NULL,NULL,'2025-07-06 10:54:41','2025-07-06 10:54:41',NULL,'Zmiana statusu na: Surowy w reaktorze','zakonczona',NULL,NULL),(50,'ZMIANA_STATUSU',NULL,NULL,NULL,'2025-07-06 10:54:48','2025-07-06 10:54:48',NULL,'Zmiana statusu na: Surowy w reaktorze','zakonczona',NULL,NULL),(51,'TANKOWANIE_BRUDNEGO',9,26,12,'2025-07-06 12:35:40','2025-07-06 12:35:40',7777.00,'Tankowanie brudnego surowca 44 z B10b do R8','zakonczona',NULL,NULL),(52,'TRANSFER_BEZPOSREDNI',9,NULL,NULL,'2025-07-06 12:36:23','2025-07-06 12:37:17',7777.00,'Transfer bezpośredni 44 z R8 do R9','zakonczona','R8_OUT','R9_IN'),(53,'TRANSFER_BEZPOSREDNI',3,NULL,NULL,'2025-07-06 13:15:12','2025-07-06 13:19:58',7650.00,'Transfer bezpośredni T-10 z R5 do R2','zakonczona','R5_OUT','R2_IN'),(54,'TRANSFER_BEZPOSREDNI',3,NULL,NULL,'2025-07-06 13:20:29','2025-07-06 13:23:18',7650.00,'Transfer bezpośredni T-10 z R2 do R1','zakonczona','R2_OUT','R1_IN'),(55,'TRANSFER_BEZPOSREDNI',NULL,NULL,NULL,'2025-07-06 13:25:06','2025-07-06 13:27:37',7650.00,'Transfer bezpośredni T-10 z R3 do R2','zakonczona','R3_OUT','R2_IN'),(56,'TANKOWANIE_BRUDNEGO',10,26,3,'2025-07-06 13:35:17','2025-07-06 13:35:17',8900.00,'Tankowanie brudnego surowca GC42 z B10b do R3','zakonczona',NULL,NULL),(57,'TANKOWANIE_BRUDNEGO',11,20,4,'2025-07-06 13:36:41','2025-07-06 13:36:41',8888.00,'Tankowanie brudnego surowca T-10 z B4b do R4','zakonczona',NULL,NULL),(58,'TANKOWANIE_BRUDNEGO',12,25,12,'2025-07-06 13:45:20','2025-07-06 13:45:20',5555.00,'Tankowanie brudnego surowca 19 z B9b do R8','zakonczona',NULL,NULL),(59,'TRANSFER_BEZPOSREDNI',12,NULL,NULL,'2025-07-06 13:45:59','2025-07-06 19:04:34',5555.00,'Transfer bezpośredni 19 z R8 do R7','zakonczona','R8_OUT','R7_IN'),(60,'DYNAMIC_R1_OUT_R4_IN',3,NULL,NULL,'2025-07-06 14:01:12','2025-07-06 19:04:29',NULL,'Operacja DYNAMIC_R1_OUT_R4_IN z R1_OUT do R4_IN','zakonczona','R1_OUT','R4_IN'),(61,'TRANSFER_BEZPOSREDNI',NULL,NULL,NULL,'2025-07-06 19:05:15','2025-07-06 20:14:31',7650.00,'Transfer bezpośredni T-10 z R2 do R8','zakonczona','R2_OUT','R8_IN'),(62,'TRANSFER_PRZEZ_FILTR',11,NULL,NULL,'2025-07-06 20:22:43','2025-07-06 20:30:06',8888.00,'Transfer T-10 z R2 przez FZ do R1','zakonczona','R2_OUT','R1_IN'),(63,'TRANSFER_PRZEZ_FILTR',11,NULL,NULL,'2025-07-06 21:22:47','2025-07-06 22:01:23',8888.00,'Transfer T-10 z R2 przez FZ do R1','zakonczona','R2_OUT','R1_IN'),(64,'TRANSFER_PRZEZ_FILTR',11,NULL,NULL,'2025-07-06 22:18:15','2025-07-07 19:24:22',8888.00,'Transfer T-10 z R1 przez FZ do R2','zakonczona','R1_OUT','R2_IN'),(65,'TANKOWANIE_BRUDNEGO',13,18,5,'2025-07-07 17:59:22','2025-07-07 17:59:22',6666.00,'Tankowanie brudnego surowca 44 z B2b do R5','zakonczona',NULL,NULL),(66,'TRANSFER_PRZEZ_FILTR',11,NULL,NULL,'2025-07-07 19:42:14','2025-07-07 20:06:44',8888.00,'Transfer T-10 z R2 przez FZ do R1','zakonczona','R2_OUT','R1_IN'),(67,'TRANSFER_BEZPOSREDNI',10,NULL,NULL,'2025-07-07 20:03:59','2025-07-07 20:06:52',8900.00,'Transfer bezpośredni GC42 z R3 do R6','zakonczona','R3_OUT','R6_IN'),(68,'TRANSFER_PRZEZ_FILTR',11,1,2,'2025-07-07 20:18:22','2025-07-07 21:08:58',8888.00,'Transfer T-10 z R1 przez FZ do R2','zakonczona','R1_OUT','R2_IN'),(69,'TRANSFER_PRZEZ_FILTR',11,2,1,'2025-07-07 21:11:26','2025-07-07 21:31:20',8888.00,'Transfer T-10 z R2 przez FZ do R1','zakonczona','R2_OUT','R1_IN'),(70,'TRANSFER_PRZEZ_FILTR',9,13,12,'2025-07-07 21:17:23','2025-07-07 21:31:18',7777.00,'Transfer 44 z R9 przez FN do R8','zakonczona','R9_OUT','R8_IN'),(71,'',11,1,2,'2025-07-07 21:31:34','2025-07-07 21:33:09',8888.00,'Transfer T-10 z R1 przez FZ do R2','zakonczona','R1_OUT','R2_IN'),(72,'',10,10,13,'2025-07-07 21:31:45','2025-07-07 21:33:07',8900.00,'Transfer GC42 z R6 przez FN do R9','zakonczona','R6_OUT','R9_IN'),(73,'Transfer bezpośredni T-10 z R2 do R1',11,2,1,'2025-07-07 21:33:54','2025-07-08 03:54:36',8888.00,'Transfer bezpośredni T-10 z R2 do R1','zakonczona','R2_OUT','R1_IN'),(74,'',9,12,10,'2025-07-07 21:34:13','2025-07-07 21:35:14',7777.00,'Transfer 44 z R8 przez FN do R6','zakonczona','R8_OUT','R6_IN'),(75,'Transfer 44 z R6 przez FN do R8',9,10,12,'2025-07-07 21:35:30','2025-07-08 03:54:32',7777.00,'Transfer 44 z R6 przez FN do R8','zakonczona','R6_OUT','R8_IN'),(76,'DOBIELANIE',3,NULL,NULL,'2025-07-07 21:36:20',NULL,150.00,'Dodano 6 worków ziemi (150 kg) do partii 3','zakonczona',NULL,NULL),(77,'ZMIANA_STATUSU',11,NULL,NULL,'2025-07-07 21:39:16','2025-07-07 21:39:16',NULL,'Zmiana statusu na: Budowanie placka','zakonczona',NULL,NULL),(78,'ZMIANA_STATUSU',9,NULL,NULL,'2025-07-07 21:42:29','2025-07-07 21:42:29',NULL,'Zmiana statusu na: Dobielanie','zakonczona',NULL,NULL),(79,'Transfer T-10 z R1 przez FZ do R2',11,1,2,'2025-07-08 03:57:17','2025-07-17 20:46:11',8888.00,'Transfer T-10 z R1 przez FZ do R2','zakonczona','R1_OUT','R2_IN'),(80,'TANKOWANIE_BRUDNEGO',14,24,3,'2025-07-08 03:58:14','2025-07-08 03:58:14',7500.00,'Tankowanie brudnego surowca GC42 z B8b do R3','zakonczona',NULL,NULL),(81,'ZMIANA_STATUSU',11,NULL,NULL,'2025-07-08 04:02:34','2025-07-08 04:02:34',NULL,'Zmiana statusu na: Budowanie placka','zakonczona',NULL,NULL),(82,'ZMIANA_STATUSU',11,NULL,NULL,'2025-07-08 04:03:35','2025-07-08 04:03:35',NULL,'Zmiana statusu na: Przelewanie','zakonczona',NULL,NULL);
/*!40000 ALTER TABLE `operacje_log` ENABLE KEYS */;
UNLOCK TABLES;

--
-- Table structure for table `operator_temperatures`
--

DROP TABLE IF EXISTS `operator_temperatures`;
/*!40101 SET @saved_cs_client     = @@character_set_client */;
/*!50503 SET character_set_client = utf8mb4 */;
CREATE TABLE `operator_temperatures` (
  `id` int NOT NULL AUTO_INCREMENT,
  `id_sprzetu` int NOT NULL,
  `temperatura` decimal(5,2) NOT NULL,
  `czas_ustawienia` datetime NOT NULL,
  PRIMARY KEY (`id`),
  KEY `id_sprzetu` (`id_sprzetu`),
  CONSTRAINT `operator_temperatures_ibfk_1` FOREIGN KEY (`id_sprzetu`) REFERENCES `sprzet` (`id`)
) ENGINE=InnoDB AUTO_INCREMENT=198 DEFAULT CHARSET=utf8mb4 COLLATE=utf8mb4_unicode_ci;
/*!40101 SET character_set_client = @saved_cs_client */;

--
-- Dumping data for table `operator_temperatures`
--

LOCK TABLES `operator_temperatures` WRITE;
/*!40000 ALTER TABLE `operator_temperatures` DISABLE KEYS */;
INSERT INTO `operator_temperatures` VALUES (167,1,44.00,'2025-07-07 17:13:27'),(168,1,75.00,'2025-07-07 17:19:04'),(169,2,75.00,'2025-07-07 17:19:10'),(170,3,75.00,'2025-07-07 17:19:14'),(171,4,75.00,'2025-07-07 17:19:17'),(172,5,75.00,'2025-07-07 17:19:20'),(173,10,75.00,'2025-07-07 17:19:27'),(174,11,75.00,'2025-07-07 17:19:30'),(175,12,75.00,'2025-07-07 17:19:33'),(176,13,75.00,'2025-07-07 17:19:36'),(177,5,90.00,'2025-07-07 17:59:22'),(178,2,60.00,'2025-07-07 19:20:36'),(179,3,60.00,'2025-07-07 19:20:41'),(180,3,60.00,'2025-07-07 19:20:48'),(181,4,60.00,'2025-07-07 19:20:52'),(182,5,60.00,'2025-07-07 19:20:55'),(183,10,60.00,'2025-07-07 19:20:57'),(184,11,60.00,'2025-07-07 19:21:02'),(185,12,60.00,'2025-07-07 19:21:05'),(186,13,60.00,'2025-07-07 19:21:09'),(187,3,75.00,'2025-07-08 03:58:14'),(188,1,60.00,'2025-07-15 18:40:30'),(189,2,60.00,'2025-07-15 18:40:33'),(190,3,60.00,'2025-07-15 18:40:36'),(191,4,60.00,'2025-07-15 18:40:39'),(192,5,60.00,'2025-07-15 18:40:43'),(193,10,60.00,'2025-07-15 18:40:46'),(194,11,60.00,'2025-07-15 18:40:50'),(195,12,60.00,'2025-07-15 18:40:53'),(196,13,60.00,'2025-07-15 18:40:56'),(197,13,60.00,'2025-07-15 18:44:46');
/*!40000 ALTER TABLE `operator_temperatures` ENABLE KEYS */;
UNLOCK TABLES;

--
-- Table structure for table `partie_historia`
--

DROP TABLE IF EXISTS `partie_historia`;
/*!40101 SET @saved_cs_client     = @@character_set_client */;
/*!50503 SET character_set_client = utf8mb4 */;
CREATE TABLE `partie_historia` (
  `id` int NOT NULL AUTO_INCREMENT,
  `id_partii_surowca` int NOT NULL,
  `typ_operacji` enum('UTWORZENIE','TRANSFER','FILTRACJA','MIESZANIE','DZIELENIE','ZMIANA_STANU','POBOR_PROBKI','ZATWIERDZENIE') CHARACTER SET utf8mb4 COLLATE utf8mb4_unicode_ci NOT NULL,
  `data_operacji` timestamp NULL DEFAULT CURRENT_TIMESTAMP,
  `operator` varchar(100) CHARACTER SET utf8mb4 COLLATE utf8mb4_unicode_ci DEFAULT NULL,
  `lokalizacja_przed` varchar(100) CHARACTER SET utf8mb4 COLLATE utf8mb4_unicode_ci DEFAULT NULL,
  `lokalizacja_po` varchar(100) CHARACTER SET utf8mb4 COLLATE utf8mb4_unicode_ci DEFAULT NULL,
  `waga_przed` decimal(10,3) DEFAULT NULL,
  `waga_po` decimal(10,3) DEFAULT NULL,
  `parametry_operacji` json DEFAULT NULL,
  `opis_operacji` text CHARACTER SET utf8mb4 COLLATE utf8mb4_unicode_ci,
  `id_operacji_log` int DEFAULT NULL,
  PRIMARY KEY (`id`),
  KEY `idx_partia` (`id_partii_surowca`),
  KEY `idx_typ_operacji` (`typ_operacji`),
  KEY `idx_data_operacji` (`data_operacji`),
  KEY `id_operacji_log` (`id_operacji_log`),
  CONSTRAINT `partie_historia_ibfk_1` FOREIGN KEY (`id_partii_surowca`) REFERENCES `partie_surowca` (`id`) ON DELETE CASCADE,
  CONSTRAINT `partie_historia_ibfk_2` FOREIGN KEY (`id_operacji_log`) REFERENCES `operacje_log` (`id`) ON DELETE SET NULL
) ENGINE=InnoDB AUTO_INCREMENT=4 DEFAULT CHARSET=utf8mb4 COLLATE=utf8mb4_unicode_ci;
/*!40101 SET character_set_client = @saved_cs_client */;

--
-- Dumping data for table `partie_historia`
--

LOCK TABLES `partie_historia` WRITE;
/*!40000 ALTER TABLE `partie_historia` DISABLE KEYS */;
INSERT INTO `partie_historia` VALUES (2,3,'UTWORZENIE','2025-07-05 19:28:50','SYSTEM_MIGRATION',NULL,NULL,NULL,NULL,NULL,'Partia utworzona: TEMP_PARTIA_3 (T-10)',NULL);
/*!40000 ALTER TABLE `partie_historia` ENABLE KEYS */;
UNLOCK TABLES;

--
-- Table structure for table `partie_powiazania`
--

DROP TABLE IF EXISTS `partie_powiazania`;
/*!40101 SET @saved_cs_client     = @@character_set_client */;
/*!50503 SET character_set_client = utf8mb4 */;
CREATE TABLE `partie_powiazania` (
  `id` int NOT NULL AUTO_INCREMENT,
  `partia_zrodlowa_id` int NOT NULL,
  `partia_docelowa_id` int NOT NULL,
  `typ_powiazania` enum('DZIELENIE','LACZENIE','TRANSFORMACJA') CHARACTER SET utf8mb4 COLLATE utf8mb4_unicode_ci NOT NULL,
  `procent_udzialu` decimal(5,2) DEFAULT NULL,
  `data_powiazania` timestamp NULL DEFAULT CURRENT_TIMESTAMP,
  `id_operacji_log` int DEFAULT NULL,
  `uwagi` text CHARACTER SET utf8mb4 COLLATE utf8mb4_unicode_ci,
  PRIMARY KEY (`id`),
  KEY `idx_partia_zrodlowa` (`partia_zrodlowa_id`),
  KEY `idx_partia_docelowa` (`partia_docelowa_id`),
  KEY `idx_typ_powiazania` (`typ_powiazania`),
  KEY `id_operacji_log` (`id_operacji_log`),
  CONSTRAINT `partie_powiazania_ibfk_1` FOREIGN KEY (`partia_zrodlowa_id`) REFERENCES `partie_surowca` (`id`) ON DELETE CASCADE,
  CONSTRAINT `partie_powiazania_ibfk_2` FOREIGN KEY (`partia_docelowa_id`) REFERENCES `partie_surowca` (`id`) ON DELETE CASCADE,
  CONSTRAINT `partie_powiazania_ibfk_3` FOREIGN KEY (`id_operacji_log`) REFERENCES `operacje_log` (`id`) ON DELETE SET NULL
) ENGINE=InnoDB DEFAULT CHARSET=utf8mb4 COLLATE=utf8mb4_unicode_ci;
/*!40101 SET character_set_client = @saved_cs_client */;

--
-- Dumping data for table `partie_powiazania`
--

LOCK TABLES `partie_powiazania` WRITE;
/*!40000 ALTER TABLE `partie_powiazania` DISABLE KEYS */;
/*!40000 ALTER TABLE `partie_powiazania` ENABLE KEYS */;
UNLOCK TABLES;

--
-- Table structure for table `partie_probki`
--

DROP TABLE IF EXISTS `partie_probki`;
/*!40101 SET @saved_cs_client     = @@character_set_client */;
/*!50503 SET character_set_client = utf8mb4 */;
CREATE TABLE `partie_probki` (
  `id` int NOT NULL AUTO_INCREMENT,
  `id_partii_surowca` int NOT NULL,
  `numer_probki` varchar(50) CHARACTER SET utf8mb4 COLLATE utf8mb4_unicode_ci NOT NULL,
  `data_pobrania` timestamp NULL DEFAULT CURRENT_TIMESTAMP,
  `pobrana_przez` varchar(100) CHARACTER SET utf8mb4 COLLATE utf8mb4_unicode_ci DEFAULT NULL,
  `lokalizacja_pobrania` varchar(100) CHARACTER SET utf8mb4 COLLATE utf8mb4_unicode_ci DEFAULT NULL,
  `typ_probki` enum('RUTYNOWA','KONTROLNA','REKLAMACYJNA','WALIDACYJNA') CHARACTER SET utf8mb4 COLLATE utf8mb4_unicode_ci DEFAULT 'RUTYNOWA',
  `status_probki` enum('POBRANA','W_ANALIZIE','ZATWIERDZONA','ODRZUCONA') CHARACTER SET utf8mb4 COLLATE utf8mb4_unicode_ci DEFAULT 'POBRANA',
  `wyniki_analizy` json DEFAULT NULL,
  `data_analizy` timestamp NULL DEFAULT NULL,
  `analizowana_przez` varchar(100) CHARACTER SET utf8mb4 COLLATE utf8mb4_unicode_ci DEFAULT NULL,
  `uwagi` text CHARACTER SET utf8mb4 COLLATE utf8mb4_unicode_ci,
  PRIMARY KEY (`id`),
  UNIQUE KEY `numer_probki` (`numer_probki`),
  KEY `idx_partia` (`id_partii_surowca`),
  KEY `idx_numer_probki` (`numer_probki`),
  KEY `idx_status` (`status_probki`),
  KEY `idx_data_pobrania` (`data_pobrania`),
  CONSTRAINT `partie_probki_ibfk_1` FOREIGN KEY (`id_partii_surowca`) REFERENCES `partie_surowca` (`id`) ON DELETE CASCADE
) ENGINE=InnoDB DEFAULT CHARSET=utf8mb4 COLLATE=utf8mb4_unicode_ci;
/*!40101 SET character_set_client = @saved_cs_client */;

--
-- Dumping data for table `partie_probki`
--

LOCK TABLES `partie_probki` WRITE;
/*!40000 ALTER TABLE `partie_probki` DISABLE KEYS */;
/*!40000 ALTER TABLE `partie_probki` ENABLE KEYS */;
UNLOCK TABLES;

--
-- Table structure for table `partie_statusy`
--

DROP TABLE IF EXISTS `partie_statusy`;
/*!40101 SET @saved_cs_client     = @@character_set_client */;
/*!50503 SET character_set_client = utf8mb4 */;
CREATE TABLE `partie_statusy` (
  `id_partii` int NOT NULL,
  `id_statusu` int NOT NULL,
  `data_nadania` timestamp NULL DEFAULT CURRENT_TIMESTAMP,
  PRIMARY KEY (`id_partii`,`id_statusu`),
  KEY `id_statusu` (`id_statusu`),
  CONSTRAINT `partie_statusy_ibfk_1` FOREIGN KEY (`id_partii`) REFERENCES `partie_surowca` (`id`) ON DELETE CASCADE,
  CONSTRAINT `partie_statusy_ibfk_2` FOREIGN KEY (`id_statusu`) REFERENCES `statusy` (`id`) ON DELETE CASCADE
) ENGINE=InnoDB DEFAULT CHARSET=utf8mb4 COLLATE=utf8mb4_unicode_ci COMMENT='Przypisuje wiele statusów do jednej partii';
/*!40101 SET character_set_client = @saved_cs_client */;

--
-- Dumping data for table `partie_statusy`
--

LOCK TABLES `partie_statusy` WRITE;
/*!40000 ALTER TABLE `partie_statusy` DISABLE KEYS */;
INSERT INTO `partie_statusy` VALUES (3,1,'2025-07-02 22:21:10'),(3,3,'2025-07-03 03:13:18'),(9,1,'2025-07-06 10:35:40'),(10,1,'2025-07-06 11:35:17'),(11,1,'2025-07-06 11:36:41'),(12,1,'2025-07-06 11:45:20'),(13,1,'2025-07-07 15:59:22'),(14,1,'2025-07-08 01:58:14');
/*!40000 ALTER TABLE `partie_statusy` ENABLE KEYS */;
UNLOCK TABLES;

--
-- Table structure for table `partie_surowca`
--

DROP TABLE IF EXISTS `partie_surowca`;
/*!40101 SET @saved_cs_client     = @@character_set_client */;
/*!50503 SET character_set_client = utf8mb4 */;
CREATE TABLE `partie_surowca` (
  `id` int NOT NULL AUTO_INCREMENT,
  `unikalny_kod` varchar(50) CHARACTER SET utf8mb4 COLLATE utf8mb4_unicode_ci NOT NULL COMMENT 'Identyfikator partii, np. T10-20231027-1430-APOLLO',
  `typ_surowca` varchar(50) CHARACTER SET utf8mb4 COLLATE utf8mb4_unicode_ci DEFAULT NULL,
  `zrodlo_pochodzenia` enum('apollo','cysterna') CHARACTER SET utf8mb4 COLLATE utf8mb4_unicode_ci NOT NULL,
  `waga_poczatkowa_kg` decimal(10,2) NOT NULL,
  `waga_aktualna_kg` decimal(10,2) DEFAULT NULL,
  `data_utworzenia` timestamp NULL DEFAULT CURRENT_TIMESTAMP,
  `id_sprzetu` int DEFAULT NULL,
  `nazwa_partii` varchar(100) CHARACTER SET utf8mb4 COLLATE utf8mb4_unicode_ci NOT NULL,
  `rodzaj_surowca` varchar(50) CHARACTER SET utf8mb4 COLLATE utf8mb4_unicode_ci DEFAULT NULL,
  `id_aktualnego_sprzetu` int DEFAULT NULL,
  `status_partii` enum('W magazynie brudnym','Surowy w reaktorze','Budowanie placka','Przelewanie','Filtrowanie','Oczekiwanie na ocenę','Do ponownej filtracji','Dobielanie','Gotowy do wysłania','W magazynie czystym') CHARACTER SET utf8mb4 COLLATE utf8mb4_unicode_ci NOT NULL,
  `aktualny_etap_procesu` enum('surowy','placek','przelew','w_kole','ocena_probki','dmuchanie','gotowy','wydmuch') CHARACTER SET utf8mb4 COLLATE utf8mb4_unicode_ci DEFAULT 'surowy',
  `numer_cyklu_aktualnego` int DEFAULT '0',
  `czas_rozpoczecia_etapu` datetime DEFAULT NULL,
  `planowany_czas_zakonczenia` datetime DEFAULT NULL,
  `id_aktualnego_filtra` varchar(10) CHARACTER SET utf8mb4 COLLATE utf8mb4_unicode_ci DEFAULT NULL,
  `reaktor_docelowy` varchar(10) CHARACTER SET utf8mb4 COLLATE utf8mb4_unicode_ci DEFAULT NULL,
  `ilosc_cykli_filtracyjnych` int DEFAULT '0',
  `historia_operacji` json DEFAULT NULL,
  `partia_rodzic_id` int DEFAULT NULL,
  `typ_transformacji` enum('NOWA','TRANSFER','FILTRACJA','MIESZANIE','DZIELENIE') CHARACTER SET utf8mb4 COLLATE utf8mb4_unicode_ci DEFAULT 'NOWA',
  `etap_procesu` enum('SUROWA','W_PROCESIE','FILTROWANA','GOTOWA','ZATWIERDZONA','ODRZUCONA') CHARACTER SET utf8mb4 COLLATE utf8mb4_unicode_ci DEFAULT 'SUROWA',
  `pochodzenie_opis` text CHARACTER SET utf8mb4 COLLATE utf8mb4_unicode_ci,
  `data_ostatniej_modyfikacji` timestamp NULL DEFAULT CURRENT_TIMESTAMP ON UPDATE CURRENT_TIMESTAMP,
  `utworzona_przez` varchar(100) CHARACTER SET utf8mb4 COLLATE utf8mb4_unicode_ci DEFAULT NULL,
  `certyfikat_jakosci` text CHARACTER SET utf8mb4 COLLATE utf8mb4_unicode_ci,
  `uwagi_operatora` text CHARACTER SET utf8mb4 COLLATE utf8mb4_unicode_ci,
  PRIMARY KEY (`id`),
  UNIQUE KEY `unikalny_kod` (`unikalny_kod`),
  UNIQUE KEY `nazwa_partii` (`nazwa_partii`),
  KEY `id_sprzetu` (`id_sprzetu`),
  KEY `idx_partia_rodzic` (`partia_rodzic_id`),
  KEY `idx_typ_transformacji` (`typ_transformacji`),
  KEY `idx_etap_procesu` (`etap_procesu`),
  CONSTRAINT `fk_partia_rodzic` FOREIGN KEY (`partia_rodzic_id`) REFERENCES `partie_surowca` (`id`) ON DELETE SET NULL,
  CONSTRAINT `partie_surowca_ibfk_1` FOREIGN KEY (`id_sprzetu`) REFERENCES `sprzet` (`id`) ON DELETE SET NULL
) ENGINE=InnoDB AUTO_INCREMENT=15 DEFAULT CHARSET=utf8mb4 COLLATE=utf8mb4_unicode_ci COMMENT='Każdy wiersz to unikalna partia produkcyjna surowca';
/*!40101 SET character_set_client = @saved_cs_client */;

--
-- Dumping data for table `partie_surowca`
--

LOCK TABLES `partie_surowca` WRITE;
/*!40000 ALTER TABLE `partie_surowca` DISABLE KEYS */;
INSERT INTO `partie_surowca` VALUES (3,'T-10-20250703-002111-APOLLO','T-10','apollo',7500.00,7800.00,'2025-07-02 22:21:10',4,'TEMP_PARTIA_3',NULL,NULL,'Surowy w reaktorze','gotowy',1,'2025-07-06 19:00:18',NULL,NULL,NULL,0,NULL,NULL,'NOWA','SUROWA',NULL,'2025-07-07 19:36:20',NULL,NULL,NULL),(9,'44-20250706-123540-B10b','44','cysterna',7777.00,7777.00,'2025-07-06 10:35:40',12,'PARTIA_44-20250706-123540-B10b',NULL,NULL,'Dobielanie','surowy',0,NULL,NULL,NULL,NULL,0,NULL,NULL,'NOWA','SUROWA',NULL,'2025-07-08 01:54:32',NULL,NULL,NULL),(10,'GC42-20250706-133517-B10b','GC42','cysterna',8900.00,8900.00,'2025-07-06 11:35:17',13,'PARTIA_GC42-20250706-133517-B10b',NULL,NULL,'Surowy w reaktorze','surowy',0,NULL,NULL,NULL,NULL,0,NULL,NULL,'NOWA','SUROWA',NULL,'2025-07-07 19:33:07',NULL,NULL,NULL),(11,'T-10-20250706-133640-B4b','T-10','cysterna',8888.00,8888.00,'2025-07-06 11:36:41',2,'PARTIA_T-10-20250706-133640-B4b',NULL,NULL,'Przelewanie','gotowy',0,'2025-07-15 21:34:07',NULL,NULL,NULL,0,NULL,NULL,'NOWA','SUROWA',NULL,'2025-07-17 18:46:11',NULL,NULL,NULL),(12,'19-20250706-134520-B9b','19','cysterna',5555.00,5555.00,'2025-07-06 11:45:20',11,'PARTIA_19-20250706-134520-B9b',NULL,NULL,'Surowy w reaktorze','gotowy',0,'2025-07-06 19:00:05',NULL,NULL,NULL,0,NULL,NULL,'NOWA','SUROWA',NULL,'2025-07-06 17:04:34',NULL,NULL,NULL),(13,'44-20250707-175922-B2b','44','cysterna',6666.00,6666.00,'2025-07-07 15:59:22',5,'PARTIA_44-20250707-175922-B2b',NULL,NULL,'Surowy w reaktorze','surowy',0,NULL,NULL,NULL,NULL,0,NULL,NULL,'NOWA','SUROWA',NULL,'2025-07-07 15:59:22',NULL,NULL,NULL),(14,'GC42-20250708-035814-B8b','GC42','cysterna',7500.00,7500.00,'2025-07-08 01:58:14',3,'PARTIA_GC42-20250708-035814-B8b',NULL,NULL,'Surowy w reaktorze','placek',1,'2025-07-15 21:33:26','2025-07-15 22:03:27','FZ','r4',0,NULL,NULL,'NOWA','SUROWA',NULL,'2025-07-15 19:33:26',NULL,NULL,NULL);
/*!40000 ALTER TABLE `partie_surowca` ENABLE KEYS */;
UNLOCK TABLES;

--
-- Table structure for table `pathfinder_test_history`
--

DROP TABLE IF EXISTS `pathfinder_test_history`;
/*!40101 SET @saved_cs_client     = @@character_set_client */;
/*!50503 SET character_set_client = utf8mb4 */;
CREATE TABLE `pathfinder_test_history` (
  `id` int NOT NULL AUTO_INCREMENT,
  `test_type` varchar(50) CHARACTER SET utf8mb4 COLLATE utf8mb4_unicode_ci NOT NULL,
  `start_point` varchar(100) CHARACTER SET utf8mb4 COLLATE utf8mb4_unicode_ci DEFAULT NULL,
  `end_point` varchar(100) CHARACTER SET utf8mb4 COLLATE utf8mb4_unicode_ci DEFAULT NULL,
  `test_parameters` json DEFAULT NULL,
  `result` json DEFAULT NULL,
  `success` tinyint(1) DEFAULT NULL,
  `execution_time_ms` int DEFAULT NULL,
  `created_at` datetime DEFAULT CURRENT_TIMESTAMP,
  PRIMARY KEY (`id`)
) ENGINE=InnoDB AUTO_INCREMENT=48 DEFAULT CHARSET=utf8mb4 COLLATE=utf8mb4_unicode_ci;
/*!40101 SET character_set_client = @saved_cs_client */;

--
-- Dumping data for table `pathfinder_test_history`
--

LOCK TABLES `pathfinder_test_history` WRITE;
/*!40000 ALTER TABLE `pathfinder_test_history` DISABLE KEYS */;
INSERT INTO `pathfinder_test_history` VALUES (1,'connection_test','R1_IN','R1_OUT','{\"valve_states\": null}','{\"path\": null, \"message\": \"Brak dostępnej ścieżki z R1_IN do R1_OUT\", \"available\": false, \"path_length\": 0, \"segments_used\": []}',0,9,'2025-07-06 02:03:02'),(2,'connection_test','W_FZ_OUT_MAIN','W_R1_FZ','{\"valve_states\": null}','{\"path\": null, \"message\": \"Brak dostępnej ścieżki z W_FZ_OUT_MAIN do W_R1_FZ\", \"available\": false, \"path_length\": 0, \"segments_used\": []}',0,16,'2025-07-06 02:03:16'),(3,'connection_test','FZ_IN','FZ_OUT','{\"valve_states\": null}','{\"path\": [\"SEGM_FZ_IN_DO_FZ_OUT\"], \"message\": \"Znaleziono ścieżkę z FZ_IN do FZ_OUT\", \"available\": true, \"path_length\": 1, \"segments_used\": []}',1,9,'2025-07-06 02:07:23'),(4,'connection_test','R1_OUT','R2_IN','{\"valve_states\": null}','{\"path\": [\"SEGM_R1_OUT_DO_W_R1_FZ\", \"SEGM_W_R1_FZ_DO_W_FZ_IN_MAIN\", \"SEGM_W_FZ_IN_MAIN_DO_FZ_IN\", \"SEGM_FZ_IN_DO_FZ_OUT\", \"SEGM_FZ_OUT_DO_W_FZ_OUT_MAIN\", \"SEGM_W_FZ_OUT_MAIN_DO_R2_IN\"], \"message\": \"Znaleziono ścieżkę z R1_OUT do R2_IN\", \"available\": true, \"path_length\": 6, \"segments_used\": []}',1,30,'2025-07-06 02:10:30'),(5,'find_paths','R1_OUT','R2_IN','{\"max_paths\": 5}','{\"count\": 1, \"paths\": [{\"path\": [\"SEGM_R1_OUT_DO_W_R1_FZ\", \"SEGM_W_R1_FZ_DO_W_FZ_IN_MAIN\", \"SEGM_W_FZ_IN_MAIN_DO_FZ_IN\", \"SEGM_FZ_IN_DO_FZ_OUT\", \"SEGM_FZ_OUT_DO_W_FZ_OUT_MAIN\", \"SEGM_W_FZ_OUT_MAIN_DO_R2_IN\"], \"length\": 6, \"segments\": [], \"estimated_cost\": 5}], \"message\": \"Znaleziono 1 ścieżek z R1_OUT do R2_IN\"}',1,138,'2025-07-06 02:10:39'),(6,'connection_test','R1_OUT','R7_IN','{\"valve_states\": null}','{\"path\": null, \"message\": \"Brak dostępnej ścieżki z R1_OUT do R7_IN\", \"available\": false, \"path_length\": 0, \"segments_used\": []}',0,11,'2025-07-06 02:11:06'),(7,'valve_simulation',NULL,NULL,'{\"valve_changes\": [{\"new_state\": \"OTWARTY\", \"valve_name\": \"V_FN_IN_FN_OUT\", \"test_routes\": [{\"end\": \"R2_IN\", \"start\": \"R1_IN\"}]}]}','{\"message\": \"Wykonano symulację dla 1 zmian zaworów\", \"simulation_results\": [{\"valve_change\": \"V_FN_IN_FN_OUT: OTWARTY\", \"route_results\": [{\"route\": \"R1_IN -> R2_IN\", \"message\": \"Brak dostępnej ścieżki z R1_IN do R2_IN\", \"available\": false, \"path_length\": 0}], \"overall_impact\": \"duży_wpływ\"}]}',1,135,'2025-07-06 02:22:00'),(8,'valve_simulation',NULL,NULL,'{\"valve_changes\": [{\"new_state\": \"ZAMKNIETY\", \"valve_name\": \"V_R1_OUT_W_R1_FZ\", \"test_routes\": [{\"end\": \"R2_IN\", \"start\": \"R1_IN\"}]}]}','{\"message\": \"Wykonano symulację dla 1 zmian zaworów\", \"simulation_results\": [{\"valve_change\": \"V_R1_OUT_W_R1_FZ: ZAMKNIETY\", \"route_results\": [{\"route\": \"R1_IN -> R2_IN\", \"message\": \"Brak dostępnej ścieżki z R1_IN do R2_IN\", \"available\": false, \"path_length\": 0}], \"overall_impact\": \"duży_wpływ\"}]}',1,44,'2025-07-06 02:23:10'),(9,'valve_simulation',NULL,NULL,'{\"valve_changes\": [{\"new_state\": \"OTWARTY\", \"valve_name\": \"V_FZ_OUT_W_FZ_OUT\", \"test_routes\": [{\"end\": \"R2_IN\", \"start\": \"R1_IN\"}]}]}','{\"message\": \"Wykonano symulację dla 1 zmian zaworów\", \"simulation_results\": [{\"valve_change\": \"V_FZ_OUT_W_FZ_OUT: OTWARTY\", \"route_results\": [{\"route\": \"R1_IN -> R2_IN\", \"message\": \"Brak dostępnej ścieżki z R1_IN do R2_IN\", \"available\": false, \"path_length\": 0}], \"overall_impact\": \"duży_wpływ\"}]}',1,53,'2025-07-06 02:23:55'),(10,'connection_test','R1_OUT','R9_IN','{\"valve_states\": null}','{\"path\": null, \"message\": \"Brak dostępnej ścieżki z R1_OUT do R9_IN\", \"available\": false, \"path_length\": 0, \"segments_used\": []}',0,11,'2025-07-06 04:40:47'),(11,'find_paths','R1_OUT','R9_IN','{\"max_paths\": 5}','{\"count\": 0, \"paths\": [], \"message\": \"Brak dostępnych ścieżek z R1_OUT do R9_IN\"}',0,10,'2025-07-06 04:40:54'),(12,'connection_test','R6_OUT','R9_IN','{\"valve_states\": null}','{\"path\": null, \"message\": \"Brak dostępnej ścieżki z R6_OUT do R9_IN\", \"available\": false, \"path_length\": 0, \"segments_used\": []}',0,8,'2025-07-06 04:41:16'),(13,'connection_test','R1_OUT','R3_IN','{\"valve_states\": null}','{\"path\": [\"SEGM_R1_OUT_DO_W_R1_FZ\", \"SEGM_W_R1_FZ_DO_W_FZ_IN_MAIN\", \"SEGM_W_FZ_IN_MAIN_DO_FZ_IN\", \"SEGM_FZ_IN_DO_FZ_OUT\", \"SEGM_FZ_OUT_DO_W_FZ_OUT_MAIN\", \"SEGM_W_FZ_OUT_MAIN_DO_R3_IN\"], \"message\": \"Znaleziono ścieżkę z R1_OUT do R3_IN\", \"available\": true, \"path_length\": 6, \"segments_used\": []}',1,29,'2025-07-06 04:46:22'),(14,'connection_test','R4_OUT','R6_IN','{\"valve_states\": null}','{\"path\": null, \"message\": \"Brak dostępnej ścieżki z R4_OUT do R6_IN\", \"available\": false, \"path_length\": 0, \"segments_used\": []}',0,12,'2025-07-06 04:51:40'),(15,'connection_test','R6_OUT','R8_OUT','{\"valve_states\": null}','{\"path\": null, \"message\": \"Brak dostępnej ścieżki z R6_OUT do R8_OUT\", \"available\": false, \"path_length\": 0, \"segments_used\": []}',0,16,'2025-07-06 05:11:43'),(16,'connection_test','R7_OUT','R7_IN','{\"valve_states\": null}','{\"path\": [\"SEGM_R7_OUT_W_R7_FN\", \"SEGM_W_R7_FN_FN_IN\", \"SEGM_FN_IN_DO_FN_OUT\", \"SEGM_FN_OUT_DO_W_FN_OUT\", \"SEGM_W_FN_OUT_MAIN_DO_R7_IN\"], \"message\": \"Znaleziono ścieżkę z R7_OUT do R7_IN\", \"available\": true, \"path_length\": 5, \"segments_used\": []}',1,119,'2025-07-06 05:13:24'),(17,'connection_test','R4_OUT','R8_IN','{\"valve_states\": null}','{\"path\": null, \"message\": \"Brak dostępnej ścieżki z R4_OUT do R8_IN\", \"available\": false, \"path_length\": 0, \"segments_used\": []}',0,11,'2025-07-06 11:40:46'),(18,'find_paths','R1_IN','R8_IN','{\"max_paths\": 5}','{\"count\": 0, \"paths\": [], \"message\": \"Brak dostępnych ścieżek z R1_IN do R8_IN\"}',0,11,'2025-07-06 11:41:59'),(19,'connection_test','R1_IN','R8_IN','{\"valve_states\": null}','{\"path\": null, \"message\": \"Brak dostępnej ścieżki z R1_IN do R8_IN\", \"available\": false, \"path_length\": 0, \"segments_used\": []}',0,12,'2025-07-06 11:42:06'),(20,'connection_test','R1_OUT','R8_IN','{\"valve_states\": null}','{\"path\": [\"SEGM_R1_OUT_DO_W_R1_FZ\", \"SEGM_W_R1_FZ_DO_W_R1_R2\", \"SEGM_W_R1_R2_DO_W_R2_R3\", \"SEGM_W_R2_R3_DO_W_R3_R6_R9\", \"SEGM_W_R8_R9_DO_W_R3_R6_R9\", \"SEGM_W_R7_R8_W_R8_R9\", \"SEGM_W_R7_FN_W_R7_R8\", \"SEGM_W_R7_FN_FN_IN\", \"SEGM_FN_IN_DO_FN_OUT\", \"SEGM_FN_OUT_DO_W_FN_OUT\", \"SEGM_W_FN_OUT_MAIN_DO_R8_IN\"], \"message\": \"Znaleziono ścieżkę z R1_OUT do R8_IN\", \"available\": true, \"path_length\": 11, \"segments_used\": []}',1,28,'2025-07-06 11:42:42'),(21,'find_paths','R1_OUT','R8_IN','{\"max_paths\": 5}','{\"count\": 1, \"paths\": [{\"path\": [\"SEGM_R1_OUT_DO_W_R1_FZ\", \"SEGM_W_R1_FZ_DO_W_R1_R2\", \"SEGM_W_R1_R2_DO_W_R2_R3\", \"SEGM_W_R2_R3_DO_W_R3_R6_R9\", \"SEGM_W_R8_R9_DO_W_R3_R6_R9\", \"SEGM_W_R7_R8_W_R8_R9\", \"SEGM_W_R7_FN_W_R7_R8\", \"SEGM_W_R7_FN_FN_IN\", \"SEGM_FN_IN_DO_FN_OUT\", \"SEGM_FN_OUT_DO_W_FN_OUT\", \"SEGM_W_FN_OUT_MAIN_DO_R8_IN\"], \"length\": 11, \"segments\": [], \"estimated_cost\": 10}], \"message\": \"Znaleziono 1 ścieżek z R1_OUT do R8_IN\"}',1,83,'2025-07-06 11:42:55'),(22,'connection_test','R9_OUT','R1_IN','{\"valve_states\": null}','{\"path\": [\"SEGM_R9_OUT_W_R8_R9\", \"SEGM_W_R8_R9_W_R3_R6_R9\", \"SEGM_W_R3_R6_R9_W_R3_R2\", \"SEGM_W_R2_R3_DO_W_R1_R2\", \"SEGM_W_R1_R2_DO_W_R1_FZ\", \"SEGM_W_R1_FZ_DO_W_FZ_IN_MAIN\", \"SEGM_W_FZ_IN_MAIN_DO_FZ_IN\", \"SEGM_FZ_IN_DO_FZ_OUT\", \"SEGM_FZ_OUT_DO_W_FZ_OUT_MAIN\", \"SEGM_W_FZ_OUT_MAIN_DO_R1_IN\"], \"message\": \"Znaleziono ścieżkę z R9_OUT do R1_IN\", \"available\": true, \"path_length\": 10, \"segments_used\": []}',1,50,'2025-07-06 11:49:33'),(23,'connection_test','R9_OUT','R1_IN','{\"valve_states\": null}','{\"path\": [\"SEGM_R9_OUT_W_R8_R9\", \"SEGM_W_R8_R9_W_R3_R6_R9\", \"SEGM_W_R3_R6_R9_W_R3_R2\", \"SEGM_W_R2_R3_DO_W_R1_R2\", \"SEGM_W_R1_R2_DO_W_R1_FZ\", \"SEGM_W_R1_FZ_DO_W_FZ_IN_MAIN\", \"SEGM_W_FZ_IN_MAIN_DO_FZ_IN\", \"SEGM_FZ_IN_DO_FZ_OUT\", \"SEGM_FZ_OUT_DO_W_FZ_OUT_MAIN\", \"SEGM_W_FZ_OUT_MAIN_DO_R1_IN\"], \"message\": \"Znaleziono ścieżkę z R9_OUT do R1_IN\", \"available\": true, \"path_length\": 10, \"segments_used\": []}',1,33,'2025-07-06 11:49:47'),(24,'find_paths','R9_OUT','R1_IN','{\"max_paths\": 5}','{\"count\": 1, \"paths\": [{\"path\": [\"SEGM_R9_OUT_W_R8_R9\", \"SEGM_W_R8_R9_W_R3_R6_R9\", \"SEGM_W_R3_R6_R9_W_R3_R2\", \"SEGM_W_R2_R3_DO_W_R1_R2\", \"SEGM_W_R1_R2_DO_W_R1_FZ\", \"SEGM_W_R1_FZ_DO_W_FZ_IN_MAIN\", \"SEGM_W_FZ_IN_MAIN_DO_FZ_IN\", \"SEGM_FZ_IN_DO_FZ_OUT\", \"SEGM_FZ_OUT_DO_W_FZ_OUT_MAIN\", \"SEGM_W_FZ_OUT_MAIN_DO_R1_IN\"], \"length\": 10, \"segments\": [], \"estimated_cost\": 9}], \"message\": \"Znaleziono 1 ścieżek z R9_OUT do R1_IN\"}',1,109,'2025-07-06 11:49:49'),(25,'connection_test','R9_OUT','R1_IN','{\"valve_states\": null}','{\"path\": [\"SEGM_R9_OUT_W_R8_R9\", \"SEGM_W_R8_R9_W_R3_R6_R9\", \"SEGM_W_R3_R6_R9_W_R3_R2\", \"SEGM_W_R2_R3_DO_W_R1_R2\", \"SEGM_W_R1_R2_DO_W_R1_FZ\", \"SEGM_W_R1_FZ_DO_W_FZ_IN_MAIN\", \"SEGM_W_FZ_IN_MAIN_DO_FZ_IN\", \"SEGM_FZ_IN_DO_FZ_OUT\", \"SEGM_FZ_OUT_DO_W_FZ_OUT_MAIN\", \"SEGM_W_FZ_OUT_MAIN_DO_R1_IN\"], \"message\": \"Znaleziono ścieżkę z R9_OUT do R1_IN\", \"available\": true, \"path_length\": 10, \"segments_used\": []}',1,38,'2025-07-06 11:49:51'),(26,'connection_test','R7_OUT','R1_IN','{\"valve_states\": null}','{\"path\": [\"SEGM_R7_OUT_W_R7_FN\", \"SEGM_W_R7_FN_DO_W_R7_R8\", \"SEGM_W_R7_R8_DO_W_R8_R9\", \"SEGM_W_R8_R9_W_R3_R6_R9\", \"SEGM_W_R3_R6_R9_W_R3_R2\", \"SEGM_W_R2_R3_DO_W_R1_R2\", \"SEGM_W_R1_R2_DO_W_R1_FZ\", \"SEGM_W_R1_FZ_DO_W_FZ_IN_MAIN\", \"SEGM_W_FZ_IN_MAIN_DO_FZ_IN\", \"SEGM_FZ_IN_DO_FZ_OUT\", \"SEGM_FZ_OUT_DO_W_FZ_OUT_MAIN\", \"SEGM_W_FZ_OUT_MAIN_DO_R1_IN\"], \"message\": \"Znaleziono ścieżkę z R7_OUT do R1_IN\", \"available\": true, \"path_length\": 12, \"segments_used\": []}',1,45,'2025-07-06 11:50:05'),(27,'connection_test','B9b_OUT','B7b_IN','{\"valve_states\": null}','{\"path\": null, \"message\": \"Brak dostępnej ścieżki z B9b_OUT do B7b_IN\", \"available\": false, \"path_length\": 0, \"segments_used\": []}',0,16,'2025-07-17 20:19:42'),(28,'connection_test','B9b_OUT','B7b_IN','{\"valve_states\": null}','{\"path\": null, \"message\": \"Brak dostępnej ścieżki z B9b_OUT do B7b_IN\", \"available\": false, \"path_length\": 0, \"segments_used\": []}',0,14,'2025-07-17 20:20:33'),(29,'connection_test','B10b_OUT','B1b_IN','{\"valve_states\": null}','{\"path\": null, \"message\": \"Brak dostępnej ścieżki z B10b_OUT do B1b_IN\", \"available\": false, \"path_length\": 0, \"segments_used\": []}',0,12,'2025-07-17 20:20:56'),(30,'connection_test','B10b_OUT','B1b_IN','{\"valve_states\": null}','{\"path\": null, \"message\": \"Brak dostępnej ścieżki z B10b_OUT do B1b_IN\", \"available\": false, \"path_length\": 0, \"segments_used\": []}',0,12,'2025-07-17 20:30:25'),(31,'connection_test','B10b_OUT','B1b_IN','{\"valve_states\": null}','{\"path\": null, \"message\": \"Brak dostępnej ścieżki z B10b_OUT do B1b_IN\", \"available\": false, \"path_length\": 0, \"segments_used\": []}',0,12,'2025-07-17 20:35:34'),(32,'find_paths','B10b_OUT','B1b_IN','{\"max_paths\": 5}','{\"count\": 0, \"paths\": [], \"message\": \"Brak dostępnych ścieżek z B10b_OUT do B1b_IN\"}',0,11,'2025-07-17 20:35:43'),(33,'connection_test','R1_OUT','B1b_IN','{\"valve_states\": null}','{\"path\": null, \"message\": \"Brak dostępnej ścieżki z R1_OUT do B1b_IN\", \"available\": false, \"path_length\": 0, \"segments_used\": []}',0,13,'2025-07-17 20:36:46'),(34,'connection_test','R1_OUT','R2_IN','{\"valve_states\": null}','{\"path\": [\"SEGM_R1_OUT_DO_W_R1_FZ\", \"SEGM_W_R1_FZ_DO_W_FZ_IN_MAIN\", \"SEGM_W_FZ_IN_MAIN_DO_FZ_IN\", \"SEGM_FZ_IN_DO_FZ_OUT\", \"SEGM_FZ_OUT_DO_W_FZ_OUT_MAIN\", \"SEGM_W_FZ_OUT_MAIN_DO_R2_IN\"], \"message\": \"Znaleziono ścieżkę z R1_OUT do R2_IN\", \"available\": true, \"path_length\": 6, \"segments_used\": []}',1,31,'2025-07-17 20:36:54'),(35,'connection_test','B10b_OUT','R1_IN','{\"valve_states\": null}','{\"path\": null, \"message\": \"Brak dostępnej ścieżki z B10b_OUT do R1_IN\", \"available\": false, \"path_length\": 0, \"segments_used\": []}',0,14,'2025-07-17 20:39:00'),(36,'connection_test','B10b_OUT','B2b_IN','{\"valve_states\": null}','{\"path\": null, \"message\": \"Brak dostępnej ścieżki z B10b_OUT do B2b_IN\", \"available\": false, \"path_length\": 0, \"segments_used\": []}',0,13,'2025-07-17 20:39:34'),(37,'connection_test','B10b_OUT','B2b_IN','{\"valve_states\": null}','{\"path\": null, \"message\": \"Brak dostępnej ścieżki z B10b_OUT do B2b_IN\", \"available\": false, \"path_length\": 0, \"segments_used\": []}',0,12,'2025-07-17 20:39:49'),(38,'connection_test','B7b_OUT','B3b_IN','{\"valve_states\": null}','{\"path\": null, \"message\": \"Brak dostępnej ścieżki z B7b_OUT do B3b_IN\", \"available\": false, \"path_length\": 0, \"segments_used\": []}',0,13,'2025-07-17 20:41:13'),(39,'connection_test','B9b_OUT','R9_IN','{\"valve_states\": null}','{\"path\": [\"segm_b9b_out_w_b9b_out\", \"segm_w_b8b_out_w_b9b_out\", \"SEGM_W_R3_R6_R9_W_p3_down\", \"segm_w_p3_down_w_tankowanie\", \"segm_w_tankowanie_r9_in\"], \"message\": \"Znaleziono ścieżkę z B9b_OUT do R9_IN\", \"available\": true, \"path_length\": 5, \"segments_used\": []}',1,28,'2025-07-17 20:48:34'),(40,'connection_test','B9b_OUT','B7b_IN','{\"valve_states\": null}','{\"path\": [\"segm_b9b_out_w_b9b_out\", \"segm_w_b8b_out_w_b9b_out\", \"SEGM_W_R3_R6_R9_W_p3_down\", \"segm_w_p3_down_w_p3_up\", \"segm_w_p3_up_w_b8b_in\", \"segm_w_b8b_in_w_b7b_in\", \"segm_w_b7b_in_b7b_in\"], \"message\": \"Znaleziono ścieżkę z B9b_OUT do B7b_IN\", \"available\": true, \"path_length\": 7, \"segments_used\": []}',1,36,'2025-07-17 20:49:42'),(41,'connection_test','B1b_OUT','B7b_IN','{\"valve_states\": null}','{\"path\": [\"segm_b1b_out_w_b1b_out\", \"segm_w_b1b_out_w_b2b_out\", \"segm_w_b2b_out_w_b3b_out\", \"segm_w_b3b_out_w_b4b_out\", \"segm_w_b4b_out_w_b5b_out\", \"segm_w_b5b_out_w_b6b_out\", \"segm_w_b6b_out_w_b7b_out\", \"segm_w_b7b_out_w_b8b_out\", \"segm_w_b8b_out_w_p3_down\", \"segm_w_p3_down_w_p3_up\", \"segm_w_p3_up_w_b8b_in\", \"segm_w_b8b_in_w_b7b_in\", \"segm_w_b7b_in_b7b_in\"], \"message\": \"Znaleziono ścieżkę z B1b_OUT do B7b_IN\", \"available\": true, \"path_length\": 13, \"segments_used\": []}',1,38,'2025-07-17 20:50:13'),(42,'find_paths','B1b_OUT','B7b_IN','{\"max_paths\": 5}','{\"count\": 1, \"paths\": [{\"path\": [\"segm_b1b_out_w_b1b_out\", \"segm_w_b1b_out_w_b2b_out\", \"segm_w_b2b_out_w_b3b_out\", \"segm_w_b3b_out_w_b4b_out\", \"segm_w_b4b_out_w_b5b_out\", \"segm_w_b5b_out_w_b6b_out\", \"segm_w_b6b_out_w_b7b_out\", \"segm_w_b7b_out_w_b8b_out\", \"segm_w_b8b_out_w_p3_down\", \"segm_w_p3_down_w_p3_up\", \"segm_w_p3_up_w_b8b_in\", \"segm_w_b8b_in_w_b7b_in\", \"segm_w_b7b_in_b7b_in\"], \"length\": 13, \"segments\": [], \"estimated_cost\": 12}], \"message\": \"Znaleziono 1 ścieżek z B1b_OUT do B7b_IN\"}',1,118,'2025-07-17 20:51:09'),(43,'find_paths','B1b_OUT','B2b_IN','{\"max_paths\": 5}','{\"count\": 1, \"paths\": [{\"path\": [\"segm_b1b_out_w_b1b_out\", \"segm_w_b1b_out_w_b2b_out\", \"segm_w_b2b_out_w_b3b_out\", \"segm_w_b3b_out_w_b4b_out\", \"segm_w_b4b_out_w_b5b_out\", \"segm_w_b5b_out_w_b6b_out\", \"segm_w_b6b_out_w_b7b_out\", \"segm_w_b7b_out_w_b8b_out\", \"segm_w_b8b_out_w_p3_down\", \"segm_w_p3_down_w_p3_up\", \"segm_w_p3_up_w_b8b_in\", \"segm_w_b8b_in_w_b7b_in\", \"segm_w_b7b_in_w_b6b_in\", \"segm_w_b6b_in_w_b5b_in\", \"segm_w_b5b_in_w_b4b_in\", \"segm_w_b4b_in_w_b3b_in\", \"segm_w_b3b_in_w_b2b_in\", \"segm_w_b2b_in_b2b_in\"], \"length\": 18, \"segments\": [], \"estimated_cost\": 17}], \"message\": \"Znaleziono 1 ścieżek z B1b_OUT do B2b_IN\"}',1,138,'2025-07-17 20:51:33'),(44,'connection_test','B1b_OUT','R1_IN','{\"valve_states\": null}','{\"path\": [\"segm_b1b_out_w_b1b_out\", \"segm_w_b1b_out_w_b2b_out\", \"segm_w_b2b_out_w_b3b_out\", \"segm_w_b3b_out_w_b4b_out\", \"segm_w_b4b_out_w_b5b_out\", \"segm_w_b5b_out_w_b6b_out\", \"segm_w_b6b_out_w_b7b_out\", \"segm_w_b7b_out_w_b8b_out\", \"segm_w_b8b_out_w_p3_down\", \"segm_w_p3_down_w_tankowanie\", \"segm_w_tankowanie_r1_in\"], \"message\": \"Znaleziono ścieżkę z B1b_OUT do R1_IN\", \"available\": true, \"path_length\": 11, \"segments_used\": []}',1,36,'2025-07-17 20:52:07'),(45,'connection_test','B10b_OUT','R1_IN','{\"valve_states\": null}','{\"path\": null, \"message\": \"Brak dostępnej ścieżki z B10b_OUT do R1_IN\", \"available\": false, \"path_length\": 0, \"segments_used\": []}',0,12,'2025-07-17 20:55:51'),(46,'connection_test','B10b_OUT','R1_IN','{\"valve_states\": null}','{\"path\": [\"segm_b10b_out_w_b10b_out\", \"segm_w_b9b_out_w_b10b_out\", \"segm_w_b8b_out_w_b9b_out\", \"SEGM_W_R3_R6_R9_W_p3_down\", \"segm_w_p3_down_w_tankowanie\", \"segm_w_tankowanie_r1_in\"], \"message\": \"Znaleziono ścieżkę z B10b_OUT do R1_IN\", \"available\": true, \"path_length\": 6, \"segments_used\": []}',1,33,'2025-07-17 20:56:35'),(47,'connection_test','AP1_OUT','R6_IN','{\"valve_states\": null}','{\"path\": [\"segm_ap1_out_w_ap1_out\", \"segm_w_ap1_w_niebieska_out\", \"segm_w_niebieska_out_w_cys_mauzer_out\", \"segm_w_cys_mauzer_out_w_b10b_out\", \"segm_w_b10b_out_w_b9b_out\", \"segm_w_b9b_out_w_p2_down\", \"segm_w_p2_down_w_p2_up\", \"segm_w_p2_up_w_r3_r6_r9\", \"SEGM_W_R3_R6_R9_W_p3_down\", \"segm_w_p3_down_w_tankowanie\", \"segm_w_tankowanie_r6_in\"], \"message\": \"Znaleziono ścieżkę z AP1_OUT do R6_IN\", \"available\": true, \"path_length\": 11, \"segments_used\": []}',1,39,'2025-07-17 21:56:50');
/*!40000 ALTER TABLE `pathfinder_test_history` ENABLE KEYS */;
UNLOCK TABLES;

--
-- Table structure for table `porty_sprzetu`
--

DROP TABLE IF EXISTS `porty_sprzetu`;
/*!40101 SET @saved_cs_client     = @@character_set_client */;
/*!50503 SET character_set_client = utf8mb4 */;
CREATE TABLE `porty_sprzetu` (
  `id` int NOT NULL AUTO_INCREMENT,
  `id_sprzetu` int NOT NULL,
  `nazwa_portu` varchar(50) CHARACTER SET utf8mb4 COLLATE utf8mb4_unicode_ci NOT NULL,
  `typ_portu` enum('IN','OUT') CHARACTER SET utf8mb4 COLLATE utf8mb4_unicode_ci NOT NULL,
  PRIMARY KEY (`id`),
  UNIQUE KEY `nazwa_portu` (`nazwa_portu`),
  KEY `id_sprzetu` (`id_sprzetu`),
  CONSTRAINT `porty_sprzetu_ibfk_1` FOREIGN KEY (`id_sprzetu`) REFERENCES `sprzet` (`id`) ON DELETE CASCADE
) ENGINE=InnoDB AUTO_INCREMENT=126 DEFAULT CHARSET=utf8mb4 COLLATE=utf8mb4_unicode_ci COMMENT='Punkty wejściowe/wyjściowe na sprzęcie (reaktorach, filtrach)';
/*!40101 SET character_set_client = @saved_cs_client */;

--
-- Dumping data for table `porty_sprzetu`
--

LOCK TABLES `porty_sprzetu` WRITE;
/*!40000 ALTER TABLE `porty_sprzetu` DISABLE KEYS */;
INSERT INTO `porty_sprzetu` VALUES (1,1,'R1_IN','IN'),(2,1,'R1_OUT','OUT'),(3,2,'R2_IN','IN'),(4,2,'R2_OUT','OUT'),(5,3,'R3_IN','IN'),(6,3,'R3_OUT','OUT'),(7,4,'R4_IN','IN'),(8,4,'R4_OUT','OUT'),(9,5,'R5_IN','IN'),(10,5,'R5_OUT','OUT'),(11,6,'FZ_IN','IN'),(12,6,'FZ_OUT','OUT'),(13,7,'FN_IN','IN'),(14,7,'FN_OUT','OUT'),(16,10,'R6_IN','IN'),(17,11,'R7_IN','IN'),(18,12,'R8_IN','IN'),(19,13,'R9_IN','IN'),(23,10,'R6_OUT','OUT'),(24,11,'R7_OUT','OUT'),(25,12,'R8_OUT','OUT'),(26,13,'R9_OUT','OUT'),(27,8,'B1b_OUT','OUT'),(28,18,'B2b_OUT','OUT'),(29,19,'B3b_OUT','OUT'),(30,20,'B4b_OUT','OUT'),(31,21,'B5b_OUT','OUT'),(32,22,'B6b_OUT','OUT'),(33,23,'B7b_OUT','OUT'),(34,24,'B8b_OUT','OUT'),(35,25,'B9b_OUT','OUT'),(36,26,'B10b_OUT','OUT'),(43,8,'B1b_IN','IN'),(44,18,'B2b_IN','IN'),(45,19,'B3b_IN','IN'),(46,20,'B4b_IN','IN'),(47,21,'B5b_IN','IN'),(48,22,'B6b_IN','IN'),(49,23,'B7b_IN','IN'),(50,24,'B8b_IN','IN'),(51,25,'B9b_IN','IN'),(52,26,'B10b_IN','IN'),(58,9,'B1c_IN','IN'),(59,28,'B2c_IN','IN'),(60,29,'B3c_IN','IN'),(61,30,'B4c_IN','IN'),(62,31,'B5c_IN','IN'),(63,32,'B6c_IN','IN'),(64,33,'B7c_IN','IN'),(65,34,'B8c_IN','IN'),(66,35,'B9c_IN','IN'),(67,36,'B10c_IN','IN'),(68,37,'B11c_IN','IN'),(69,38,'B12c_IN','IN'),(73,9,'B1c_OUT','OUT'),(74,28,'B2c_OUT','OUT'),(75,29,'B3c_OUT','OUT'),(76,30,'B4c_OUT','OUT'),(77,31,'B5c_OUT','OUT'),(78,32,'B6c_OUT','OUT'),(79,33,'B7c_OUT','OUT'),(80,34,'B8c_OUT','OUT'),(81,35,'B9c_OUT','OUT'),(82,36,'B10c_OUT','OUT'),(83,37,'B11c_OUT','OUT'),(84,38,'B12c_OUT','OUT'),(106,107,'AP1_IN','IN'),(107,107,'AP1_OUT','OUT'),(108,108,'AP2_IN','IN'),(109,108,'AP2_OUT','OUT'),(110,109,'NIEBIESKI_IN','IN'),(111,109,'NIEBIESKI_OUT','OUT'),(112,111,'MAUZER_IN','IN'),(113,111,'MAUZER_OUT','OUT'),(114,112,'B10b_mag_IN','IN'),(115,112,'B10b_mag_OUT','OUT'),(116,113,'B9b_mag_IN','IN'),(117,113,'B9b_mag_OUT','OUT'),(118,110,'CYSTERNA_B1b_IN','IN'),(119,110,'CYSTERNA_B1b_OUT','OUT'),(120,114,'CYSTERNA_B10b_IN','IN'),(121,114,'CYSTERNA_B10b_OUT','OUT'),(122,115,'BIALA_IN','IN'),(123,115,'BIALA_OUT','OUT'),(124,116,'CYSTERNA_B12C_IN','IN'),(125,116,'CYSTERNA_B12C_OUT','OUT');
/*!40000 ALTER TABLE `porty_sprzetu` ENABLE KEYS */;
UNLOCK TABLES;

--
-- Table structure for table `probki_ocena`
--

DROP TABLE IF EXISTS `probki_ocena`;
/*!40101 SET @saved_cs_client     = @@character_set_client */;
/*!50503 SET character_set_client = utf8mb4 */;
CREATE TABLE `probki_ocena` (
  `id` int NOT NULL AUTO_INCREMENT,
  `id_partii` int NOT NULL,
  `id_cyklu_filtracyjnego` int NOT NULL,
  `czas_pobrania` datetime NOT NULL,
  `czas_oceny` datetime DEFAULT NULL,
  `wynik_oceny` enum('pozytywna','negatywna','oczekuje') CHARACTER SET utf8mb4 COLLATE utf8mb4_unicode_ci DEFAULT 'oczekuje',
  `ocena_koloru` varchar(50) CHARACTER SET utf8mb4 COLLATE utf8mb4_unicode_ci DEFAULT NULL,
  `decyzja` enum('kontynuuj_filtracje','wyslij_do_magazynu','dodaj_ziemie') CHARACTER SET utf8mb4 COLLATE utf8mb4_unicode_ci DEFAULT NULL,
  `operator_oceniajacy` varchar(100) CHARACTER SET utf8mb4 COLLATE utf8mb4_unicode_ci DEFAULT NULL,
  `uwagi` text CHARACTER SET utf8mb4 COLLATE utf8mb4_unicode_ci,
  PRIMARY KEY (`id`),
  KEY `id_cyklu_filtracyjnego` (`id_cyklu_filtracyjnego`),
  KEY `idx_partia_czas` (`id_partii`,`czas_pobrania`),
  CONSTRAINT `probki_ocena_ibfk_1` FOREIGN KEY (`id_partii`) REFERENCES `partie_surowca` (`id`) ON DELETE CASCADE,
  CONSTRAINT `probki_ocena_ibfk_2` FOREIGN KEY (`id_cyklu_filtracyjnego`) REFERENCES `cykle_filtracyjne` (`id`) ON DELETE CASCADE
) ENGINE=InnoDB DEFAULT CHARSET=utf8mb4 COLLATE=utf8mb4_unicode_ci COMMENT='Rejestr próbek i ich ocen podczas procesu filtracji';
/*!40101 SET character_set_client = @saved_cs_client */;

--
-- Dumping data for table `probki_ocena`
--

LOCK TABLES `probki_ocena` WRITE;
/*!40000 ALTER TABLE `probki_ocena` DISABLE KEYS */;
/*!40000 ALTER TABLE `probki_ocena` ENABLE KEYS */;
UNLOCK TABLES;

--
-- Table structure for table `segmenty`
--

DROP TABLE IF EXISTS `segmenty`;
/*!40101 SET @saved_cs_client     = @@character_set_client */;
/*!50503 SET character_set_client = utf8mb4 */;
CREATE TABLE `segmenty` (
  `id` int NOT NULL AUTO_INCREMENT,
  `nazwa_segmentu` varchar(100) CHARACTER SET utf8mb4 COLLATE utf8mb4_unicode_ci NOT NULL,
  `id_portu_startowego` int DEFAULT NULL,
  `id_wezla_startowego` int DEFAULT NULL,
  `id_portu_koncowego` int DEFAULT NULL,
  `id_wezla_koncowego` int DEFAULT NULL,
  `id_zaworu` int NOT NULL,
  PRIMARY KEY (`id`),
  UNIQUE KEY `nazwa_segmentu` (`nazwa_segmentu`),
  KEY `id_portu_startowego` (`id_portu_startowego`),
  KEY `id_wezla_startowego` (`id_wezla_startowego`),
  KEY `id_portu_koncowego` (`id_portu_koncowego`),
  KEY `id_wezla_koncowego` (`id_wezla_koncowego`),
  KEY `id_zaworu` (`id_zaworu`),
  CONSTRAINT `segmenty_ibfk_1` FOREIGN KEY (`id_portu_startowego`) REFERENCES `porty_sprzetu` (`id`),
  CONSTRAINT `segmenty_ibfk_2` FOREIGN KEY (`id_wezla_startowego`) REFERENCES `wezly_rurociagu` (`id`),
  CONSTRAINT `segmenty_ibfk_3` FOREIGN KEY (`id_portu_koncowego`) REFERENCES `porty_sprzetu` (`id`),
  CONSTRAINT `segmenty_ibfk_4` FOREIGN KEY (`id_wezla_koncowego`) REFERENCES `wezly_rurociagu` (`id`),
  CONSTRAINT `segmenty_ibfk_5` FOREIGN KEY (`id_zaworu`) REFERENCES `zawory` (`id`),
  CONSTRAINT `chk_end` CHECK (((`id_portu_koncowego` is not null) or (`id_wezla_koncowego` is not null))),
  CONSTRAINT `chk_start` CHECK (((`id_portu_startowego` is not null) or (`id_wezla_startowego` is not null)))
) ENGINE=InnoDB AUTO_INCREMENT=217 DEFAULT CHARSET=utf8mb4 COLLATE=utf8mb4_unicode_ci COMMENT='Definiuje fizyczne połączenia (krawędzie grafu)';
/*!40101 SET character_set_client = @saved_cs_client */;

--
-- Dumping data for table `segmenty`
--

LOCK TABLES `segmenty` WRITE;
/*!40000 ALTER TABLE `segmenty` DISABLE KEYS */;
INSERT INTO `segmenty` VALUES (1,'SEGM_R3_OUT_DO_W_R2_R3',6,NULL,NULL,1,1),(2,'SEGM_W_R2_R3_DO_W_R1_R2',NULL,1,NULL,2,2),(3,'SEGM_W_R1_R2_DO_W_R1_FZ',NULL,2,NULL,3,3),(4,'SEGM_R5_OUT_DO_W_R4_R5',10,NULL,NULL,4,4),(5,'SEGM_W_R4_R5_DO_W_R4_FZ',NULL,4,NULL,5,5),(6,'SEGM_W_R1_FZ_DO_W_FZ_IN_MAIN',NULL,3,NULL,6,6),(7,'SEGM_W_R4_FZ_DO_W_FZ_IN_MAIN',NULL,5,NULL,6,7),(8,'SEGM_W_FZ_IN_MAIN_DO_FZ_IN',NULL,6,11,NULL,8),(9,'SEGM_FZ_OUT_DO_W_FZ_OUT_MAIN',12,NULL,NULL,7,9),(10,'SEGM_W_FZ_OUT_MAIN_DO_R1_IN',NULL,7,1,NULL,10),(11,'SEGM_W_FZ_OUT_MAIN_DO_R2_IN',NULL,7,3,NULL,11),(12,'SEGM_W_FZ_OUT_MAIN_DO_R3_IN',NULL,7,5,NULL,12),(13,'SEGM_W_FZ_OUT_MAIN_DO_R4_IN',NULL,7,7,NULL,13),(14,'SEGM_W_FZ_OUT_MAIN_DO_R5_IN',NULL,7,9,NULL,14),(15,'SEGM_FZ_IN_DO_FZ_OUT',11,NULL,12,NULL,15),(16,'SEGM_R2_OUT_DO_W_R1_R2',4,NULL,NULL,2,16),(17,'SEGM_R1_OUT_DO_W_R1_FZ',2,NULL,NULL,3,17),(18,'SEGM_R4_OUT_DO_W_R4_FZ',8,NULL,NULL,5,18),(21,'SEGM_FN_IN_DO_FN_OUT',13,NULL,14,NULL,21),(22,'SEGM_W_R3_R6_R9_W_R3_R2',NULL,13,NULL,1,30),(23,'SEGM_W_R7_R8_W_R8_R9',NULL,11,NULL,10,27),(24,'SEGM_W_R7_FN_W_R7_R8',NULL,10,NULL,9,26),(25,'SEGM_R7_OUT_W_R7_FN',24,NULL,NULL,9,22),(26,'SEGM_R8_OUT_W_R7_R8',25,NULL,NULL,10,23),(27,'SEGM_R9_OUT_W_R8_R9',26,NULL,NULL,11,24),(28,'SEGM_W_R8_R9_W_R3_R6_R9',NULL,11,NULL,13,28),(31,'SEGM_W_R3_R6_R9_W_R5_R6',NULL,13,NULL,15,29),(32,'SEGM_W_R7_FN_FN_IN',NULL,9,13,NULL,25),(33,'SEGM_R6_OUT_W_R5_R6',23,NULL,NULL,15,31),(34,'SEGM_W_R4_R5_W_R5_R6',NULL,4,NULL,15,32),(36,'SEGM_FN_OUT_DO_W_FN_OUT',14,NULL,NULL,8,33),(37,'SEGM_W_FN_OUT_MAIN_DO_R6_IN',NULL,8,16,NULL,34),(38,'SEGM_W_FN_OUT_MAIN_DO_R7_IN',NULL,8,17,NULL,35),(39,'SEGM_W_FN_OUT_MAIN_DO_R8_IN',NULL,8,18,NULL,36),(40,'SEGM_W_FN_OUT_MAIN_DO_R9_IN',NULL,8,19,NULL,37),(48,'SEGM_W_R1_FZ_DO_W_R1_R2',NULL,3,NULL,2,3),(49,'SEGM_W_R1_R2_DO_W_R2_R3',NULL,2,NULL,1,2),(50,'SEGM_W_R4_FZ_DO_W_R4_R5',NULL,5,NULL,4,5),(51,'SEGM_W_R5_R6_DO_W_R4_R5',NULL,15,NULL,4,32),(52,'SEGM_W_R2_R3_DO_W_R3_R6_R9',NULL,1,NULL,13,30),(53,'SEGM_W_R5_R6_DO_W_R3_R6_R9',NULL,15,NULL,13,29),(54,'SEGM_W_R7_FN_DO_W_R7_R8',NULL,9,NULL,10,26),(55,'SEGM_W_R7_R8_DO_W_R8_R9',NULL,10,NULL,11,27),(56,'SEGM_W_R8_R9_DO_W_R3_R6_R9',NULL,13,NULL,11,28),(57,'segm_b1b_out_w_b1b_out',27,NULL,NULL,16,38),(58,'segm_b2b_out_w_b2b_out',28,NULL,NULL,17,39),(59,'segm_b3b_out_w_b3b_out',29,NULL,NULL,18,40),(60,'segm_b4b_out_w_b4b_out',30,NULL,NULL,19,41),(61,'segm_b5b_out_w_b5b_out',31,NULL,NULL,20,42),(62,'segm_b6b_out_w_b6b_out',32,NULL,NULL,21,43),(63,'segm_b7b_out_w_b7b_out',33,NULL,NULL,22,44),(64,'segm_b8b_out_w_b8b_out',34,NULL,NULL,23,45),(65,'segm_w_b1b_in_b1b_in',NULL,24,43,NULL,46),(66,'segm_w_b2b_in_b2b_in',NULL,25,44,NULL,47),(67,'segm_w_b3b_in_b3b_in',NULL,26,45,NULL,48),(68,'segm_w_b4b_in_b4b_in',NULL,27,46,NULL,49),(69,'segm_w_b5b_in_b5b_in',NULL,28,47,NULL,50),(70,'segm_w_b6b_in_b6b_in',NULL,29,48,NULL,51),(71,'segm_w_b7b_in_b7b_in',NULL,30,49,NULL,52),(72,'segm_w_b8b_in_b8b_in',NULL,31,50,NULL,53),(73,'segm_w_b1b_out_w_b2b_out',NULL,16,NULL,17,54),(74,'segm_w_b2b_out_w_b1b_out',NULL,17,NULL,16,54),(75,'segm_w_b2b_out_w_b3b_out',NULL,17,NULL,18,55),(76,'segm_w_b3b_out_w_b2b_out',NULL,18,NULL,17,55),(77,'segm_w_b3b_out_w_b4b_out',NULL,18,NULL,19,56),(78,'segm_w_b4b_out_w_b3b_out',NULL,19,NULL,18,56),(79,'segm_w_b4b_out_w_b5b_out',NULL,19,NULL,20,57),(80,'segm_w_b5b_out_w_b4b_out',NULL,20,NULL,19,57),(81,'segm_w_b5b_out_w_b6b_out',NULL,20,NULL,21,58),(82,'segm_w_b6b_out_w_b5b_out',NULL,21,NULL,20,58),(83,'segm_w_b6b_out_w_b7b_out',NULL,21,NULL,22,59),(84,'segm_w_b7b_out_w_b6b_out',NULL,22,NULL,21,59),(85,'segm_w_b7b_out_w_b8b_out',NULL,22,NULL,23,60),(86,'segm_w_b8b_out_w_b7b_out',NULL,23,NULL,22,60),(87,'segm_w_b8b_in_w_b7b_in',NULL,31,NULL,30,61),(88,'segm_w_b7b_in_w_b8b_in',NULL,30,NULL,31,61),(89,'segm_w_b7b_in_w_b6b_in',NULL,30,NULL,29,62),(90,'segm_w_b6b_in_w_b7b_in',NULL,29,NULL,30,62),(91,'segm_w_b6b_in_w_b5b_in',NULL,29,NULL,28,63),(92,'segm_w_b5b_in_w_b6b_in',NULL,28,NULL,29,63),(93,'segm_w_b5b_in_w_b4b_in',NULL,28,NULL,27,64),(94,'segm_w_b4b_in_w_b5b_in',NULL,27,NULL,28,64),(95,'segm_w_b4b_in_w_b3b_in',NULL,27,NULL,26,65),(96,'segm_w_b3b_in_w_b4b_in',NULL,26,NULL,27,65),(97,'segm_w_b3b_in_w_b2b_in',NULL,26,NULL,25,66),(98,'segm_w_b2b_in_w_b3b_in',NULL,25,NULL,26,66),(99,'segm_w_b2b_in_w_b1b_in',NULL,25,NULL,24,67),(100,'segm_w_b1b_in_w_b2b_in',NULL,24,NULL,25,67),(101,'segm_w_b8b_out_w_p3_down',NULL,23,NULL,34,68),(102,'segm_w_p3_down_w_p3_up',NULL,34,NULL,33,69),(103,'segm_w_p3_down_w_tankowanie',NULL,34,NULL,35,70),(104,'segm_w_p3_up_w_b8b_in',NULL,33,NULL,31,71),(105,'segm_w_tankowanie_r1_in',NULL,35,1,NULL,72),(106,'segm_w_tankowanie_r2_in',NULL,35,3,NULL,73),(107,'segm_w_tankowanie_r3_in',NULL,35,5,NULL,74),(108,'segm_w_tankowanie_r4_in',NULL,35,7,NULL,75),(109,'segm_w_tankowanie_r5_in',NULL,35,9,NULL,76),(110,'segm_w_tankowanie_r6_in',NULL,35,16,NULL,77),(111,'segm_w_tankowanie_r7_in',NULL,35,17,NULL,78),(112,'segm_w_tankowanie_r8_in',NULL,35,18,NULL,79),(113,'segm_w_tankowanie_r9_in',NULL,35,19,NULL,80),(114,'segm_w_b1b_in_w_cysterna_bypass',NULL,24,NULL,32,81),(115,'segm_w_cysterna_bypass_w_b1b_out',NULL,32,NULL,16,82),(116,'segm_b9b_out_w_b9b_out',35,NULL,NULL,52,83),(117,'segm_b10b_out_w_b10b_out',36,NULL,NULL,53,84),(118,'segm_w_b9b_in_b9b_in',NULL,54,51,NULL,85),(119,'segm_w_b10b_in_b10b_in',NULL,55,52,NULL,86),(122,'segm_ap1_out_w_ap1_out',107,NULL,NULL,57,88),(123,'segm_ap2_out_w_ap2_out',109,NULL,NULL,59,90),(128,'segm_w_b9b_out_w_b10b_out',NULL,53,NULL,52,106),(129,'segm_w_b10b_in_w_b9b_in',NULL,55,NULL,54,107),(130,'SEGM_W_R3_R6_R9_W_p3_down',NULL,13,NULL,34,109),(131,'segm_w_ap2_out_w_ap1_out',NULL,59,NULL,57,110),(132,'segm_w_ap1_w_niebieska_out',NULL,57,NULL,68,111),(133,'segm_w_niebieska_out_w_cys_mauzer_out',NULL,68,NULL,69,112),(134,'segm_w_cys_mauzer_out_w_b10b_out',NULL,69,NULL,53,113),(135,'segm_w_b10b_out_w_b9b_out',NULL,53,NULL,52,114),(136,'segm_w_b9b_out_w_p2_down',NULL,52,NULL,70,115),(137,'segm_w_p2_down_w_p2_up',NULL,70,NULL,71,116),(138,'segm_w_p2_up_w_b9b_in',NULL,71,NULL,54,117),(139,'segm_w_b9b_in_w_b10b_in',NULL,54,NULL,55,118),(140,'segm_w_p2_up_w_r3_r6_r9',NULL,71,NULL,13,119),(141,'SEGM_CYSTERNA_B10b_out_w_cyst_mauzer',121,NULL,NULL,69,120),(142,'SEGM_B12c_OUT_W_B12c_OUT',84,NULL,NULL,74,121),(143,'SEGM_B11c_OUT_W_B11c_OUT',83,NULL,NULL,76,123),(144,'SEGM_B10c_OUT_W_B10c_OUT',82,NULL,NULL,78,125),(145,'SEGM_B9c_OUT_W_B9c_OUT',81,NULL,NULL,80,127),(146,'SEGM_B8c_OUT_W_B8c_OUT',80,NULL,NULL,82,129),(147,'SEGM_B7c_OUT_W_B7c_OUT',79,NULL,NULL,84,131),(148,'SEGM_B6c_OUT_W_B6c_OUT',78,NULL,NULL,86,133),(149,'SEGM_B5c_OUT_W_B5c_OUT',77,NULL,NULL,88,135),(150,'SEGM_B4c_OUT_W_B4c_OUT',76,NULL,NULL,90,137),(151,'SEGM_B3c_OUT_W_B3c_OUT',75,NULL,NULL,92,139),(152,'SEGM_B2c_OUT_W_B2c_OUT',74,NULL,NULL,94,141),(153,'SEGM_B1c_OUT_W_B1c_OUT',73,NULL,NULL,96,143),(154,'SEGM_W_B12c_IN_B12c_IN',NULL,73,69,NULL,122),(155,'SEGM_W_B11c_IN_B11c_IN',NULL,75,68,NULL,124),(156,'SEGM_W_B10c_IN_B10c_IN',NULL,77,67,NULL,126),(157,'SEGM_W_B9c_IN_B9c_IN',NULL,79,66,NULL,128),(158,'SEGM_W_B8c_IN_B8c_IN',NULL,81,65,NULL,130),(159,'SEGM_W_B7c_IN_B7c_IN',NULL,83,64,NULL,132),(160,'SEGM_W_B6c_IN_B6c_IN',NULL,85,63,NULL,134),(161,'SEGM_W_B5c_IN_B5c_IN',NULL,87,62,NULL,136),(162,'SEGM_W_B4c_IN_B4c_IN',NULL,89,61,NULL,138),(163,'SEGM_W_B3c_IN_B3c_IN',NULL,91,60,NULL,140),(164,'SEGM_W_B2c_IN_B2c_IN',NULL,93,59,NULL,142),(165,'SEGM_W_B1c_IN_B1c_IN',NULL,95,58,NULL,144),(166,'SEGM_W_B12c_OUT_W_B11c_OUT',NULL,74,NULL,76,145),(167,'SEGM_W_B11c_OUT_W_B12c_OUT',NULL,76,NULL,74,145),(168,'SEGM_W_B11c_OUT_W_B10c_OUT',NULL,76,NULL,78,146),(169,'SEGM_W_B10c_OUT_W_B11c_OUT',NULL,78,NULL,76,146),(170,'SEGM_W_B10c_OUT_W_B9c_OUT',NULL,78,NULL,80,147),(171,'SEGM_W_B9c_OUT_W_B10c_OUT',NULL,80,NULL,78,147),(172,'SEGM_W_B9c_OUT_W_B8c_OUT',NULL,80,NULL,82,148),(173,'SEGM_W_B8c_OUT_W_B9c_OUT',NULL,82,NULL,80,148),(174,'SEGM_W_B8c_OUT_W_B7c_OUT',NULL,82,NULL,84,149),(175,'SEGM_W_B7c_OUT_W_B8c_OUT',NULL,84,NULL,82,149),(176,'SEGM_W_B7c_OUT_W_B6c_OUT',NULL,84,NULL,86,150),(177,'SEGM_W_B6c_OUT_W_B7c_OUT',NULL,86,NULL,84,150),(178,'SEGM_W_B6c_OUT_W_B5c_OUT',NULL,86,NULL,88,151),(179,'SEGM_W_B5c_OUT_W_B6c_OUT',NULL,88,NULL,86,151),(180,'SEGM_W_B5c_OUT_W_B4c_OUT',NULL,88,NULL,90,152),(181,'SEGM_W_B4c_OUT_W_B5c_OUT',NULL,90,NULL,88,152),(182,'SEGM_W_B4c_OUT_W_B3c_OUT',NULL,90,NULL,92,153),(183,'SEGM_W_B3c_OUT_W_B4c_OUT',NULL,92,NULL,90,153),(184,'SEGM_W_B3c_OUT_W_B2c_OUT',NULL,92,NULL,94,154),(185,'SEGM_W_B2c_OUT_W_B3c_OUT',NULL,94,NULL,92,154),(186,'SEGM_W_B2c_OUT_W_B1c_OUT',NULL,94,NULL,96,155),(187,'SEGM_W_B1c_OUT_W_B2c_OUT',NULL,96,NULL,94,155),(188,'SEGM_W_B12c_IN_W_B11c_IN',NULL,73,NULL,75,156),(189,'SEGM_W_B11c_IN_W_B12c_IN',NULL,75,NULL,73,156),(190,'SEGM_W_B11c_IN_W_B10c_IN',NULL,75,NULL,77,157),(191,'SEGM_W_B10c_IN_W_B11c_IN',NULL,77,NULL,75,157),(192,'SEGM_W_B10c_IN_W_B9c_IN',NULL,77,NULL,79,158),(193,'SEGM_W_B9c_IN_W_B10c_IN',NULL,79,NULL,77,158),(194,'SEGM_W_B9c_IN_W_B8c_IN',NULL,79,NULL,81,159),(195,'SEGM_W_B8c_IN_W_B9c_IN',NULL,81,NULL,79,159),(196,'SEGM_W_B8c_IN_W_B7c_IN',NULL,81,NULL,83,160),(197,'SEGM_W_B7c_IN_W_B8c_IN',NULL,83,NULL,81,160),(198,'SEGM_W_B7c_IN_W_B6c_IN',NULL,83,NULL,85,161),(199,'SEGM_W_B6c_IN_W_B7c_IN',NULL,85,NULL,83,161),(200,'SEGM_W_B6c_IN_W_B5c_IN',NULL,85,NULL,87,162),(201,'SEGM_W_B5c_IN_W_B6c_IN',NULL,87,NULL,85,162),(202,'SEGM_W_B5c_IN_W_B4c_IN',NULL,87,NULL,89,163),(203,'SEGM_W_B4c_IN_W_B5c_IN',NULL,89,NULL,87,163),(204,'SEGM_W_B4c_IN_W_B3c_IN',NULL,89,NULL,91,164),(205,'SEGM_W_B3c_IN_W_B4c_IN',NULL,91,NULL,89,164),(206,'SEGM_W_B3c_IN_W_B2c_IN',NULL,91,NULL,93,165),(207,'SEGM_W_B2c_IN_W_B3c_IN',NULL,93,NULL,91,165),(208,'SEGM_W_B2c_IN_W_B1c_IN',NULL,93,NULL,95,166),(209,'SEGM_W_B1c_IN_W_B2c_IN',NULL,95,NULL,93,166),(210,'SEGM_W_B4c_B3c_B2c_B1c_IN_W_B4c_IN',NULL,97,NULL,89,167),(211,'SEGM_W_B4c_B3c_B2c_B1c_IN_W_B2c_B1c_IN',NULL,97,NULL,98,168),(212,'SEGM_W_B2c_B1c_IN_W_B2c_IN',NULL,98,NULL,93,169),(213,'SEGM_W_B2c_B1c_IN_W_B1c_IN',NULL,98,NULL,95,170),(214,'SEGM_W_POMPA_B12c_W_B12c_IN',NULL,99,NULL,73,171);
/*!40000 ALTER TABLE `segmenty` ENABLE KEYS */;
UNLOCK TABLES;

--
-- Table structure for table `sprzet`
--

DROP TABLE IF EXISTS `sprzet`;
/*!40101 SET @saved_cs_client     = @@character_set_client */;
/*!50503 SET character_set_client = utf8mb4 */;
CREATE TABLE `sprzet` (
  `id` int NOT NULL AUTO_INCREMENT,
  `nazwa_unikalna` varchar(20) CHARACTER SET utf8mb4 COLLATE utf8mb4_unicode_ci NOT NULL COMMENT 'Np. R1, FZ, B1b, B7c',
  `typ_sprzetu` enum('reaktor','filtr','beczka_brudna','beczka_czysta','apollo','magazyn','cysterna','mauzer') CHARACTER SET utf8mb4 COLLATE utf8mb4_unicode_ci DEFAULT NULL,
  `pojemnosc_kg` decimal(10,2) DEFAULT NULL,
  `stan_sprzetu` varchar(50) CHARACTER SET utf8mb4 COLLATE utf8mb4_unicode_ci DEFAULT NULL COMMENT 'Np. Pusty, W koło, Przelew, Dmuchanie filtra',
  `temperatura_aktualna` decimal(5,2) DEFAULT NULL,
  `cisnienie_aktualne` decimal(5,2) DEFAULT NULL,
  `poziom_aktualny_procent` decimal(5,2) DEFAULT NULL,
  `ostatnia_aktualizacja` datetime DEFAULT NULL,
  `temperatura_max` decimal(5,2) DEFAULT '120.00',
  `cisnienie_max` decimal(5,2) DEFAULT '6.00',
  `id_partii_surowca` int DEFAULT NULL,
  `temperatura_docelowa` decimal(5,2) DEFAULT NULL COMMENT 'Temperatura zadana przez operatora',
  PRIMARY KEY (`id`),
  UNIQUE KEY `nazwa_unikalna` (`nazwa_unikalna`)
) ENGINE=InnoDB AUTO_INCREMENT=117 DEFAULT CHARSET=utf8mb4 COLLATE=utf8mb4_unicode_ci COMMENT='Lista całego sprzętu produkcyjnego i magazynowego';
/*!40101 SET character_set_client = @saved_cs_client */;

--
-- Dumping data for table `sprzet`
--

LOCK TABLES `sprzet` WRITE;
/*!40000 ALTER TABLE `sprzet` DISABLE KEYS */;
INSERT INTO `sprzet` VALUES (1,'R1','reaktor',9000.00,'Pusty',666.04,1.64,NULL,'2025-07-18 18:49:22',60.00,6.00,NULL,60.00),(2,'R2','reaktor',9000.00,'Zatankowany',666.03,1.78,NULL,'2025-07-18 18:49:22',120.00,6.00,NULL,60.00),(3,'R3','reaktor',9000.00,'Zatankowany (surowy)',666.03,0.05,NULL,'2025-07-18 18:49:22',120.00,6.00,NULL,60.00),(4,'R4','reaktor',9000.00,'Zatankowany',666.02,0.52,NULL,'2025-07-18 18:49:22',120.00,6.00,NULL,60.00),(5,'R5','reaktor',9000.00,'Zatankowany (surowy)',666.01,1.59,NULL,'2025-07-18 18:49:22',120.00,6.00,NULL,60.00),(6,'FZ','filtr',NULL,'W transferze',60.00,4.15,NULL,'2025-07-18 18:49:22',120.00,6.00,NULL,NULL),(7,'FN','filtr',NULL,'W transferze',60.00,4.35,NULL,'2025-07-18 18:49:22',120.00,6.00,NULL,NULL),(8,'B1b','beczka_brudna',10000.00,'Pełna',60.00,0.00,NULL,'2025-07-18 18:49:22',120.00,6.00,NULL,NULL),(9,'B1c','beczka_czysta',10000.00,'Pusta',60.00,0.00,NULL,'2025-07-18 18:49:22',120.00,6.00,NULL,NULL),(10,'R6','reaktor',NULL,'Pusty',666.00,0.28,NULL,'2025-07-18 18:49:22',120.00,6.00,NULL,60.00),(11,'R7','reaktor',NULL,'Zatankowany',666.00,1.51,NULL,'2025-07-18 18:49:22',120.00,6.00,NULL,60.00),(12,'R8','reaktor',NULL,'Zatankowany',665.99,0.66,NULL,'2025-07-18 18:49:22',120.00,6.00,NULL,60.00),(13,'R9','reaktor',NULL,'Zatankowany',665.44,1.37,NULL,'2025-07-18 18:49:22',120.00,6.00,NULL,60.00),(14,'Apollo1','apollo',NULL,NULL,NULL,NULL,NULL,NULL,120.00,6.00,NULL,NULL),(18,'B2b','beczka_brudna',NULL,NULL,NULL,NULL,NULL,NULL,120.00,6.00,NULL,NULL),(19,'B3b','beczka_brudna',NULL,NULL,NULL,NULL,NULL,NULL,120.00,6.00,NULL,NULL),(20,'B4b','beczka_brudna',NULL,NULL,NULL,NULL,NULL,NULL,120.00,6.00,NULL,NULL),(21,'B5b','beczka_brudna',NULL,NULL,NULL,NULL,NULL,NULL,120.00,6.00,NULL,NULL),(22,'B6b','beczka_brudna',NULL,NULL,NULL,NULL,NULL,NULL,120.00,6.00,NULL,NULL),(23,'B7b','beczka_brudna',NULL,NULL,NULL,NULL,NULL,NULL,120.00,6.00,NULL,NULL),(24,'B8b','beczka_brudna',NULL,NULL,NULL,NULL,NULL,NULL,120.00,6.00,NULL,NULL),(25,'B9b','beczka_brudna',NULL,NULL,NULL,NULL,NULL,NULL,120.00,6.00,NULL,NULL),(26,'B10b','beczka_brudna',NULL,NULL,NULL,NULL,NULL,NULL,120.00,6.00,NULL,NULL),(27,'Apollo2','apollo',NULL,NULL,NULL,NULL,NULL,NULL,120.00,6.00,NULL,NULL),(28,'B2c','beczka_czysta',NULL,NULL,NULL,NULL,NULL,NULL,120.00,6.00,NULL,NULL),(29,'B3c','beczka_czysta',NULL,NULL,NULL,NULL,NULL,NULL,120.00,6.00,NULL,NULL),(30,'B4c','beczka_czysta',NULL,NULL,NULL,NULL,NULL,NULL,120.00,6.00,NULL,NULL),(31,'B5c','beczka_czysta',NULL,NULL,NULL,NULL,NULL,NULL,120.00,6.00,NULL,NULL),(32,'B6c','beczka_czysta',NULL,NULL,NULL,NULL,NULL,NULL,120.00,6.00,NULL,NULL),(33,'B7c','beczka_czysta',NULL,NULL,NULL,NULL,NULL,NULL,120.00,6.00,NULL,NULL),(34,'B8c','beczka_czysta',NULL,NULL,NULL,NULL,NULL,NULL,120.00,6.00,NULL,NULL),(35,'B9c','beczka_czysta',NULL,NULL,NULL,NULL,NULL,NULL,120.00,6.00,NULL,NULL),(36,'B10c','beczka_czysta',NULL,NULL,NULL,NULL,NULL,NULL,120.00,6.00,NULL,NULL),(37,'B11c','beczka_czysta',NULL,NULL,NULL,NULL,NULL,NULL,120.00,6.00,NULL,NULL),(38,'B12c','beczka_czysta',NULL,NULL,NULL,NULL,NULL,NULL,120.00,6.00,NULL,NULL),(39,'cysterna','',NULL,NULL,50.00,NULL,NULL,'2025-07-03 21:52:37',120.00,6.00,NULL,50.00),(107,'AP1','apollo',NULL,'Gotowy',60.00,0.00,NULL,'2025-07-18 18:49:22',120.00,6.00,NULL,NULL),(108,'AP2','apollo',NULL,'Gotowy',60.00,0.00,NULL,'2025-07-18 18:49:22',120.00,6.00,NULL,NULL),(109,'NIEBIESKA','beczka_brudna',NULL,'Gotowy',60.00,0.00,NULL,'2025-07-18 18:49:22',120.00,6.00,NULL,NULL),(110,'CYSTERNA_B1b','cysterna',NULL,'Gotowy',60.00,0.00,NULL,'2025-07-18 18:49:22',120.00,6.00,NULL,NULL),(111,'MAUZER','mauzer',NULL,'Gotowy',60.00,0.00,NULL,'2025-07-18 18:49:22',120.00,6.00,NULL,NULL),(112,'B10b_mag','beczka_brudna',NULL,'Gotowy',60.00,0.00,NULL,'2025-07-18 18:49:22',120.00,6.00,NULL,NULL),(113,'B9b_mag','beczka_brudna',NULL,'Gotowy',60.00,0.00,NULL,'2025-07-18 18:49:22',120.00,6.00,NULL,NULL),(114,'CYSTERNA_B10b','cysterna',25000.00,'Gotowy',60.00,0.00,NULL,'2025-07-18 18:49:22',120.00,6.00,NULL,NULL),(115,'BIALA','beczka_brudna',NULL,'Gotowy',60.00,0.00,NULL,'2025-07-18 18:49:22',120.00,6.00,NULL,NULL),(116,'CYSTERNA_B12c','cysterna',25000.00,'Gotowy',60.00,0.00,NULL,'2025-07-18 18:49:22',120.00,6.00,NULL,NULL);
/*!40000 ALTER TABLE `sprzet` ENABLE KEYS */;
UNLOCK TABLES;

--
-- Table structure for table `statusy`
--

DROP TABLE IF EXISTS `statusy`;
/*!40101 SET @saved_cs_client     = @@character_set_client */;
/*!50503 SET character_set_client = utf8mb4 */;
CREATE TABLE `statusy` (
  `id` int NOT NULL AUTO_INCREMENT,
  `nazwa_statusu` varchar(50) CHARACTER SET utf8mb4 COLLATE utf8mb4_unicode_ci NOT NULL COMMENT 'Np. Surowy, Filtrowany, Dobielony, Wydmuch',
  PRIMARY KEY (`id`),
  UNIQUE KEY `nazwa_statusu` (`nazwa_statusu`)
) ENGINE=InnoDB AUTO_INCREMENT=8 DEFAULT CHARSET=utf8mb4 COLLATE=utf8mb4_unicode_ci COMMENT='Słownik możliwych statusów partii surowca';
/*!40101 SET character_set_client = @saved_cs_client */;

--
-- Dumping data for table `statusy`
--

LOCK TABLES `statusy` WRITE;
/*!40000 ALTER TABLE `statusy` DISABLE KEYS */;
INSERT INTO `statusy` VALUES (3,'Dobielony'),(4,'Dobielony (placek)'),(2,'Filtrowany'),(7,'Próbka Odrzucona'),(6,'Próbka OK'),(1,'Surowy'),(5,'Zawiera wydmuch');
/*!40000 ALTER TABLE `statusy` ENABLE KEYS */;
UNLOCK TABLES;

--
-- Table structure for table `typy_surowca`
--

DROP TABLE IF EXISTS `typy_surowca`;
/*!40101 SET @saved_cs_client     = @@character_set_client */;
/*!50503 SET character_set_client = utf8mb4 */;
CREATE TABLE `typy_surowca` (
  `id` int NOT NULL AUTO_INCREMENT,
  `nazwa` varchar(50) CHARACTER SET utf8mb4 COLLATE utf8mb4_unicode_ci NOT NULL,
  `opis` varchar(255) CHARACTER SET utf8mb4 COLLATE utf8mb4_unicode_ci DEFAULT NULL,
  PRIMARY KEY (`id`),
  UNIQUE KEY `nazwa` (`nazwa`)
) ENGINE=InnoDB AUTO_INCREMENT=6 DEFAULT CHARSET=utf8mb4 COLLATE=utf8mb4_unicode_ci COMMENT='Słownik typów surowca';
/*!40101 SET character_set_client = @saved_cs_client */;

--
-- Dumping data for table `typy_surowca`
--

LOCK TABLES `typy_surowca` WRITE;
/*!40000 ALTER TABLE `typy_surowca` DISABLE KEYS */;
INSERT INTO `typy_surowca` VALUES (1,'T-10','Typ surowca T-10'),(2,'19','Typ surowca 19'),(3,'44','Typ surowca 44'),(4,'GC43','Typ surowca GC43'),(5,'GC42','Typ surowca GC42');
/*!40000 ALTER TABLE `typy_surowca` ENABLE KEYS */;
UNLOCK TABLES;

--
-- Table structure for table `wezly_rurociagu`
--

DROP TABLE IF EXISTS `wezly_rurociagu`;
/*!40101 SET @saved_cs_client     = @@character_set_client */;
/*!50503 SET character_set_client = utf8mb4 */;
CREATE TABLE `wezly_rurociagu` (
  `id` int NOT NULL AUTO_INCREMENT,
  `nazwa_wezla` varchar(50) CHARACTER SET utf8mb4 COLLATE utf8mb4_unicode_ci NOT NULL,
  PRIMARY KEY (`id`),
  UNIQUE KEY `nazwa_wezla` (`nazwa_wezla`)
) ENGINE=InnoDB AUTO_INCREMENT=104 DEFAULT CHARSET=utf8mb4 COLLATE=utf8mb4_unicode_ci COMMENT='Punkty łączeniowe w rurociągu (trójniki, kolektory)';
/*!40101 SET character_set_client = @saved_cs_client */;

--
-- Dumping data for table `wezly_rurociagu`
--

LOCK TABLES `wezly_rurociagu` WRITE;
/*!40000 ALTER TABLE `wezly_rurociagu` DISABLE KEYS */;
INSERT INTO `wezly_rurociagu` VALUES (66,'w_ap_main'),(57,'w_ap1_out'),(59,'w_ap2_out'),(55,'w_b10b_in'),(53,'w_b10b_out'),(77,'w_b10c_in'),(78,'w_b10c_out'),(75,'w_b11c_in'),(76,'w_b11c_out'),(73,'w_b12c_in'),(74,'w_b12c_out'),(24,'w_b1b_in'),(16,'w_b1b_out'),(95,'w_b1c_in'),(96,'w_b1c_out'),(25,'w_b2b_in'),(17,'w_b2b_out'),(98,'w_b2c_b1c_in'),(93,'w_b2c_in'),(94,'w_b2c_out'),(26,'w_b3b_in'),(18,'w_b3b_out'),(91,'w_b3c_in'),(92,'w_b3c_out'),(27,'w_b4b_in'),(19,'w_b4b_out'),(97,'w_b4c_b3c_b2c_b1c_in'),(89,'w_b4c_in'),(90,'w_b4c_out'),(28,'w_b5b_in'),(20,'w_b5b_out'),(87,'w_b5c_in'),(88,'w_b5c_out'),(29,'w_b6b_in'),(21,'w_b6b_out'),(85,'w_b6c_in'),(86,'w_b6c_out'),(30,'w_b7b_in'),(22,'w_b7b_out'),(83,'w_b7c_in'),(84,'w_b7c_out'),(31,'w_b8b_in'),(23,'w_b8b_out'),(81,'w_b8c_in'),(82,'w_b8c_out'),(54,'w_b9b_in'),(52,'w_b9b_out'),(79,'w_b9c_in'),(80,'w_b9c_out'),(69,'w_cys_mauzer_out'),(32,'w_cysterna_bypass'),(65,'w_dolna_magistrala'),(14,'W_FN_IN_MAIN'),(8,'W_FN_OUT_MAIN'),(103,'w_fz_fn_oczyszczalnia'),(6,'W_FZ_IN_MAIN'),(7,'W_FZ_OUT_MAIN'),(67,'w_mag_main'),(68,'w_niebieska_out'),(70,'w_p2_down'),(71,'w_p2_up'),(34,'w_p3_down'),(33,'w_p3_up'),(99,'w_pompa_b12c'),(100,'w_pompa_mieszanki_down'),(102,'w_pompa_mieszanki_rurociag'),(101,'w_pompa_mieszanki_up'),(3,'W_R1_FZ'),(2,'W_R1_R2'),(1,'W_R2_R3'),(13,'W_R3_R6_R9'),(5,'W_R4_FZ'),(4,'W_R4_R5'),(15,'W_R5_R6'),(9,'W_R7_FN'),(10,'W_R7_R8'),(11,'W_R8_R9'),(35,'w_tankowanie');
/*!40000 ALTER TABLE `wezly_rurociagu` ENABLE KEYS */;
UNLOCK TABLES;

--
-- Table structure for table `zawory`
--

DROP TABLE IF EXISTS `zawory`;
/*!40101 SET @saved_cs_client     = @@character_set_client */;
/*!50503 SET character_set_client = utf8mb4 */;
CREATE TABLE `zawory` (
  `id` int NOT NULL AUTO_INCREMENT,
  `nazwa_zaworu` varchar(80) COLLATE utf8mb4_unicode_ci DEFAULT NULL,
  `stan` enum('OTWARTY','ZAMKNIETY') CHARACTER SET utf8mb4 COLLATE utf8mb4_unicode_ci NOT NULL DEFAULT 'ZAMKNIETY',
  PRIMARY KEY (`id`),
  UNIQUE KEY `nazwa_zaworu` (`nazwa_zaworu`)
) ENGINE=InnoDB AUTO_INCREMENT=182 DEFAULT CHARSET=utf8mb4 COLLATE=utf8mb4_unicode_ci COMMENT='Lista zaworów sterujących przepływem';
/*!40101 SET character_set_client = @saved_cs_client */;

--
-- Dumping data for table `zawory`
--

LOCK TABLES `zawory` WRITE;
/*!40000 ALTER TABLE `zawory` DISABLE KEYS */;
INSERT INTO `zawory` VALUES (1,'V_R3_OUT_W_R2_R3','ZAMKNIETY'),(2,'V_W_R2_R3_W_R1_R2','ZAMKNIETY'),(3,'V_W_R1_R2_W_R1_FZ','ZAMKNIETY'),(4,'V_R5_OUT_W_R4_R5','ZAMKNIETY'),(5,'V_W_R4_R5_W_R4_FZ','ZAMKNIETY'),(6,'V_W_R1_FZ_W_FZ_IN','ZAMKNIETY'),(7,'V_W_R4_FZ_W_FZ_IN','ZAMKNIETY'),(8,'V_W_FZ_IN_FZ_IN','ZAMKNIETY'),(9,'V_FZ_OUT_W_FZ_OUT','ZAMKNIETY'),(10,'V_W_FZ_OUT_R1_IN','ZAMKNIETY'),(11,'V_W_FZ_OUT_R2_IN','ZAMKNIETY'),(12,'V_W_FZ_OUT_R3_IN','ZAMKNIETY'),(13,'V_W_FZ_OUT_R4_IN','ZAMKNIETY'),(14,'V_W_FZ_OUT_R5_IN','ZAMKNIETY'),(15,'V_FZ_IN_FZ_OUT','ZAMKNIETY'),(16,'V_R2_OUT_W_R1_R2','ZAMKNIETY'),(17,'V_R1_OUT_W_R1_FZ','ZAMKNIETY'),(18,'V_R4_OUT_W_R4_FZ','ZAMKNIETY'),(21,'V_FN_IN_FN_OUT','ZAMKNIETY'),(22,'V_R7_OUT_W_R7_FN','ZAMKNIETY'),(23,'V_R8_OUT_W_R7_R8','ZAMKNIETY'),(24,'V_R9_OUT_W_R8_R9','ZAMKNIETY'),(25,'V_W_R7_FN_FN_IN','ZAMKNIETY'),(26,'V_W_R7_FN_W_R7_R8','ZAMKNIETY'),(27,'V_W_R7_R8_W_R8_R9','ZAMKNIETY'),(28,'V_W_R8_R9_W_R3_R6_R9','ZAMKNIETY'),(29,'V_W_R3_R6_R9_W_R5_R6','ZAMKNIETY'),(30,'V_W_R3_R6_R9_W_R3_R2','ZAMKNIETY'),(31,'V_R6_OUT_W_R5_R6','ZAMKNIETY'),(32,'V_W_R4_R5_W_R5_R6','ZAMKNIETY'),(33,'V_FN_OUT_DO_W_FN_OUT','ZAMKNIETY'),(34,'V_W_FN_OUT_MAIN_DO_R6_IN','ZAMKNIETY'),(35,'V_W_FN_OUT_MAIN_DO_R7_IN','ZAMKNIETY'),(36,'V_W_FN_OUT_MAIN_DO_R8_IN','ZAMKNIETY'),(37,'V_W_FN_OUT_MAIN_DO_R9_IN','ZAMKNIETY'),(38,'v_b1b_out_w_b1b_out','ZAMKNIETY'),(39,'v_b2b_out_w_b2b_out','ZAMKNIETY'),(40,'v_b3b_out_w_b3b_out','ZAMKNIETY'),(41,'v_b4b_out_w_b4b_out','ZAMKNIETY'),(42,'v_b5b_out_w_b5b_out','ZAMKNIETY'),(43,'v_b6b_out_w_b6b_out','ZAMKNIETY'),(44,'v_b7b_out_w_b7b_out','ZAMKNIETY'),(45,'v_b8b_out_w_b8b_out','ZAMKNIETY'),(46,'v_w_b1b_in_b1b_in','ZAMKNIETY'),(47,'v_w_b2b_in_b2b_in','ZAMKNIETY'),(48,'v_w_b3b_in_b3b_in','ZAMKNIETY'),(49,'v_w_b4b_in_b4b_in','ZAMKNIETY'),(50,'v_w_b5b_in_b5b_in','ZAMKNIETY'),(51,'v_w_b6b_in_b6b_in','ZAMKNIETY'),(52,'v_w_b7b_in_b7b_in','ZAMKNIETY'),(53,'v_w_b8b_in_b8b_in','ZAMKNIETY'),(54,'v_w_b1b_out_w_b2b_out','ZAMKNIETY'),(55,'v_w_b2b_out_w_b3b_out','ZAMKNIETY'),(56,'v_w_b3b_out_w_b4b_out','ZAMKNIETY'),(57,'v_w_b4b_out_w_b5b_out','ZAMKNIETY'),(58,'v_w_b5b_out_w_b6b_out','ZAMKNIETY'),(59,'v_w_b6b_out_w_b7b_out','ZAMKNIETY'),(60,'v_w_b7b_out_w_b8b_out','ZAMKNIETY'),(61,'v_w_b8b_in_w_b7b_in','ZAMKNIETY'),(62,'v_w_b7b_in_w_b6b_in','ZAMKNIETY'),(63,'v_w_b6b_in_w_b5b_in','ZAMKNIETY'),(64,'v_w_b5b_in_w_b4b_in','ZAMKNIETY'),(65,'v_w_b4b_in_w_b3b_in','ZAMKNIETY'),(66,'v_w_b3b_in_w_b2b_in','ZAMKNIETY'),(67,'v_w_b2b_in_w_b1b_in','ZAMKNIETY'),(68,'v_w_b8b_out_w_p3_down','ZAMKNIETY'),(69,'v_w_p3_down_w_p3_up','ZAMKNIETY'),(70,'v_w_p3_down_w_tankowanie','ZAMKNIETY'),(71,'v_w_p3_up_w_b8b_in','ZAMKNIETY'),(72,'v_w_tankowanie_r1_in','ZAMKNIETY'),(73,'v_w_tankowanie_r2_in','ZAMKNIETY'),(74,'v_w_tankowanie_r3_in','ZAMKNIETY'),(75,'v_w_tankowanie_r4_in','ZAMKNIETY'),(76,'v_w_tankowanie_r5_in','ZAMKNIETY'),(77,'v_w_tankowanie_r6_in','ZAMKNIETY'),(78,'v_w_tankowanie_r7_in','ZAMKNIETY'),(79,'v_w_tankowanie_r8_in','ZAMKNIETY'),(80,'v_w_tankowanie_r9_in','ZAMKNIETY'),(81,'v_w_b1b_in_w_cysterna_bypass','ZAMKNIETY'),(82,'v_w_cysterna_bypass_w_b1b_out','ZAMKNIETY'),(83,'v_b9b_out_w_b9b_out','ZAMKNIETY'),(84,'v_b10b_out_w_b10b_out','ZAMKNIETY'),(85,'v_w_b9b_in_b9b_in','ZAMKNIETY'),(86,'v_w_b10b_in_b10b_in','ZAMKNIETY'),(87,'v_ap1_in_w_ap1_in','ZAMKNIETY'),(88,'v_w_ap1_out_ap1_out','ZAMKNIETY'),(89,'v_ap2_in_w_ap2_in','ZAMKNIETY'),(90,'v_w_ap2_out_ap2_out','ZAMKNIETY'),(91,'v_niebieski_w_niebieski_main','ZAMKNIETY'),(92,'v_mauzer_w_mauzer_main','ZAMKNIETY'),(93,'v_b10b_mag_w_b10b_mag_main','ZAMKNIETY'),(94,'v_b9b_mag_w_b9b_mag_main','ZAMKNIETY'),(95,'v_cysterna_b1b_w_cysterna_b1b_main','ZAMKNIETY'),(96,'v_w_b8b_out_w_dolna_magistrala','ZAMKNIETY'),(97,'v_w_dolna_magistrala_w_ap_main','ZAMKNIETY'),(98,'v_w_dolna_magistrala_w_mag_main','ZAMKNIETY'),(99,'v_w_ap_main_w_ap1_in','ZAMKNIETY'),(100,'v_w_ap_main_w_ap2_in','ZAMKNIETY'),(101,'v_w_mag_main_w_niebieski_main','ZAMKNIETY'),(102,'v_w_mag_main_w_mauzer_main','ZAMKNIETY'),(103,'v_w_mag_main_w_b10b_mag_main','ZAMKNIETY'),(104,'v_w_mag_main_w_b9b_mag_main','ZAMKNIETY'),(105,'v_w_b8b_out_w_b9b_out','ZAMKNIETY'),(106,'v_w_b9b_out_w_b10b_out','ZAMKNIETY'),(107,'v_w_b10b_in_w_b9b_in','ZAMKNIETY'),(108,'v_w_cysterna_bypass_w_cysterna_b1b_main','ZAMKNIETY'),(109,'v_W_R3_R6_R9_W_p3_down','ZAMKNIETY'),(110,'v_w_ap2_out_w_ap1_out','ZAMKNIETY'),(111,'v_w_ap1_w_niebieska_out','ZAMKNIETY'),(112,'v_w_niebieska_out_w_cys_mauzer_out','ZAMKNIETY'),(113,'v_w_cys_mauzer_out_w_b10b_out','ZAMKNIETY'),(114,'v_w_b10b_out_w_b9b_out','ZAMKNIETY'),(115,'v_w_b9b_out_w_p2_down','ZAMKNIETY'),(116,'v_w_p2_down_w_p2_up','ZAMKNIETY'),(117,'v_w_p2_up_w_b9b_in','ZAMKNIETY'),(118,'v_w_b9b_in_w_b10b_in','ZAMKNIETY'),(119,'v_w_p2_up_w_r3_r6_r9','ZAMKNIETY'),(120,'V_CYSTERNA_B10b_out_w_cyst_mauzer','ZAMKNIETY'),(121,'V_B12c_OUT_W_B12c_OUT','ZAMKNIETY'),(122,'V_W_B12c_IN_B12c_IN','ZAMKNIETY'),(123,'V_B11c_OUT_W_B11c_OUT','ZAMKNIETY'),(124,'V_W_B11c_IN_B11c_IN','ZAMKNIETY'),(125,'V_B10c_OUT_W_B10c_OUT','ZAMKNIETY'),(126,'V_W_B10c_IN_B10c_IN','ZAMKNIETY'),(127,'V_B9c_OUT_W_B9c_OUT','ZAMKNIETY'),(128,'V_W_B9c_IN_B9c_IN','ZAMKNIETY'),(129,'V_B8c_OUT_W_B8c_OUT','ZAMKNIETY'),(130,'V_W_B8c_IN_B8c_IN','ZAMKNIETY'),(131,'V_B7c_OUT_W_B7c_OUT','ZAMKNIETY'),(132,'V_W_B7c_IN_B7c_IN','ZAMKNIETY'),(133,'V_B6c_OUT_W_B6c_OUT','ZAMKNIETY'),(134,'V_W_B6c_IN_B6c_IN','ZAMKNIETY'),(135,'V_B5c_OUT_W_B5c_OUT','ZAMKNIETY'),(136,'V_W_B5c_IN_B5c_IN','ZAMKNIETY'),(137,'V_B4c_OUT_W_B4c_OUT','ZAMKNIETY'),(138,'V_W_B4c_IN_B4c_IN','ZAMKNIETY'),(139,'V_B3c_OUT_W_B3c_OUT','ZAMKNIETY'),(140,'V_W_B3c_IN_B3c_IN','ZAMKNIETY'),(141,'V_B2c_OUT_W_B2c_OUT','ZAMKNIETY'),(142,'V_W_B2c_IN_B2c_IN','ZAMKNIETY'),(143,'V_B1c_OUT_W_B1c_OUT','ZAMKNIETY'),(144,'V_W_B1c_IN_B1c_IN','ZAMKNIETY'),(145,'V_W_B12c_OUT_W_B11c_OUT','ZAMKNIETY'),(146,'V_W_B11c_OUT_W_B10c_OUT','ZAMKNIETY'),(147,'V_W_B10c_OUT_W_B9c_OUT','ZAMKNIETY'),(148,'V_W_B9c_OUT_W_B8c_OUT','ZAMKNIETY'),(149,'V_W_B8c_OUT_W_B7c_OUT','ZAMKNIETY'),(150,'V_W_B7c_OUT_W_B6c_OUT','ZAMKNIETY'),(151,'V_W_B6c_OUT_W_B5c_OUT','ZAMKNIETY'),(152,'V_W_B5c_OUT_W_B4c_OUT','ZAMKNIETY'),(153,'V_W_B4c_OUT_W_B3c_OUT','ZAMKNIETY'),(154,'V_W_B3c_OUT_W_B2c_OUT','ZAMKNIETY'),(155,'V_W_B2c_OUT_W_B1c_OUT','ZAMKNIETY'),(156,'V_W_B12c_IN_W_B11c_IN','ZAMKNIETY'),(157,'V_W_B11c_IN_W_B10c_IN','ZAMKNIETY'),(158,'V_W_B10c_IN_W_B9c_IN','ZAMKNIETY'),(159,'V_W_B9c_IN_W_B8c_IN','ZAMKNIETY'),(160,'V_W_B8c_IN_W_B7c_IN','ZAMKNIETY'),(161,'V_W_B7c_IN_W_B6c_IN','ZAMKNIETY'),(162,'V_W_B6c_IN_W_B5c_IN','ZAMKNIETY'),(163,'V_W_B5c_IN_W_B4c_IN','ZAMKNIETY'),(164,'V_W_B4c_IN_W_B3c_IN','ZAMKNIETY'),(165,'V_W_B3c_IN_W_B2c_IN','ZAMKNIETY'),(166,'V_W_B2c_IN_W_B1c_IN','ZAMKNIETY'),(167,'V_W_B4c_B3c_B2c_B1c_IN_W_B4c_IN','ZAMKNIETY'),(168,'V_W_B4c_B3c_B2c_B1c_IN_W_B2c_B1c_IN','ZAMKNIETY'),(169,'V_W_B2c_B1c_IN_W_B2c_IN','ZAMKNIETY'),(170,'V_W_B2c_B1c_IN_W_B1c_IN','ZAMKNIETY'),(171,'V_W_POMPA_B12c_W_B12c_IN','ZAMKNIETY'),(172,'V_CYSTERNA_B12c_W_POMPA_B12c','ZAMKNIETY'),(173,'V_BIALA_W_POMPA_B12c','ZAMKNIETY'),(174,'V_W_B9c_OUT_W_POMPA_MIESZANKI_RUROCIAG','ZAMKNIETY'),(175,'V_W_B8c_OUT_W_POMPA_MIESZANKI_RUROCIAG','ZAMKNIETY'),(176,'V_W_POMPA_MIESZANKI_RUROCIAG_W_POMPA_MIESZANKI_DOWN','ZAMKNIETY'),(177,'V_W_POMPA_MIESZANKI_DOWN_W_POMPA_MIESZANKI_UP','ZAMKNIETY'),(178,'V_W_POMPA_MIESZANKI_UP_W_B9c_IN','ZAMKNIETY'),(179,'V_W_POMPA_MIESZANKI_UP_W_B8c_IN','ZAMKNIETY'),(180,'V_W_POMPA_MIESZANKI_UP_W_FZ_FN_OCZYSZCZALNIA','ZAMKNIETY'),(181,'V_W_FZ_FN_OCZYSZCZALNIA_ZEWNETRZNE','ZAMKNIETY');
/*!40000 ALTER TABLE `zawory` ENABLE KEYS */;
UNLOCK TABLES;
/*!40103 SET TIME_ZONE=@OLD_TIME_ZONE */;

/*!40101 SET SQL_MODE=@OLD_SQL_MODE */;
/*!40014 SET FOREIGN_KEY_CHECKS=@OLD_FOREIGN_KEY_CHECKS */;
/*!40014 SET UNIQUE_CHECKS=@OLD_UNIQUE_CHECKS */;
/*!40101 SET CHARACTER_SET_CLIENT=@OLD_CHARACTER_SET_CLIENT */;
/*!40101 SET CHARACTER_SET_RESULTS=@OLD_CHARACTER_SET_RESULTS */;
/*!40101 SET COLLATION_CONNECTION=@OLD_COLLATION_CONNECTION */;
/*!40111 SET SQL_NOTES=@OLD_SQL_NOTES */;

-- Dump completed on 2025-07-18 18:54:54
