id,id_sprzetu,czas_pomiaru,temperatura,cisnienie,poziom_mm
4293186,34,12/8/25 17:28,119.600000,0.00,2800.00
4293165,34,12/8/25 17:27,119.600000,0.00,2800.00
4293144,34,12/8/25 17:27,119.600000,0.00,2800.00
4293123,34,12/8/25 17:27,119.600000,0.00,2800.00
4293102,34,12/8/25 17:27,119.600000,0.00,2800.00
4293081,34,12/8/25 17:27,119.600000,0.00,2800.00
4293060,34,12/8/25 17:27,119.600000,0.00,2800.00
4293039,34,12/8/25 17:27,119.600000,0.00,2800.00
4293018,34,12/8/25 17:27,119.600000,0.00,2800.00
4292997,34,12/8/25 17:27,119.600000,0.00,2800.00
4292976,34,12/8/25 17:27,119.600000,0.00,2800.00
4292955,34,12/8/25 17:27,119.600000,0.00,2800.00
4292934,34,12/8/25 17:27,119.600000,0.00,2800.00
4292913,34,12/8/25 17:26,119.600000,0.00,2800.00
4292892,34,12/8/25 17:26,119.600000,0.00,2800.00
4292871,34,12/8/25 17:26,119.600000,0.00,2800.00
4292850,34,12/8/25 17:26,119.600000,0.00,2800.00
4292829,34,12/8/25 17:26,119.600000,0.00,2800.00
4292808,34,12/8/25 17:26,119.600000,0.00,2800.00
4292787,34,12/8/25 17:26,119.600000,0.00,2800.00
4292766,34,12/8/25 17:26,119.600000,0.00,2800.00
4292745,34,12/8/25 17:26,119.600000,0.00,2800.00
4292724,34,12/8/25 17:26,119.600000,0.00,2800.00
4292703,34,12/8/25 17:26,119.600000,0.00,2800.00
4292682,34,12/8/25 17:26,119.600000,0.00,2800.00
4292661,34,12/8/25 17:25,119.600000,0.00,2800.00
4292640,34,12/8/25 17:25,119.600000,0.00,2800.00
4292619,34,12/8/25 17:25,119.600000,0.00,2800.00
4292598,34,12/8/25 17:25,119.600000,0.00,2800.00
4292577,34,12/8/25 17:25,119.600000,0.00,2800.00
4292556,34,12/8/25 17:25,119.600000,0.00,2800.00
4292535,34,12/8/25 17:25,119.600000,0.00,2800.00
4292514,34,12/8/25 17:25,119.600000,0.00,2670.00
4292493,34,12/8/25 17:25,119.600000,0.00,2670.00
4292472,34,12/8/25 17:25,119.600000,0.00,2670.00
4292451,34,12/8/25 17:25,119.600000,0.00,2670.00
4292430,34,12/8/25 17:25,119.600000,0.00,2670.00
4292409,34,12/8/25 17:24,119.600000,0.00,2670.00
4292388,34,12/8/25 17:24,119.600000,0.00,2670.00
4292367,34,12/8/25 17:24,119.600000,0.00,2670.00
4292346,34,12/8/25 17:24,119.600000,0.00,2670.00
4292325,34,12/8/25 17:24,119.600000,0.00,2670.00
4292304,34,12/8/25 17:24,119.600000,0.00,2670.00
4292283,34,12/8/25 17:24,119.600000,0.00,2670.00
4292262,34,12/8/25 17:24,119.600000,0.00,2680.00
4292241,34,12/8/25 17:24,119.600000,0.00,2680.00
4292220,34,12/8/25 17:24,119.600000,0.00,2680.00
4292199,34,12/8/25 17:24,119.600000,0.00,2680.00
4292178,34,12/8/25 17:24,119.600000,0.00,2680.00
4292157,34,12/8/25 17:23,119.600000,0.00,2680.00
4292136,34,12/8/25 17:23,119.600000,0.00,2680.00
4292115,34,12/8/25 17:23,119.600000,0.00,2680.00
4292094,34,12/8/25 17:23,119.600000,0.00,2680.00
4292073,34,12/8/25 17:23,119.600000,0.00,2680.00
4292052,34,12/8/25 17:23,119.600000,0.00,2680.00
4292031,34,12/8/25 17:23,119.600000,0.00,2680.00
4292010,34,12/8/25 17:23,119.600000,0.00,2680.00
4291989,34,12/8/25 17:23,119.600000,0.00,2800.00
4291968,34,12/8/25 17:23,119.600000,0.00,2800.00
4291947,34,12/8/25 17:23,119.600000,0.00,2800.00
4291926,34,12/8/25 17:23,119.600000,0.00,2800.00
4291905,34,12/8/25 17:22,119.600000,0.00,2800.00
4291884,34,12/8/25 17:22,119.600000,0.00,2800.00
4291863,34,12/8/25 17:22,119.600000,0.00,2800.00
4291842,34,12/8/25 17:22,119.600000,0.00,2800.00
4291821,34,12/8/25 17:22,119.600000,0.00,2800.00
4291800,34,12/8/25 17:22,119.600000,0.00,2800.00
4291779,34,12/8/25 17:22,119.600000,0.00,2800.00
4291758,34,12/8/25 17:22,119.600000,0.00,2800.00
4291737,34,12/8/25 17:22,119.600000,0.00,2800.00
4291716,34,12/8/25 17:22,119.600000,0.00,2800.00
4291695,34,12/8/25 17:22,119.600000,0.00,2800.00
4291674,34,12/8/25 17:21,119.600000,0.00,2800.00
4291653,34,12/8/25 17:21,119.600000,0.00,2800.00
4291632,34,12/8/25 17:21,119.600000,0.00,2800.00
4291611,34,12/8/25 17:21,119.600000,0.00,2800.00
4291590,34,12/8/25 17:21,119.600000,0.00,2800.00
4291569,34,12/8/25 17:21,119.600000,0.00,2800.00
4291548,34,12/8/25 17:21,119.600000,0.00,2800.00
4291527,34,12/8/25 17:21,119.600000,0.00,2800.00
4291506,34,12/8/25 17:21,119.600000,0.00,2800.00
4291485,34,12/8/25 17:21,119.600000,0.00,2800.00
4291464,34,12/8/25 17:21,119.600000,0.00,2780.00
4291443,34,12/8/25 17:21,119.600000,0.00,2780.00
4291422,34,12/8/25 17:21,119.600000,0.00,2780.00
4291401,34,12/8/25 17:20,119.600000,0.00,2780.00
4291380,34,12/8/25 17:20,119.600000,0.00,2780.00
4291359,34,12/8/25 17:20,119.600000,0.00,2780.00
4291338,34,12/8/25 17:20,119.600000,0.00,2780.00
4291317,34,12/8/25 17:20,119.600000,0.00,2780.00
4291296,34,12/8/25 17:20,119.600000,0.00,2780.00
4291275,34,12/8/25 17:20,119.600000,0.00,2780.00
4291254,34,12/8/25 17:20,119.600000,0.00,2780.00
4291233,34,12/8/25 17:20,119.600000,0.00,2780.00
4291212,34,12/8/25 17:20,119.600000,0.00,2740.00
4291191,34,12/8/25 17:20,119.600000,0.00,2740.00
4291170,34,12/8/25 17:19,119.600000,0.00,2740.00
4291149,34,12/8/25 17:19,119.600000,0.00,2740.00
4291128,34,12/8/25 17:19,119.600000,0.00,2740.00
4291107,34,12/8/25 17:19,119.600000,0.00,2740.00
4291086,34,12/8/25 17:19,119.600000,0.00,2740.00
4291065,34,12/8/25 17:19,119.600000,0.00,2740.00
4291044,34,12/8/25 17:19,119.600000,0.00,2740.00
4291023,34,12/8/25 17:19,119.600000,0.00,2740.00
4291002,34,12/8/25 17:19,119.600000,0.00,2740.00
4290981,34,12/8/25 17:19,119.600000,0.00,2740.00
4290960,34,12/8/25 17:19,119.600000,0.00,2740.00
4290939,34,12/8/25 17:19,119.600000,0.00,2690.00
4290918,34,12/8/25 17:18,119.600000,0.00,2690.00
4290897,34,12/8/25 17:18,119.600000,0.00,2690.00
4290876,34,12/8/25 17:18,119.600000,0.00,2690.00
4290855,34,12/8/25 17:18,119.600000,0.00,2690.00
4290834,34,12/8/25 17:18,119.600000,0.00,2690.00
4290813,34,12/8/25 17:18,119.600000,0.00,2690.00
4290792,34,12/8/25 17:18,119.600000,0.00,2690.00
4290771,34,12/8/25 17:18,119.600000,0.00,2690.00
4290750,34,12/8/25 17:18,119.600000,0.00,2690.00
4290729,34,12/8/25 17:18,119.600000,0.00,2690.00
4290708,34,12/8/25 17:18,119.600000,0.00,2690.00
4290687,34,12/8/25 17:18,119.600000,0.00,2690.00
4290666,34,12/8/25 17:17,119.600000,0.00,2670.00
4290645,34,12/8/25 17:17,119.600000,0.00,2670.00
4290624,34,12/8/25 17:17,119.600000,0.00,2670.00
4290603,34,12/8/25 17:17,119.600000,0.00,2670.00
4290582,34,12/8/25 17:17,119.600000,0.00,2670.00
4290561,34,12/8/25 17:17,119.600000,0.00,2670.00
4290540,34,12/8/25 17:17,119.600000,0.00,2670.00
4290519,34,12/8/25 17:17,119.600000,0.00,2670.00
4290498,34,12/8/25 17:17,119.600000,0.00,2670.00
4290477,34,12/8/25 17:17,119.600000,0.00,2670.00
4290456,34,12/8/25 17:17,119.600000,0.00,2670.00
4290435,34,12/8/25 17:17,119.600000,0.00,2670.00
4290414,34,12/8/25 17:16,119.600000,0.00,2640.00
4290393,34,12/8/25 17:16,119.600000,0.00,2640.00
4290372,34,12/8/25 17:16,119.600000,0.00,2640.00
4290351,34,12/8/25 17:16,119.600000,0.00,2640.00
4290330,34,12/8/25 17:16,119.600000,0.00,2640.00
4290309,34,12/8/25 17:16,119.600000,0.00,2640.00
4290288,34,12/8/25 17:16,119.600000,0.00,2640.00
4290267,34,12/8/25 17:16,119.600000,0.00,2640.00
4290246,34,12/8/25 17:16,119.600000,0.00,2640.00
4290225,34,12/8/25 17:16,119.600000,0.00,2640.00
4290204,34,12/8/25 17:16,119.600000,0.00,2640.00
4290183,34,12/8/25 17:16,119.600000,0.00,2640.00
4290162,34,12/8/25 17:15,119.600000,0.00,2640.00
4290141,34,12/8/25 17:15,119.600000,0.00,2610.00
4290120,34,12/8/25 17:15,119.600000,0.00,2610.00
4290099,34,12/8/25 17:15,119.600000,0.00,2610.00
4290078,34,12/8/25 17:15,119.600000,0.00,2610.00
4290057,34,12/8/25 17:15,119.600000,0.00,2610.00
4290036,34,12/8/25 17:15,119.600000,0.00,2610.00
4290015,34,12/8/25 17:15,119.600000,0.00,2610.00
4289994,34,12/8/25 17:15,119.600000,0.00,2610.00
4289973,34,12/8/25 17:15,119.600000,0.00,2610.00
4289952,34,12/8/25 17:15,119.600000,0.00,2610.00
4289931,34,12/8/25 17:15,119.600000,0.00,2610.00
4289910,34,12/8/25 17:14,119.600000,0.00,2610.00
4289889,34,12/8/25 17:14,119.600000,0.00,2580.00
4289868,34,12/8/25 17:14,119.600000,0.00,2580.00
4289847,34,12/8/25 17:14,119.600000,0.00,2580.00
4289826,34,12/8/25 17:14,119.600000,0.00,2580.00
4289805,34,12/8/25 17:14,119.600000,0.00,2580.00
4289784,34,12/8/25 17:14,119.600000,0.00,2580.00
4289763,34,12/8/25 17:14,119.600000,0.00,2580.00
4289742,34,12/8/25 17:14,119.600000,0.00,2580.00
4289721,34,12/8/25 17:14,119.600000,0.00,2580.00
4289700,34,12/8/25 17:14,119.600000,0.00,2580.00
4289679,34,12/8/25 17:14,119.600000,0.00,2580.00
4289658,34,12/8/25 17:13,119.600000,0.00,2580.00
4289637,34,12/8/25 17:13,119.600000,0.00,2580.00
4289616,34,12/8/25 17:13,119.600000,0.00,2560.00
4289595,34,12/8/25 17:13,119.600000,0.00,2560.00
4289574,34,12/8/25 17:13,119.600000,0.00,2560.00
4289553,34,12/8/25 17:13,119.600000,0.00,2560.00
4289532,34,12/8/25 17:13,119.600000,0.00,2560.00
4289511,34,12/8/25 17:13,119.600000,0.00,2560.00
4289490,34,12/8/25 17:13,119.600000,0.00,2560.00
4289469,34,12/8/25 17:13,119.600000,0.00,2560.00
4289448,34,12/8/25 17:13,119.600000,0.00,2560.00
4289427,34,12/8/25 17:13,119.600000,0.00,2560.00
4289406,34,12/8/25 17:12,119.600000,0.00,2560.00
4289385,34,12/8/25 17:12,119.600000,0.00,2560.00
4289364,34,12/8/25 17:12,119.600000,0.00,2530.00
4289343,34,12/8/25 17:12,119.600000,0.00,2530.00
4289322,34,12/8/25 17:12,119.600000,0.00,2530.00
4289301,34,12/8/25 17:12,119.600000,0.00,2530.00
4289280,34,12/8/25 17:12,119.600000,0.00,2530.00
4289259,34,12/8/25 17:12,119.600000,0.00,2530.00
4289238,34,12/8/25 17:12,119.600000,0.00,2530.00
4289217,34,12/8/25 17:12,119.600000,0.00,2530.00
4289196,34,12/8/25 17:12,119.600000,0.00,2530.00
4289175,34,12/8/25 17:12,119.600000,0.00,2530.00
4289154,34,12/8/25 17:11,119.600000,0.00,2530.00
4289133,34,12/8/25 17:11,119.600000,0.00,2530.00
4289112,34,12/8/25 17:11,119.600000,0.00,2530.00
4289091,34,12/8/25 17:11,119.600000,0.00,2510.00
4289070,34,12/8/25 17:11,119.600000,0.00,2510.00
4289049,34,12/8/25 17:11,119.600000,0.00,2510.00
4289028,34,12/8/25 17:11,119.600000,0.00,2510.00
4289007,34,12/8/25 17:11,119.600000,0.00,2510.00
4288986,34,12/8/25 17:11,119.600000,0.00,2510.00
4288965,34,12/8/25 17:11,119.600000,0.00,2510.00
4288944,34,12/8/25 17:11,119.600000,0.00,2510.00
4288923,34,12/8/25 17:11,119.600000,0.00,2510.00
4288902,34,12/8/25 17:10,119.600000,0.00,2510.00
4288881,34,12/8/25 17:10,119.600000,0.00,2510.00
4288860,34,12/8/25 17:10,119.600000,0.00,2510.00
4288839,34,12/8/25 17:10,119.600000,0.00,2480.00
4288818,34,12/8/25 17:10,119.600000,0.00,2480.00
4288797,34,12/8/25 17:10,119.600000,0.00,2480.00
4288776,34,12/8/25 17:10,119.600000,0.00,2480.00
4288755,34,12/8/25 17:10,119.600000,0.00,2480.00
4288734,34,12/8/25 17:10,119.600000,0.00,2480.00
4288713,34,12/8/25 17:10,119.600000,0.00,2480.00
4288692,34,12/8/25 17:10,119.600000,0.00,2480.00
4288671,34,12/8/25 17:10,119.600000,0.00,2480.00
4288650,34,12/8/25 17:09,119.600000,0.00,2480.00
4288629,34,12/8/25 17:09,119.600000,0.00,2480.00
4288608,34,12/8/25 17:09,119.600000,0.00,2480.00
4288587,34,12/8/25 17:09,119.600000,0.00,2480.00
4288566,34,12/8/25 17:09,119.600000,0.00,2460.00
4288545,34,12/8/25 17:09,119.600000,0.00,2460.00
4288524,34,12/8/25 17:09,119.600000,0.00,2460.00
4288503,34,12/8/25 17:09,119.600000,0.00,2460.00
4288482,34,12/8/25 17:09,119.600000,0.00,2460.00
4288461,34,12/8/25 17:09,119.600000,0.00,2460.00
4288440,34,12/8/25 17:09,119.600000,0.00,2460.00
4288419,34,12/8/25 17:08,119.600000,0.00,2460.00
4288398,34,12/8/25 17:08,119.600000,0.00,2460.00
4288377,34,12/8/25 17:08,119.600000,0.00,2460.00
4288356,34,12/8/25 17:08,119.600000,0.00,2460.00
4288335,34,12/8/25 17:08,119.600000,0.00,2460.00
4288314,34,12/8/25 17:08,119.600000,0.00,2440.00
4288293,34,12/8/25 17:08,119.600000,0.00,2440.00
4288272,34,12/8/25 17:08,119.600000,0.00,2440.00
4288251,34,12/8/25 17:08,119.600000,0.00,2440.00
4288230,34,12/8/25 17:08,119.600000,0.00,2440.00
4288209,34,12/8/25 17:08,119.600000,0.00,2440.00
4288188,34,12/8/25 17:08,119.600000,0.00,2440.00
4288167,34,12/8/25 17:07,119.600000,0.00,2440.00
4288146,34,12/8/25 17:07,119.600000,0.00,2440.00
4288125,34,12/8/25 17:07,119.600000,0.00,2440.00
4288104,34,12/8/25 17:07,119.600000,0.00,2440.00
4288083,34,12/8/25 17:07,119.600000,0.00,2440.00
4288062,34,12/8/25 17:07,119.600000,0.00,2440.00
4288041,34,12/8/25 17:07,119.600000,0.00,2410.00
4288020,34,12/8/25 17:07,119.600000,0.00,2410.00
4287999,34,12/8/25 17:07,119.600000,0.00,2410.00
4287978,34,12/8/25 17:07,119.600000,0.00,2410.00
4287957,34,12/8/25 17:07,119.600000,0.00,2410.00
4287936,34,12/8/25 17:07,119.600000,0.00,2410.00
4287915,34,12/8/25 17:06,119.600000,0.00,2410.00
4287894,34,12/8/25 17:06,119.600000,0.00,2410.00
4287873,34,12/8/25 17:06,119.600000,0.00,2410.00
4287852,34,12/8/25 17:06,119.600000,0.00,2410.00
4287831,34,12/8/25 17:06,119.600000,0.00,2410.00
4287810,34,12/8/25 17:06,119.600000,0.00,2410.00
4287789,34,12/8/25 17:06,119.600000,0.00,2390.00
4287768,34,12/8/25 17:06,119.600000,0.00,2390.00
4287747,34,12/8/25 17:06,119.600000,0.00,2390.00
4287726,34,12/8/25 17:06,119.600000,0.00,2390.00
4287705,34,12/8/25 17:06,119.600000,0.00,2390.00
4287684,34,12/8/25 17:06,119.600000,0.00,2390.00
4287663,34,12/8/25 17:05,119.600000,0.00,2390.00
4287642,34,12/8/25 17:05,119.600000,0.00,2390.00
4287621,34,12/8/25 17:05,119.600000,0.00,2390.00
4287600,34,12/8/25 17:05,119.600000,0.00,2390.00
4287579,34,12/8/25 17:05,119.600000,0.00,2390.00
4287558,34,12/8/25 17:05,119.600000,0.00,2390.00
4287537,34,12/8/25 17:05,119.600000,0.00,2390.00
4287516,34,12/8/25 17:05,119.600000,0.00,2370.00
4287495,34,12/8/25 17:05,119.600000,0.00,2370.00
4287474,34,12/8/25 17:05,119.600000,0.00,2370.00
4287453,34,12/8/25 17:05,119.600000,0.00,2370.00
4287432,34,12/8/25 17:05,119.600000,0.00,2370.00
4287411,34,12/8/25 17:04,119.600000,0.00,2370.00
4287390,34,12/8/25 17:04,119.600000,0.00,2370.00
4287369,34,12/8/25 17:04,119.600000,0.00,2370.00
4287348,34,12/8/25 17:04,119.600000,0.00,2370.00
4287327,34,12/8/25 17:04,119.600000,0.00,2370.00
4287306,34,12/8/25 17:04,119.600000,0.00,2370.00
4287285,34,12/8/25 17:04,119.600000,0.00,2370.00
4287264,34,12/8/25 17:04,119.600000,0.00,2350.00
4287243,34,12/8/25 17:04,119.600000,0.00,2350.00
4287222,34,12/8/25 17:04,119.600000,0.00,2350.00
4287201,34,12/8/25 17:04,119.600000,0.00,2350.00
4287180,34,12/8/25 17:04,119.600000,0.00,2350.00
4287159,34,12/8/25 17:03,119.600000,0.00,2350.00
4287138,34,12/8/25 17:03,119.600000,0.00,2350.00
4287117,34,12/8/25 17:03,119.600000,0.00,2350.00
4287096,34,12/8/25 17:03,119.600000,0.00,2350.00
4287075,34,12/8/25 17:03,119.600000,0.00,2350.00
4287054,34,12/8/25 17:03,119.600000,0.00,2350.00
4287033,34,12/8/25 17:03,119.600000,0.00,2350.00
4287012,34,12/8/25 17:03,119.600000,0.00,2350.00
4286991,34,12/8/25 17:03,119.600000,0.00,2330.00
4286970,34,12/8/25 17:03,119.600000,0.00,2330.00
4286949,34,12/8/25 17:03,119.600000,0.00,2330.00
4286928,34,12/8/25 17:03,119.600000,0.00,2330.00
4286907,34,12/8/25 17:02,119.600000,0.00,2330.00
4286886,34,12/8/25 17:02,119.600000,0.00,2330.00
4286865,34,12/8/25 17:02,119.600000,0.00,2330.00
4286844,34,12/8/25 17:02,119.600000,0.00,2330.00
4286823,34,12/8/25 17:02,119.600000,0.00,2330.00
4286802,34,12/8/25 17:02,119.600000,0.00,2330.00
4286781,34,12/8/25 17:02,119.600000,0.00,2330.00
4286760,34,12/8/25 17:02,119.600000,0.00,2330.00
4286739,34,12/8/25 17:02,119.600000,0.00,2310.00
4286718,34,12/8/25 17:02,119.600000,0.00,2310.00
4286697,34,12/8/25 17:02,119.600000,0.00,2310.00
4286676,34,12/8/25 17:02,119.600000,0.00,2310.00
4286655,34,12/8/25 17:01,119.600000,0.00,2310.00
4286634,34,12/8/25 17:01,119.600000,0.00,2310.00
4286613,34,12/8/25 17:01,119.600000,0.00,2310.00
4286592,34,12/8/25 17:01,119.600000,0.00,2310.00
4286571,34,12/8/25 17:01,119.600000,0.00,2310.00
4286550,34,12/8/25 17:01,119.600000,0.00,2310.00
4286529,34,12/8/25 17:01,119.600000,0.00,2310.00
4286508,34,12/8/25 17:01,119.600000,0.00,2310.00
4286487,34,12/8/25 17:01,119.600000,0.00,2310.00
4286466,34,12/8/25 17:01,119.600000,0.00,2290.00
4286445,34,12/8/25 17:01,119.600000,0.00,2290.00
4286424,34,12/8/25 17:01,119.600000,0.00,2290.00
4286403,34,12/8/25 17:00,119.600000,0.00,2290.00
4286382,34,12/8/25 17:00,119.600000,0.00,2290.00
4286361,34,12/8/25 17:00,119.600000,0.00,2290.00
4286340,34,12/8/25 17:00,119.600000,0.00,2290.00
4286319,34,12/8/25 17:00,119.600000,0.00,2290.00
4286298,34,12/8/25 17:00,119.600000,0.00,2290.00
4286277,34,12/8/25 17:00,119.600000,0.00,2290.00
4286256,34,12/8/25 17:00,119.600000,0.00,2290.00
4286235,34,12/8/25 17:00,119.600000,0.00,2290.00
4286214,34,12/8/25 17:00,119.600000,0.00,2270.00
4286193,34,12/8/25 17:00,119.600000,0.00,2270.00
4286172,34,12/8/25 17:00,119.600000,0.00,2270.00
4286151,34,12/8/25 16:59,119.600000,0.00,2270.00
4286130,34,12/8/25 16:59,119.600000,0.00,2270.00
4286109,34,12/8/25 16:59,119.600000,0.00,2270.00
4286088,34,12/8/25 16:59,119.600000,0.00,2270.00
4286067,34,12/8/25 16:59,119.600000,0.00,2270.00
4286046,34,12/8/25 16:59,119.600000,0.00,2270.00
4286025,34,12/8/25 16:59,119.600000,0.00,2270.00
4286004,34,12/8/25 16:59,119.600000,0.00,2270.00
4285983,34,12/8/25 16:59,119.600000,0.00,2270.00
4285962,34,12/8/25 16:59,119.600000,0.00,2270.00
4285941,34,12/8/25 16:59,119.600000,0.00,2250.00
4285920,34,12/8/25 16:59,119.600000,0.00,2250.00
4285899,34,12/8/25 16:58,119.600000,0.00,2250.00
4285878,34,12/8/25 16:58,119.600000,0.00,2250.00
4285857,34,12/8/25 16:58,119.600000,0.00,2250.00
4285836,34,12/8/25 16:58,119.600000,0.00,2250.00
4285815,34,12/8/25 16:58,119.600000,0.00,2250.00
4285794,34,12/8/25 16:58,119.600000,0.00,2250.00
4285773,34,12/8/25 16:58,119.600000,0.00,2250.00
4285752,34,12/8/25 16:58,119.600000,0.00,2250.00
4285731,34,12/8/25 16:58,119.600000,0.00,2250.00
4285710,34,12/8/25 16:58,119.600000,0.00,2250.00
4285689,34,12/8/25 16:58,119.600000,0.00,2230.00
4285668,34,12/8/25 16:57,119.600000,0.00,2230.00
4285647,34,12/8/25 16:57,119.600000,0.00,2230.00
4285626,34,12/8/25 16:57,119.600000,0.00,2230.00
4285605,34,12/8/25 16:57,119.600000,0.00,2230.00
4285584,34,12/8/25 16:57,119.600000,0.00,2230.00
4285563,34,12/8/25 16:57,119.600000,0.00,2230.00
4285542,34,12/8/25 16:57,119.600000,0.00,2230.00
4285521,34,12/8/25 16:57,119.600000,0.00,2230.00
4285500,34,12/8/25 16:57,119.600000,0.00,2230.00
4285479,34,12/8/25 16:57,119.600000,0.00,2230.00
4285458,34,12/8/25 16:57,119.600000,0.00,2230.00
4285437,34,12/8/25 16:57,119.600000,0.00,2230.00
4285416,34,12/8/25 16:57,119.600000,0.00,2210.00
4285395,34,12/8/25 16:56,119.600000,0.00,2210.00
4285374,34,12/8/25 16:56,119.600000,0.00,2210.00
4285353,34,12/8/25 16:56,119.600000,0.00,2210.00
4285332,34,12/8/25 16:56,119.600000,0.00,2210.00
4285311,34,12/8/25 16:56,119.600000,0.00,2210.00
4285290,34,12/8/25 16:56,119.600000,0.00,2210.00
4285269,34,12/8/25 16:56,119.600000,0.00,2210.00
4285248,34,12/8/25 16:56,119.600000,0.00,2210.00
4285227,34,12/8/25 16:56,119.600000,0.00,2210.00
4285206,34,12/8/25 16:56,119.600000,0.00,2210.00
4285185,34,12/8/25 16:56,119.600000,0.00,2210.00
4285164,34,12/8/25 16:55,119.600000,0.00,2210.00
4285143,34,12/8/25 16:55,119.600000,0.00,2190.00
4285122,34,12/8/25 16:55,119.600000,0.00,2190.00
4285101,34,12/8/25 16:55,119.600000,0.00,2190.00
4285080,34,12/8/25 16:55,119.600000,0.00,2190.00
4285059,34,12/8/25 16:55,119.600000,0.00,2190.00
4285038,34,12/8/25 16:55,119.600000,0.00,2190.00
4285017,34,12/8/25 16:55,119.600000,0.00,2190.00
4284996,34,12/8/25 16:55,119.600000,0.00,2190.00
4284975,34,12/8/25 16:55,119.600000,0.00,2190.00
4284954,34,12/8/25 16:55,119.600000,0.00,2190.00
4284933,34,12/8/25 16:55,119.600000,0.00,2190.00
4284912,34,12/8/25 16:54,119.600000,0.00,2190.00
4284891,34,12/8/25 16:54,119.600000,0.00,2170.00
4284870,34,12/8/25 16:54,119.600000,0.00,2170.00
4284849,34,12/8/25 16:54,119.600000,0.00,2170.00
4284828,34,12/8/25 16:54,119.600000,0.00,2170.00
4284807,34,12/8/25 16:54,119.600000,0.00,2170.00
4284786,34,12/8/25 16:54,119.600000,0.00,2170.00
4284765,34,12/8/25 16:54,119.600000,0.00,2170.00
4284744,34,12/8/25 16:54,119.600000,0.00,2170.00
4284723,34,12/8/25 16:54,119.600000,0.00,2170.00
4284702,34,12/8/25 16:54,119.600000,0.00,2170.00
4284681,34,12/8/25 16:54,119.600000,0.00,2170.00
4284660,34,12/8/25 16:53,119.600000,0.00,2170.00
4284639,34,12/8/25 16:53,119.600000,0.00,2170.00
4284618,34,12/8/25 16:53,119.600000,0.00,2150.00
4284597,34,12/8/25 16:53,119.600000,0.00,2150.00
4284576,34,12/8/25 16:53,119.600000,0.00,2150.00
4284555,34,12/8/25 16:53,119.600000,0.00,2150.00
4284534,34,12/8/25 16:53,119.600000,0.00,2150.00
4284513,34,12/8/25 16:53,119.600000,0.00,2150.00
4284492,34,12/8/25 16:53,119.600000,0.00,2150.00
4284471,34,12/8/25 16:53,119.600000,0.00,2150.00
4284450,34,12/8/25 16:53,119.600000,0.00,2150.00
4284429,34,12/8/25 16:53,119.600000,0.00,2150.00
4284408,34,12/8/25 16:52,119.600000,0.00,2150.00
4284387,34,12/8/25 16:52,119.600000,0.00,2150.00
4284366,34,12/8/25 16:52,119.600000,0.00,2130.00
4284345,34,12/8/25 16:52,119.600000,0.00,2130.00
4284324,34,12/8/25 16:52,119.600000,0.00,2130.00
4284303,34,12/8/25 16:52,119.600000,0.00,2130.00
4284282,34,12/8/25 16:52,119.600000,0.00,2130.00
4284261,34,12/8/25 16:52,119.600000,0.00,2130.00
4284240,34,12/8/25 16:52,119.600000,0.00,2130.00
4284219,34,12/8/25 16:52,119.600000,0.00,2130.00
4284198,34,12/8/25 16:52,119.600000,0.00,2130.00
4284177,34,12/8/25 16:52,119.600000,0.00,2130.00
4284156,34,12/8/25 16:51,119.600000,0.00,2130.00
4284135,34,12/8/25 16:51,119.600000,0.00,2130.00
4284114,34,12/8/25 16:51,119.600000,0.00,2130.00
4284093,34,12/8/25 16:51,119.600000,0.00,2110.00
4284072,34,12/8/25 16:51,119.600000,0.00,2110.00
4284051,34,12/8/25 16:51,119.600000,0.00,2110.00
4284030,34,12/8/25 16:51,119.600000,0.00,2110.00
4284009,34,12/8/25 16:51,119.600000,0.00,2110.00
4283988,34,12/8/25 16:51,119.600000,0.00,2110.00
4283967,34,12/8/25 16:51,119.600000,0.00,2110.00
4283946,34,12/8/25 16:51,119.600000,0.00,2110.00
4283925,34,12/8/25 16:51,119.600000,0.00,2110.00
4283904,34,12/8/25 16:50,119.600000,0.00,2110.00
4283883,34,12/8/25 16:50,119.600000,0.00,2110.00
4283862,34,12/8/25 16:50,119.600000,0.00,2110.00
4283841,34,12/8/25 16:50,119.600000,0.00,2090.00
4283820,34,12/8/25 16:50,119.600000,0.00,2090.00
4283799,34,12/8/25 16:50,119.600000,0.00,2090.00
4283778,34,12/8/25 16:50,119.600000,0.00,2090.00
4283757,34,12/8/25 16:50,119.600000,0.00,2090.00
4283736,34,12/8/25 16:50,119.600000,0.00,2090.00
4283715,34,12/8/25 16:50,119.600000,0.00,2090.00
4283694,34,12/8/25 16:50,119.600000,0.00,2090.00
4283673,34,12/8/25 16:50,119.600000,0.00,2090.00
4283652,34,12/8/25 16:49,119.600000,0.00,2090.00
4283631,34,12/8/25 16:49,119.600000,0.00,2090.00
4283610,34,12/8/25 16:49,119.600000,0.00,2090.00
4283589,34,12/8/25 16:49,119.600000,0.00,2090.00
4283568,34,12/8/25 16:49,119.600000,0.00,2070.00
4283547,34,12/8/25 16:49,119.600000,0.00,2070.00
4283526,34,12/8/25 16:49,119.600000,0.00,2070.00
4283505,34,12/8/25 16:49,119.600000,0.00,2070.00
4283484,34,12/8/25 16:49,119.600000,0.00,2070.00
4283463,34,12/8/25 16:49,119.600000,0.00,2070.00
4283442,34,12/8/25 16:49,119.600000,0.00,2070.00
4283421,34,12/8/25 16:49,119.600000,0.00,2070.00
4283400,34,12/8/25 16:48,119.600000,0.00,2070.00
4283379,34,12/8/25 16:48,119.600000,0.00,2070.00
4283358,34,12/8/25 16:48,119.600000,0.00,2070.00
4283337,34,12/8/25 16:48,119.600000,0.00,2070.00
4283316,34,12/8/25 16:48,119.600000,0.00,2050.00
4283295,34,12/8/25 16:48,119.600000,0.00,2050.00
4283274,34,12/8/25 16:48,119.600000,0.00,2050.00
4283253,34,12/8/25 16:48,119.600000,0.00,2050.00
4283232,34,12/8/25 16:48,119.600000,0.00,2050.00
4283211,34,12/8/25 16:48,119.600000,0.00,2050.00
4283190,34,12/8/25 16:48,119.600000,0.00,2050.00
4283169,34,12/8/25 16:48,119.600000,0.00,2050.00
4283148,34,12/8/25 16:47,119.600000,0.00,2050.00
4283127,34,12/8/25 16:47,119.600000,0.00,2050.00
4283106,34,12/8/25 16:47,119.600000,0.00,2050.00
4283085,34,12/8/25 16:47,119.600000,0.00,2050.00
4283064,34,12/8/25 16:47,119.600000,0.00,2050.00
4283043,34,12/8/25 16:47,119.600000,0.00,2030.00
4283022,34,12/8/25 16:47,119.600000,0.00,2030.00
4283001,34,12/8/25 16:47,119.600000,0.00,2030.00
4282980,34,12/8/25 16:47,119.600000,0.00,2030.00
4282959,34,12/8/25 16:47,119.600000,0.00,2030.00
4282938,34,12/8/25 16:47,119.600000,0.00,2030.00
4282917,34,12/8/25 16:47,119.600000,0.00,2030.00
4282896,34,12/8/25 16:46,119.600000,0.00,2030.00
4282875,34,12/8/25 16:46,119.600000,0.00,2030.00
4282854,34,12/8/25 16:46,119.600000,0.00,2030.00
4282833,34,12/8/25 16:46,119.600000,0.00,2030.00
4282812,34,12/8/25 16:46,119.600000,0.00,2030.00
4282791,34,12/8/25 16:46,119.600000,0.00,2010.00
4282770,34,12/8/25 16:46,119.600000,0.00,2010.00
4282749,34,12/8/25 16:46,119.600000,0.00,2010.00
4282728,34,12/8/25 16:46,119.600000,0.00,2010.00
4282707,34,12/8/25 16:46,119.600000,0.00,2010.00
4282686,34,12/8/25 16:46,119.600000,0.00,2010.00
4282665,34,12/8/25 16:45,119.600000,0.00,2010.00
4282644,34,12/8/25 16:45,119.600000,0.00,2010.00
4282623,34,12/8/25 16:45,119.600000,0.00,2010.00
4282602,34,12/8/25 16:45,119.600000,0.00,2010.00
4282581,34,12/8/25 16:45,119.600000,0.00,2010.00
4282560,34,12/8/25 16:45,119.600000,0.00,2010.00
4282539,34,12/8/25 16:45,119.600000,0.00,2010.00
4282518,34,12/8/25 16:45,119.600000,0.00,2000.00
4282497,34,12/8/25 16:45,119.600000,0.00,2000.00
4282476,34,12/8/25 16:45,119.600000,0.00,2000.00
4282455,34,12/8/25 16:45,119.600000,0.00,2000.00
4282434,34,12/8/25 16:45,119.600000,0.00,2000.00
4282413,34,12/8/25 16:45,119.600000,0.00,2000.00
4282392,34,12/8/25 16:44,119.600000,0.00,2000.00
4282371,34,12/8/25 16:44,119.600000,0.00,2000.00
4282350,34,12/8/25 16:44,119.600000,0.00,2000.00
4282329,34,12/8/25 16:44,119.600000,0.00,2000.00
4282308,34,12/8/25 16:44,119.600000,0.00,2000.00
4282287,34,12/8/25 16:44,119.600000,0.00,2000.00
4282266,34,12/8/25 16:44,119.600000,0.00,1980.00
4282245,34,12/8/25 16:44,119.600000,0.00,1980.00
4282224,34,12/8/25 16:44,119.600000,0.00,1980.00
4282203,34,12/8/25 16:44,119.600000,0.00,1980.00
4282182,34,12/8/25 16:44,119.600000,0.00,1980.00
4282161,34,12/8/25 16:43,119.600000,0.00,1980.00
4282140,34,12/8/25 16:43,119.600000,0.00,1980.00
4282119,34,12/8/25 16:43,119.600000,0.00,1980.00
4282098,34,12/8/25 16:43,119.600000,0.00,1980.00
4282077,34,12/8/25 16:43,119.600000,0.00,1980.00
4282056,34,12/8/25 16:43,119.600000,0.00,1980.00
4282035,34,12/8/25 16:43,119.600000,0.00,1980.00
4282014,34,12/8/25 16:43,119.600000,0.00,1980.00
4281993,34,12/8/25 16:43,119.600000,0.00,1960.00
4281972,34,12/8/25 16:43,119.600000,0.00,1960.00
4281951,34,12/8/25 16:43,119.600000,0.00,1960.00
4281930,34,12/8/25 16:43,119.600000,0.00,1960.00
4281909,34,12/8/25 16:42,119.600000,0.00,1960.00
4281888,34,12/8/25 16:42,119.600000,0.00,1960.00
4281867,34,12/8/25 16:42,119.600000,0.00,1960.00
4281846,34,12/8/25 16:42,119.600000,0.00,1960.00
4281825,34,12/8/25 16:42,119.600000,0.00,1960.00
4281804,34,12/8/25 16:42,119.600000,0.00,1960.00
4281783,34,12/8/25 16:42,119.600000,0.00,1960.00
4281762,34,12/8/25 16:42,119.600000,0.00,1960.00
4281741,34,12/8/25 16:42,119.600000,0.00,1940.00
4281720,34,12/8/25 16:42,119.600000,0.00,1940.00
4281699,34,12/8/25 16:42,119.600000,0.00,1940.00
4281678,34,12/8/25 16:42,119.600000,0.00,1940.00
4281657,34,12/8/25 16:41,119.600000,0.00,1940.00
4281636,34,12/8/25 16:41,119.600000,0.00,1940.00
4281615,34,12/8/25 16:41,119.600000,0.00,1940.00
4281594,34,12/8/25 16:41,119.600000,0.00,1940.00
4281573,34,12/8/25 16:41,119.600000,0.00,1940.00
4281552,34,12/8/25 16:41,119.600000,0.00,1940.00
4281531,34,12/8/25 16:41,119.600000,0.00,1940.00
4281510,34,12/8/25 16:41,119.600000,0.00,1940.00
4281489,34,12/8/25 16:41,119.600000,0.00,1940.00
4281468,34,12/8/25 16:41,119.600000,0.00,1920.00
4281447,34,12/8/25 16:41,119.600000,0.00,1920.00
4281426,34,12/8/25 16:41,119.600000,0.00,1920.00
4281405,34,12/8/25 16:40,119.600000,0.00,1920.00
4281384,34,12/8/25 16:40,119.600000,0.00,1920.00
4281363,34,12/8/25 16:40,119.600000,0.00,1920.00
4281342,34,12/8/25 16:40,119.600000,0.00,1920.00
4281321,34,12/8/25 16:40,119.600000,0.00,1920.00
4281300,34,12/8/25 16:40,119.600000,0.00,1920.00
4281279,34,12/8/25 16:40,119.600000,0.00,1920.00
4281258,34,12/8/25 16:40,119.600000,0.00,1920.00
4281237,34,12/8/25 16:40,119.600000,0.00,1920.00
4281216,34,12/8/25 16:40,119.600000,0.00,1900.00
4281195,34,12/8/25 16:40,119.600000,0.00,1900.00
4281174,34,12/8/25 16:40,119.600000,0.00,1900.00
4281153,34,12/8/25 16:39,119.600000,0.00,1900.00
4281132,34,12/8/25 16:39,119.600000,0.00,1900.00
4281111,34,12/8/25 16:39,119.600000,0.00,1900.00
4281090,34,12/8/25 16:39,119.600000,0.00,1900.00
4281069,34,12/8/25 16:39,119.600000,0.00,1900.00
4281048,34,12/8/25 16:39,119.600000,0.00,1900.00
4281027,34,12/8/25 16:39,119.600000,0.00,1900.00
4281006,34,12/8/25 16:39,119.600000,0.00,1900.00
4280985,34,12/8/25 16:39,119.600000,0.00,1900.00
4280964,34,12/8/25 16:39,119.600000,0.00,1900.00
4280943,34,12/8/25 16:39,119.600000,0.00,1880.00
4280922,34,12/8/25 16:39,119.600000,0.00,1880.00
4280901,34,12/8/25 16:38,119.600000,0.00,1880.00
4280880,34,12/8/25 16:38,119.600000,0.00,1880.00
4280859,34,12/8/25 16:38,119.600000,0.00,1880.00
4280838,34,12/8/25 16:38,119.600000,0.00,1880.00
4280817,34,12/8/25 16:38,119.600000,0.00,1880.00
4280796,34,12/8/25 16:38,119.600000,0.00,1880.00
4280775,34,12/8/25 16:38,119.600000,0.00,1880.00
4280754,34,12/8/25 16:38,119.600000,0.00,1880.00
4280733,34,12/8/25 16:38,119.600000,0.00,1880.00
4280712,34,12/8/25 16:38,119.600000,0.00,1880.00
4280691,34,12/8/25 16:38,119.600000,0.00,1880.00
4280670,34,12/8/25 16:38,119.600000,0.00,1860.00
4280649,34,12/8/25 16:37,119.600000,0.00,1860.00
4280628,34,12/8/25 16:37,119.600000,0.00,1860.00
4280607,34,12/8/25 16:37,119.600000,0.00,1860.00
4280586,34,12/8/25 16:37,119.600000,0.00,1860.00
4280565,34,12/8/25 16:37,119.600000,0.00,1860.00
4280544,34,12/8/25 16:37,119.600000,0.00,1860.00
4280523,34,12/8/25 16:37,119.600000,0.00,1860.00
4280502,34,12/8/25 16:37,119.600000,0.00,1860.00
4280481,34,12/8/25 16:37,119.600000,0.00,1860.00
4280460,34,12/8/25 16:37,119.600000,0.00,1860.00
4280439,34,12/8/25 16:37,119.600000,0.00,1860.00
4280418,34,12/8/25 16:37,119.600000,0.00,1850.00
4280397,34,12/8/25 16:36,119.600000,0.00,1850.00
4280376,34,12/8/25 16:36,119.600000,0.00,1850.00
4280355,34,12/8/25 16:36,119.600000,0.00,1850.00
4280334,34,12/8/25 16:36,119.600000,0.00,1850.00
4280313,34,12/8/25 16:36,119.600000,0.00,1850.00
4280292,34,12/8/25 16:36,119.600000,0.00,1850.00
4280271,34,12/8/25 16:36,119.600000,0.00,1850.00
4280250,34,12/8/25 16:36,119.600000,0.00,1850.00
4280229,34,12/8/25 16:36,119.600000,0.00,1850.00
4280208,34,12/8/25 16:36,119.600000,0.00,1850.00
4280187,34,12/8/25 16:36,119.600000,0.00,1850.00
4280166,34,12/8/25 16:36,119.600000,0.00,1850.00
4280145,34,12/8/25 16:35,119.600000,0.00,1830.00
4280124,34,12/8/25 16:35,119.600000,0.00,1830.00
4280103,34,12/8/25 16:35,119.600000,0.00,1830.00
4280082,34,12/8/25 16:35,119.600000,0.00,1830.00
4280061,34,12/8/25 16:35,119.600000,0.00,1830.00
4280040,34,12/8/25 16:35,119.600000,0.00,1830.00
4280019,34,12/8/25 16:35,119.600000,0.00,1830.00
4279998,34,12/8/25 16:35,119.600000,0.00,1830.00
4279977,34,12/8/25 16:35,119.600000,0.00,1830.00
4279956,34,12/8/25 16:35,119.600000,0.00,1830.00
4279935,34,12/8/25 16:35,119.600000,0.00,1830.00
4279914,34,12/8/25 16:35,119.600000,0.00,1830.00
4279893,34,12/8/25 16:34,119.600000,0.00,1810.00
4279872,34,12/8/25 16:34,119.600000,0.00,1810.00
4279851,34,12/8/25 16:34,119.600000,0.00,1810.00
4279830,34,12/8/25 16:34,119.600000,0.00,1810.00
4279809,34,12/8/25 16:34,119.600000,0.00,1810.00
4279788,34,12/8/25 16:34,119.600000,0.00,1810.00
4279767,34,12/8/25 16:34,119.600000,0.00,1810.00
4279746,34,12/8/25 16:34,119.600000,0.00,1810.00
4279725,34,12/8/25 16:34,119.600000,0.00,1810.00
4279704,34,12/8/25 16:34,119.600000,0.00,1810.00
4279683,34,12/8/25 16:34,119.600000,0.00,1810.00
4279662,34,12/8/25 16:34,119.600000,0.00,1810.00
4279641,34,12/8/25 16:33,119.600000,0.00,1810.00
4279620,34,12/8/25 16:33,119.600000,0.00,1800.00
4279599,34,12/8/25 16:33,119.600000,0.00,1800.00
4279578,34,12/8/25 16:33,119.600000,0.00,1800.00
4279557,34,12/8/25 16:33,119.600000,0.00,1800.00
4279536,34,12/8/25 16:33,119.600000,0.00,1800.00
4279515,34,12/8/25 16:33,119.600000,0.00,1800.00
4279494,34,12/8/25 16:33,119.600000,0.00,1800.00
4279473,34,12/8/25 16:33,119.600000,0.00,1800.00
4279452,34,12/8/25 16:33,119.600000,0.00,1800.00
4279431,34,12/8/25 16:33,119.600000,0.00,1800.00
4279410,34,12/8/25 16:33,119.600000,0.00,1800.00
4279389,34,12/8/25 16:32,119.600000,0.00,1800.00
4279368,34,12/8/25 16:32,119.600000,0.00,1780.00
4279347,34,12/8/25 16:32,119.600000,0.00,1780.00
4279326,34,12/8/25 16:32,119.600000,0.00,1780.00
4279305,34,12/8/25 16:32,119.600000,0.00,1780.00
4279284,34,12/8/25 16:32,119.600000,0.00,1780.00
4279263,34,12/8/25 16:32,119.600000,0.00,1780.00
4279242,34,12/8/25 16:32,119.600000,0.00,1780.00
4279221,34,12/8/25 16:32,119.600000,0.00,1780.00
4279200,34,12/8/25 16:32,119.600000,0.00,1780.00
4279179,34,12/8/25 16:32,119.600000,0.00,1780.00
4279158,34,12/8/25 16:32,119.600000,0.00,1780.00
4279137,34,12/8/25 16:31,119.600000,0.00,1780.00
4279116,34,12/8/25 16:31,119.600000,0.00,1780.00
4279095,34,12/8/25 16:31,119.600000,0.00,1770.00
4279074,34,12/8/25 16:31,119.600000,0.00,1770.00
4279053,34,12/8/25 16:31,119.600000,0.00,1770.00
4279032,34,12/8/25 16:31,119.600000,0.00,1770.00
4279011,34,12/8/25 16:31,119.600000,0.00,1770.00
4278990,34,12/8/25 16:31,119.600000,0.00,1770.00
4278969,34,12/8/25 16:31,119.600000,0.00,1770.00
4278948,34,12/8/25 16:31,119.600000,0.00,1770.00
4278927,34,12/8/25 16:31,119.600000,0.00,1770.00
4278906,34,12/8/25 16:30,119.600000,0.00,1770.00
4278885,34,12/8/25 16:30,119.600000,0.00,1770.00
4278864,34,12/8/25 16:30,119.600000,0.00,1770.00
4278843,34,12/8/25 16:30,119.600000,0.00,1750.00
4278822,34,12/8/25 16:30,119.600000,0.00,1750.00
4278801,34,12/8/25 16:30,119.600000,0.00,1750.00
4278780,34,12/8/25 16:30,119.600000,0.00,1750.00
4278759,34,12/8/25 16:30,119.600000,0.00,1750.00
4278738,34,12/8/25 16:30,119.600000,0.00,1750.00
4278717,34,12/8/25 16:30,119.600000,0.00,1750.00
4278696,34,12/8/25 16:30,119.600000,0.00,1750.00
4278675,34,12/8/25 16:30,119.600000,0.00,1750.00
4278654,34,12/8/25 16:30,119.600000,0.00,1750.00
4278633,34,12/8/25 16:29,119.600000,0.00,1750.00
4278612,34,12/8/25 16:29,119.600000,0.00,1750.00
4278591,34,12/8/25 16:29,119.600000,0.00,1750.00
4278570,34,12/8/25 16:29,119.600000,0.00,1730.00
4278549,34,12/8/25 16:29,119.600000,0.00,1730.00
4278528,34,12/8/25 16:29,119.600000,0.00,1730.00
4278507,34,12/8/25 16:29,119.600000,0.00,1730.00
4278486,34,12/8/25 16:29,119.600000,0.00,1730.00
4278465,34,12/8/25 16:29,119.600000,0.00,1730.00
4278444,34,12/8/25 16:29,119.600000,0.00,1730.00
4278423,34,12/8/25 16:29,119.600000,0.00,1730.00
4278402,34,12/8/25 16:28,119.600000,0.00,1730.00
4278381,34,12/8/25 16:28,119.600000,0.00,1730.00
4278360,34,12/8/25 16:28,119.600000,0.00,1730.00
4278339,34,12/8/25 16:28,119.600000,0.00,1730.00
4278318,34,12/8/25 16:28,119.600000,0.00,1730.00
4278297,34,12/8/25 16:28,119.600000,0.00,1710.00
4278276,34,12/8/25 16:28,119.600000,0.00,1710.00
4278255,34,12/8/25 16:28,119.600000,0.00,1710.00
4278234,34,12/8/25 16:28,119.600000,0.00,1710.00
4278213,34,12/8/25 16:28,119.600000,0.00,1710.00
4278192,34,12/8/25 16:28,119.600000,0.00,1710.00
4278171,34,12/8/25 16:28,119.600000,0.00,1710.00
4278150,34,12/8/25 16:27,119.600000,0.00,1710.00
4278129,34,12/8/25 16:27,119.600000,0.00,1710.00
4278108,34,12/8/25 16:27,119.600000,0.00,1710.00
4278087,34,12/8/25 16:27,119.600000,0.00,1710.00
4278066,34,12/8/25 16:27,119.600000,0.00,1710.00
4278045,34,12/8/25 16:27,119.600000,0.00,1700.00
4278024,34,12/8/25 16:27,119.600000,0.00,1700.00
4278003,34,12/8/25 16:27,119.600000,0.00,1700.00
4277982,34,12/8/25 16:27,119.600000,0.00,1700.00
4277961,34,12/8/25 16:27,119.600000,0.00,1700.00
4277940,34,12/8/25 16:27,119.600000,0.00,1700.00
4277919,34,12/8/25 16:27,119.600000,0.00,1700.00
4277898,34,12/8/25 16:26,119.600000,0.00,1700.00
4277877,34,12/8/25 16:26,119.600000,0.00,1700.00
4277856,34,12/8/25 16:26,119.600000,0.00,1700.00
4277835,34,12/8/25 16:26,119.600000,0.00,1700.00
4277814,34,12/8/25 16:26,119.600000,0.00,1700.00
4277793,34,12/8/25 16:26,119.600000,0.00,1700.00
4277772,34,12/8/25 16:26,119.600000,0.00,1670.00
4277751,34,12/8/25 16:26,119.600000,0.00,1670.00
4277730,34,12/8/25 16:26,119.600000,0.00,1670.00
4277709,34,12/8/25 16:26,119.600000,0.00,1670.00
4277688,34,12/8/25 16:26,119.600000,0.00,1670.00
4277667,34,12/8/25 16:26,119.600000,0.00,1670.00
4277646,34,12/8/25 16:25,119.600000,0.00,1670.00
4277625,34,12/8/25 16:25,119.600000,0.00,1670.00
4277604,34,12/8/25 16:25,119.600000,0.00,1670.00
4277583,34,12/8/25 16:25,119.600000,0.00,1670.00
4277562,34,12/8/25 16:25,119.600000,0.00,1670.00
4277541,34,12/8/25 16:25,119.600000,0.00,1670.00
4277520,34,12/8/25 16:25,119.600000,0.00,1660.00
4277499,34,12/8/25 16:25,119.600000,0.00,1660.00
4277478,34,12/8/25 16:25,119.600000,0.00,1660.00
4277457,34,12/8/25 16:25,119.600000,0.00,1660.00
4277436,34,12/8/25 16:25,119.600000,0.00,1660.00
4277415,34,12/8/25 16:25,119.600000,0.00,1660.00
4277394,34,12/8/25 16:24,119.600000,0.00,1660.00
4277373,34,12/8/25 16:24,119.600000,0.00,1660.00
4277352,34,12/8/25 16:24,119.600000,0.00,1660.00
4277331,34,12/8/25 16:24,119.600000,0.00,1660.00
4277310,34,12/8/25 16:24,119.600000,0.00,1660.00
4277289,34,12/8/25 16:24,119.600000,0.00,1660.00
4277268,34,12/8/25 16:24,119.600000,0.00,1660.00
4277247,34,12/8/25 16:24,119.600000,0.00,1640.00
4277226,34,12/8/25 16:24,119.600000,0.00,1640.00
4277205,34,12/8/25 16:24,119.600000,0.00,1640.00
4277184,34,12/8/25 16:24,119.600000,0.00,1640.00
4277163,34,12/8/25 16:24,119.600000,0.00,1640.00
4277142,34,12/8/25 16:23,119.600000,0.00,1640.00
4277121,34,12/8/25 16:23,119.600000,0.00,1640.00
4277100,34,12/8/25 16:23,119.600000,0.00,1640.00
4277079,34,12/8/25 16:23,119.600000,0.00,1640.00
4277058,34,12/8/25 16:23,119.600000,0.00,1640.00
4277037,34,12/8/25 16:23,119.600000,0.00,1640.00
4277016,34,12/8/25 16:23,119.600000,0.00,1640.00
4276995,34,12/8/25 16:23,119.600000,0.00,1630.00
4276974,34,12/8/25 16:23,119.600000,0.00,1630.00
4276953,34,12/8/25 16:23,119.600000,0.00,1630.00
4276932,34,12/8/25 16:23,119.600000,0.00,1630.00
4276911,34,12/8/25 16:23,119.600000,0.00,1630.00
4276890,34,12/8/25 16:22,119.600000,0.00,1630.00
4276869,34,12/8/25 16:22,119.600000,0.00,1630.00
4276848,34,12/8/25 16:22,119.600000,0.00,1630.00
4276827,34,12/8/25 16:22,119.600000,0.00,1630.00
4276806,34,12/8/25 16:22,119.600000,0.00,1630.00
4276785,34,12/8/25 16:22,119.600000,0.00,1630.00
4276764,34,12/8/25 16:22,119.600000,0.00,1630.00
4276743,34,12/8/25 16:22,119.600000,0.00,1630.00
4276722,34,12/8/25 16:22,119.600000,0.00,1600.00
4276701,34,12/8/25 16:22,119.600000,0.00,1600.00
4276680,34,12/8/25 16:22,119.600000,0.00,1600.00
4276659,34,12/8/25 16:22,119.600000,0.00,1600.00
4276638,34,12/8/25 16:21,119.600000,0.00,1600.00
4276617,34,12/8/25 16:21,119.600000,0.00,1600.00
4276596,34,12/8/25 16:21,119.600000,0.00,1600.00
4276575,34,12/8/25 16:21,119.600000,0.00,1600.00
4276554,34,12/8/25 16:21,119.600000,0.00,1600.00
4276533,34,12/8/25 16:21,119.600000,0.00,1600.00
4276512,34,12/8/25 16:21,119.600000,0.00,1600.00
4276491,34,12/8/25 16:21,119.600000,0.00,1600.00
4276470,34,12/8/25 16:21,119.600000,0.00,1590.00
4276449,34,12/8/25 16:21,119.600000,0.00,1590.00
4276428,34,12/8/25 16:21,119.600000,0.00,1590.00
4276407,34,12/8/25 16:21,119.600000,0.00,1590.00
4276386,34,12/8/25 16:20,119.600000,0.00,1590.00
4276365,34,12/8/25 16:20,119.600000,0.00,1590.00
4276344,34,12/8/25 16:20,119.600000,0.00,1590.00
4276323,34,12/8/25 16:20,119.600000,0.00,1590.00
4276302,34,12/8/25 16:20,119.600000,0.00,1590.00
4276281,34,12/8/25 16:20,119.600000,0.00,1590.00
4276260,34,12/8/25 16:20,119.600000,0.00,1590.00
4276239,34,12/8/25 16:20,119.600000,0.00,1590.00
4276218,34,12/8/25 16:20,119.600000,0.00,1590.00
4276197,34,12/8/25 16:20,119.600000,0.00,1570.00
4276176,34,12/8/25 16:20,119.600000,0.00,1570.00
4276155,34,12/8/25 16:20,119.600000,0.00,1570.00
4276134,34,12/8/25 16:19,119.600000,0.00,1570.00
4276113,34,12/8/25 16:19,119.600000,0.00,1570.00
4276092,34,12/8/25 16:19,119.600000,0.00,1570.00
4276071,34,12/8/25 16:19,119.600000,0.00,1570.00
4276050,34,12/8/25 16:19,119.600000,0.00,1570.00
4276029,34,12/8/25 16:19,119.600000,0.00,1570.00
4276008,34,12/8/25 16:19,119.600000,0.00,1570.00
4275987,34,12/8/25 16:19,119.600000,0.00,1570.00
4275966,34,12/8/25 16:19,119.600000,0.00,1570.00
4275945,34,12/8/25 16:19,119.600000,0.00,1550.00
4275924,34,12/8/25 16:19,119.600000,0.00,1550.00
4275903,34,12/8/25 16:18,119.600000,0.00,1550.00
4275882,34,12/8/25 16:18,119.600000,0.00,1550.00
4275861,34,12/8/25 16:18,119.600000,0.00,1550.00
4275840,34,12/8/25 16:18,119.600000,0.00,1550.00
4275819,34,12/8/25 16:18,119.600000,0.00,1550.00
4275798,34,12/8/25 16:18,119.600000,0.00,1550.00
4275777,34,12/8/25 16:18,119.600000,0.00,1550.00
4275756,34,12/8/25 16:18,119.600000,0.00,1550.00
4275735,34,12/8/25 16:18,119.600000,0.00,1550.00
4275714,34,12/8/25 16:18,119.600000,0.00,1550.00
4275693,34,12/8/25 16:18,119.600000,0.00,1550.00
4275672,34,12/8/25 16:18,119.600000,0.00,1530.00
4275651,34,12/8/25 16:17,119.600000,0.00,1530.00
4275630,34,12/8/25 16:17,119.600000,0.00,1530.00
4275609,34,12/8/25 16:17,119.600000,0.00,1530.00
4275588,34,12/8/25 16:17,119.600000,0.00,1530.00
4275567,34,12/8/25 16:17,119.600000,0.00,1530.00
4275546,34,12/8/25 16:17,119.600000,0.00,1530.00
4275525,34,12/8/25 16:17,119.600000,0.00,1530.00
4275504,34,12/8/25 16:17,119.600000,0.00,1530.00
4275483,34,12/8/25 16:17,119.600000,0.00,1530.00
4275462,34,12/8/25 16:17,119.600000,0.00,1530.00
4275441,34,12/8/25 16:17,119.600000,0.00,1530.00
4275420,34,12/8/25 16:17,119.600000,0.00,1520.00
4275399,34,12/8/25 16:16,119.600000,0.00,1520.00
4275378,34,12/8/25 16:16,119.600000,0.00,1520.00
4275357,34,12/8/25 16:16,119.600000,0.00,1520.00
4275336,34,12/8/25 16:16,119.600000,0.00,1520.00
4275315,34,12/8/25 16:16,119.600000,0.00,1520.00
4275294,34,12/8/25 16:16,119.600000,0.00,1520.00
4275273,34,12/8/25 16:16,119.600000,0.00,1520.00
4275252,34,12/8/25 16:16,119.600000,0.00,1520.00
4275231,34,12/8/25 16:16,119.600000,0.00,1520.00
4275210,34,12/8/25 16:16,119.600000,0.00,1520.00
4275189,34,12/8/25 16:16,119.600000,0.00,1520.00
4275168,34,12/8/25 16:16,119.600000,0.00,1520.00
4275147,34,12/8/25 16:15,119.600000,0.00,1500.00
4275126,34,12/8/25 16:15,119.600000,0.00,1500.00
4275105,34,12/8/25 16:15,119.600000,0.00,1500.00
4275084,34,12/8/25 16:15,119.600000,0.00,1500.00
4275063,34,12/8/25 16:15,119.600000,0.00,1500.00
4275042,34,12/8/25 16:15,119.600000,0.00,1500.00
4275021,34,12/8/25 16:15,119.600000,0.00,1500.00
4275000,34,12/8/25 16:15,119.600000,0.00,1500.00
4274979,34,12/8/25 16:15,119.600000,0.00,1500.00
4274958,34,12/8/25 16:15,119.600000,0.00,1500.00
4274937,34,12/8/25 16:15,119.600000,0.00,1500.00
4274916,34,12/8/25 16:15,119.600000,0.00,1500.00
4274895,34,12/8/25 16:14,119.600000,0.00,1500.00
4274874,34,12/8/25 16:14,119.600000,0.00,1480.00
4274853,34,12/8/25 16:14,119.600000,0.00,1480.00
4274832,34,12/8/25 16:14,119.600000,0.00,1480.00
4274811,34,12/8/25 16:14,119.600000,0.00,1480.00
4274790,34,12/8/25 16:14,119.600000,0.00,1480.00
4274769,34,12/8/25 16:14,119.600000,0.00,1480.00
4274748,34,12/8/25 16:14,119.600000,0.00,1480.00
4274727,34,12/8/25 16:14,119.600000,0.00,1480.00
4274706,34,12/8/25 16:14,119.600000,0.00,1480.00
4274685,34,12/8/25 16:14,119.600000,0.00,1480.00
4274664,34,12/8/25 16:14,119.600000,0.00,1480.00
4274643,34,12/8/25 16:13,119.600000,0.00,1480.00
4274622,34,12/8/25 16:13,119.600000,0.00,1460.00
4274601,34,12/8/25 16:13,119.600000,0.00,1460.00
4274580,34,12/8/25 16:13,119.600000,0.00,1460.00
4274559,34,12/8/25 16:13,119.600000,0.00,1460.00
4274538,34,12/8/25 16:13,119.600000,0.00,1460.00
4274517,34,12/8/25 16:13,119.600000,0.00,1460.00
4274496,34,12/8/25 16:13,119.600000,0.00,1460.00
4274475,34,12/8/25 16:13,119.600000,0.00,1460.00
4274454,34,12/8/25 16:13,119.600000,0.00,1460.00
4274433,34,12/8/25 16:13,119.600000,0.00,1460.00
4274412,34,12/8/25 16:13,119.600000,0.00,1460.00
4274391,34,12/8/25 16:12,119.600000,0.00,1460.00
4274370,34,12/8/25 16:12,119.600000,0.00,1460.00
4274349,34,12/8/25 16:12,119.600000,0.00,1450.00
4274328,34,12/8/25 16:12,119.600000,0.00,1450.00
4274307,34,12/8/25 16:12,119.600000,0.00,1450.00
4274286,34,12/8/25 16:12,119.600000,0.00,1450.00
4274265,34,12/8/25 16:12,119.600000,0.00,1450.00
4274244,34,12/8/25 16:12,119.600000,0.00,1450.00
4274223,34,12/8/25 16:12,119.600000,0.00,1450.00
4274202,34,12/8/25 16:12,119.600000,0.00,1450.00
4274181,34,12/8/25 16:12,119.600000,0.00,1450.00
4274160,34,12/8/25 16:12,119.600000,0.00,1450.00
4274139,34,12/8/25 16:11,119.600000,0.00,1450.00
4274118,34,12/8/25 16:11,119.600000,0.00,1450.00
4274097,34,12/8/25 16:11,119.600000,0.00,1430.00
4274076,34,12/8/25 16:11,119.600000,0.00,1430.00
4274055,34,12/8/25 16:11,119.600000,0.00,1430.00
4274034,34,12/8/25 16:11,119.600000,0.00,1430.00
4274013,34,12/8/25 16:11,119.600000,0.00,1430.00
4273992,34,12/8/25 16:11,119.600000,0.00,1430.00
4273971,34,12/8/25 16:11,119.600000,0.00,1430.00
4273950,34,12/8/25 16:11,119.600000,0.00,1430.00
4273929,34,12/8/25 16:11,119.600000,0.00,1430.00
4273908,34,12/8/25 16:11,119.600000,0.00,1430.00
4273887,34,12/8/25 16:10,119.600000,0.00,1430.00
4273866,34,12/8/25 16:10,119.600000,0.00,1430.00
4273845,34,12/8/25 16:10,119.600000,0.00,1430.00
4273824,34,12/8/25 16:10,119.600000,0.00,1410.00
4273803,34,12/8/25 16:10,119.600000,0.00,1410.00
4273782,34,12/8/25 16:10,119.600000,0.00,1410.00
4273761,34,12/8/25 16:10,119.600000,0.00,1410.00
4273740,34,12/8/25 16:10,119.600000,0.00,1410.00
4273719,34,12/8/25 16:10,119.600000,0.00,1410.00
4273698,34,12/8/25 16:10,119.600000,0.00,1410.00
4273677,34,12/8/25 16:10,119.600000,0.00,1410.00
4273656,34,12/8/25 16:10,119.600000,0.00,1410.00
4273635,34,12/8/25 16:09,119.600000,0.00,1410.00
4273614,34,12/8/25 16:09,119.600000,0.00,1410.00
4273593,34,12/8/25 16:09,119.600000,0.00,1410.00
4273572,34,12/8/25 16:09,119.600000,0.00,1390.00
4273551,34,12/8/25 16:09,119.600000,0.00,1390.00
4273530,34,12/8/25 16:09,119.600000,0.00,1390.00
4273509,34,12/8/25 16:09,119.600000,0.00,1390.00
4273488,34,12/8/25 16:09,119.600000,0.00,1390.00
4273467,34,12/8/25 16:09,119.600000,0.00,1390.00
4273446,34,12/8/25 16:09,119.600000,0.00,1390.00
4273425,34,12/8/25 16:09,119.600000,0.00,1390.00
4273404,34,12/8/25 16:09,119.600000,0.00,1390.00
4273383,34,12/8/25 16:08,119.600000,0.00,1390.00
4273362,34,12/8/25 16:08,119.600000,0.00,1390.00
4273341,34,12/8/25 16:08,119.600000,0.00,1390.00
4273320,34,12/8/25 16:08,119.600000,0.00,1390.00
4273299,34,12/8/25 16:08,119.600000,0.00,1380.00
4273278,34,12/8/25 16:08,119.600000,0.00,1380.00
4273257,34,12/8/25 16:08,119.600000,0.00,1380.00
4273236,34,12/8/25 16:08,119.600000,0.00,1380.00
4273215,34,12/8/25 16:08,119.600000,0.00,1380.00
4273194,34,12/8/25 16:08,119.600000,0.00,1380.00
4273173,34,12/8/25 16:08,119.600000,0.00,1380.00
4273152,34,12/8/25 16:07,119.600000,0.00,1380.00
4273131,34,12/8/25 16:07,119.600000,0.00,1380.00
4273110,34,12/8/25 16:07,119.600000,0.00,1380.00
4273089,34,12/8/25 16:07,119.600000,0.00,1380.00
4273068,34,12/8/25 16:07,119.600000,0.00,1380.00
4273047,34,12/8/25 16:07,119.600000,0.00,1360.00
4273026,34,12/8/25 16:07,119.600000,0.00,1360.00
4273005,34,12/8/25 16:07,119.600000,0.00,1360.00
4272984,34,12/8/25 16:07,119.600000,0.00,1360.00
4272963,34,12/8/25 16:07,119.600000,0.00,1360.00
4272942,34,12/8/25 16:07,119.600000,0.00,1360.00
4272921,34,12/8/25 16:07,119.600000,0.00,1360.00
4272900,34,12/8/25 16:07,119.600000,0.00,1360.00
4272879,34,12/8/25 16:06,119.600000,0.00,1360.00
4272858,34,12/8/25 16:06,119.600000,0.00,1360.00
4272837,34,12/8/25 16:06,119.600000,0.00,1360.00
4272816,34,12/8/25 16:06,119.600000,0.00,1360.00
4272795,34,12/8/25 16:06,119.600000,0.00,1360.00
4272774,34,12/8/25 16:06,119.600000,0.00,1340.00
4272753,34,12/8/25 16:06,119.600000,0.00,1340.00
4272732,34,12/8/25 16:06,119.600000,0.00,1340.00
4272711,34,12/8/25 16:06,119.600000,0.00,1340.00
4272690,34,12/8/25 16:06,119.600000,0.00,1340.00
4272669,34,12/8/25 16:06,119.600000,0.00,1340.00
4272648,34,12/8/25 16:05,119.600000,0.00,1340.00
4272627,34,12/8/25 16:05,119.600000,0.00,1340.00
4272606,34,12/8/25 16:05,119.600000,0.00,1340.00
4272585,34,12/8/25 16:05,119.600000,0.00,1340.00
4272564,34,12/8/25 16:05,119.600000,0.00,1340.00
4272543,34,12/8/25 16:05,119.600000,0.00,1340.00
4272522,34,12/8/25 16:05,119.600000,0.00,1320.00
4272501,34,12/8/25 16:05,119.600000,0.00,1320.00
4272480,34,12/8/25 16:05,119.600000,0.00,1320.00
4272459,34,12/8/25 16:05,119.600000,0.00,1320.00
4272438,34,12/8/25 16:05,119.600000,0.00,1320.00
4272417,34,12/8/25 16:05,119.600000,0.00,1320.00
4272396,34,12/8/25 16:04,119.600000,0.00,1320.00
4272375,34,12/8/25 16:04,119.600000,0.00,1320.00
4272354,34,12/8/25 16:04,119.600000,0.00,1320.00
4272333,34,12/8/25 16:04,119.600000,0.00,1320.00
4272312,34,12/8/25 16:04,119.600000,0.00,1320.00
4272291,34,12/8/25 16:04,119.600000,0.00,1320.00
4272270,34,12/8/25 16:04,119.600000,0.00,1320.00
4272249,34,12/8/25 16:04,119.600000,0.00,1300.00
4272228,34,12/8/25 16:04,119.600000,0.00,1300.00
4272207,34,12/8/25 16:04,119.600000,0.00,1300.00

